date,pm10,no2,temperature,id
01 January 1987,63.33052572,41.21404366,29.5,1
02 January 1987,15.07634069,30.56186975,34,2
03 January 1987,15.53400958,28.71404366,37,3
04 January 1987,17.15268139,10.38071033,42.5,4
05 January 1987,7.83052572,27.08360888,35,5
06 January 1987,23.15268139,43.29737699,29.5,6
07 January 1987,39.33052572,40.99665236,25.5,7
08 January 1987,40.57634069,30.99665236,22,8
09 January 1987,34.15268139,41.63071033,20,9
10 January 1987,56.15268139,40.79737699,17.5,10
11 January 1987,78.33052572,49.54737699,20.5,11
12 January 1987,92.15268139,68.3879567,19.5,12
13 January 1987,61.83052572,56.21404366,23.5,13
14 January 1987,31.07634069,40.56186975,22.5,14
15 January 1987,23.33052572,19.25752192,21,15
16 January 1987,25.15268139,24.54737699,17.5,16
17 January 1987,46.50837004,40.38071033,14,17
18 January 1987,53.15268139,41.63071033,19.5,18
19 January 1987,25.83052572,38.29737699,23.5,19
20 January 1987,47.15268139,46.63071033,16,20
21 January 1987,75.27982456,58.71404366,17.5,21
22 January 1987,62.15268139,65.79737699,19.5,22
23 January 1987,85.33052572,66.80227896,22.5,23
24 January 1987,46.15268139,45.38071033,30,24
25 January 1987,25.33052572,33.71404366,39,25
26 January 1987,47.57634069,48.43626588,37.5,26
27 January 1987,62.50837004,67.46404366,34,27
28 January 1987,NA,22.04737699,39,28
29 January 1987,46.33052572,55.79737699,29,29
30 January 1987,65.15268139,55.79737699,36,30
31 January 1987,67.33052572,46.63071033,35.5,31
01 February 1987,50.07634069,32.04737699,42.5,32
02 February 1987,58.55964912,45.79737699,40.5,33
03 February 1987,34.15268139,36.21404366,39.5,34
04 February 1987,13.33052572,23.71404366,36.5,35
05 February 1987,33.15268139,41.86621757,35,36
06 February 1987,67.33052572,57.04737699,36,37
07 February 1987,78.15268139,67.88071033,33.5,38
08 February 1987,92.15268139,70.79737699,35,39
09 February 1987,107.1526814,85.77926105,34.5,40
10 February 1987,107.8305257,64.96404366,44,41
11 February 1987,46.15268139,45.79737699,44.5,42
12 February 1987,48.83052572,42.30100018,40,43
13 February 1987,13.15268139,27.88071033,42,44
14 February 1987,13.15268139,27.04737699,34.5,45
15 February 1987,16.15268139,25.38071033,33.5,46
16 February 1987,6.33052572,23.29737699,36.5,47
17 February 1987,12.15268139,26.21404366,36.5,48
18 February 1987,18.83052572,25.34447844,36,49
19 February 1987,60.57634069,19.69230453,33,50
20 February 1987,21.15268139,27.46404366,33,51
21 February 1987,NA,32.88071033,33,52
22 February 1987,27.83052572,31.21404366,34.5,53
23 February 1987,21.15268139,18.82273931,36.5,54
24 February 1987,12.33052572,18.297377,37,55
25 February 1987,17.15268139,25.77926105,30,56
26 February 1987,27.55964912,36.21404366,31,57
27 February 1987,23.15268139,20.49975795,29.5,58
28 February 1987,22.33052572,27.88071033,35,59
01 March 1987,41.57634069,29.96404366,31,60
02 March 1987,27.83052572,36.64882627,45.5,61
03 March 1987,38.15268139,39.96404366,47,62
04 March 1987,29.15268139,32.30100018,52.5,63
05 March 1987,23.15268139,25.34447844,58,64
06 March 1987,24.15268139,29.13071033,56,65
07 March 1987,28.15268139,32.46404366,47,66
08 March 1987,31.15268139,27.04737699,48,67
09 March 1987,19.57634069,20.99665236,45.5,68
10 March 1987,19.85616526,30.38071033,43.5,69
11 March 1987,NA,24.04013062,43.5,70
12 March 1987,NA,27.9531741,49.5,71
13 March 1987,26.15268139,20.79737699,49,72
14 March 1987,16.15268139,24.96404366,42.5,73
15 March 1987,15.15268139,13.71404366,43,74
16 March 1987,15.15268139,25.30495275,42,75
17 March 1987,11.57634069,16.63071033,45.5,76
18 March 1987,8.83052572,21.43143497,44,77
19 March 1987,14.15268139,17.9531741,36,78
20 March 1987,15.83052572,17.88071033,36,79
21 March 1987,20.57634069,18.297377,34,80
22 March 1987,23.50837004,21.21404366,36,81
23 March 1987,21.15268139,20.99665236,41.5,82
24 March 1987,33.33052572,27.04737699,38.5,83
25 March 1987,28.15268139,27.51839149,40,84
26 March 1987,66.83052572,24.90969584,40.5,85
27 March 1987,57.15268139,12.88071033,38,86
28 March 1987,6.53400958,19.13071033,35,87
29 March 1987,38.65268139,10.38071033,29.5,88
30 March 1987,25.83052572,31.43143497,35,89
31 March 1987,31.15268139,35.38071033,43.5,90
01 April 1987,51.33052572,34.54737699,49.5,91
02 April 1987,NA,23.60534801,50,92
03 April 1987,34.65268139,19.96404366,57.5,93
04 April 1987,24.57634069,20.79737699,53,94
05 April 1987,15.83052572,10.797377,54.5,95
06 April 1987,16.15268139,23.60534801,52,96
07 April 1987,21.33052572,25.79737699,52.5,97
08 April 1987,29.57634069,36.21404366,52.5,98
09 April 1987,16.55964912,18.21404366,48,99
10 April 1987,27.15268139,28.71404366,51,100
11 April 1987,55.33052572,12.88071033,51,101
12 April 1987,41.15268139,6.630710326,41.5,102
13 April 1987,22.33052572,25.34447844,43.5,103
14 April 1987,39.15268139,42.04737699,53,104
15 April 1987,45.55964912,35.38071033,61,105
16 April 1987,39.15268139,33.71404366,61,106
17 April 1987,46.83052572,23.71404366,69,107
18 April 1987,239.1526814,4.964043656,62.5,108
19 April 1987,3.50837004,9.547376996,37,109
20 April 1987,20.15268139,24.54737699,43.5,110
21 April 1987,32,38.29737699,50,111
22 April 1987,35.15268139,40.97594842,57,112
23 April 1987,36.83052572,40.49975795,64,113
24 April 1987,36.15268139,31.66858912,66.5,114
25 April 1987,28.33052572,27.04737699,67,115
26 April 1987,27.15268139,12.88071033,68,116
27 April 1987,30.07634069,11.43143497,69,117
28 April 1987,25.15268139,22.04737699,70.5,118
29 April 1987,39.83052572,17.047377,71,119
30 April 1987,32.15268139,18.297377,64.5,120
01 May 1987,32.33052572,16.63071033,57.5,121
02 May 1987,NA,15.38071033,51,122
03 May 1987,7.27982456,16.63071033,50.5,123
04 May 1987,53.15268139,27.08360888,56,124
05 May 1987,35.83052572,26.63071033,60.5,125
06 May 1987,38.15268139,14.547377,68,126
07 May 1987,34.33052572,34.90969583,67,127
08 May 1987,26.83052572,21.63071033,71,128
09 May 1987,23,23.29737699,70.5,129
10 May 1987,25.15268139,16.21404366,68.5,130
11 May 1987,24.33052572,21.21404366,67,131
12 May 1987,38.15268139,16.63071033,70,132
13 May 1987,23.83052572,17.46404366,69.5,133
14 May 1987,NA,24.04013062,71,134
15 May 1987,25.25418502,15.797377,74.5,135
16 May 1987,30.15268139,7.464043656,73,136
17 May 1987,2.50837004,7.047376996,66,137
18 May 1987,NA,14.547377,63,138
19 May 1987,14.83052572,20.79737699,61,139
20 May 1987,NA,20.79737699,57,140
21 May 1987,15.27982456,20.99665236,55,141
22 May 1987,NA,19.54737699,56,142
23 May 1987,19.83052572,7.464043656,59.5,143
24 May 1987,15.15268139,9.130710326,59.5,144
25 May 1987,14.33052572,3.605348006,56.5,145
26 May 1987,20.15268139,12.047377,55,146
27 May 1987,15.27982456,12.46404366,58,147
28 May 1987,14.15268139,17.08360888,58,148
29 May 1987,15.83052572,25.79737699,59,149
30 May 1987,18.15268139,18.71404366,64,150
31 May 1987,47.33052572,5.380710326,70.5,151
01 June 1987,18.15268139,15.797377,56.5,152
02 June 1987,22.83052572,24.96404366,59,153
03 June 1987,30.15268139,36.64882627,62.5,154
04 June 1987,40.15268139,37.51839149,69.5,155
05 June 1987,38.15268139,19.13071033,78.5,156
06 June 1987,20.83052572,16.63071033,72.5,157
07 June 1987,17.15268139,11.63071033,70,158
08 June 1987,21,21.86621757,70,159
09 June 1987,16.15268139,17.047377,68,160
10 June 1987,20.50837004,20.12708714,68,161
11 June 1987,27.15268139,30.12708714,71,162
12 June 1987,31.83052572,30.38071033,76,163
13 June 1987,26.15268139,32.88071033,76,164
14 June 1987,28.60616526,19.13071033,79.5,165
15 June 1987,NA,15.797377,83,166
16 June 1987,44.83052572,16.63071033,67,167
17 June 1987,27.15268139,15.38071033,74.5,168
18 June 1987,74.15268139,23.60534801,71,169
19 June 1987,21.15268139,20.79737699,69,170
20 June 1987,27,27.46404366,71.5,171
21 June 1987,83.15268139,14.96404366,76.5,172
22 June 1987,260.3305257,14.47491323,64,173
23 June 1987,36.15268139,30.79737699,68,174
24 June 1987,23.83052572,23.1705654,74.5,175
25 June 1987,30.15268139,24.96404366,72,176
26 June 1987,34.27982456,38.71404366,74,177
27 June 1987,26.15268139,28.29737699,77,178
28 June 1987,37.33052572,12.047377,78,179
29 June 1987,34.15268139,9.257521926,76,180
30 June 1987,23.50837004,15.38071033,75,181
01 July 1987,29.15268139,27.88071033,77.5,182
02 July 1987,36.55964912,27.51839149,78,183
03 July 1987,28.15268139,19.13071033,75.5,184
04 July 1987,33.93903509,13.68810953,77.5,185
05 July 1987,NA,15.73060609,78,186
06 July 1987,24.8217655,19.55241201,72,187
07 July 1987,28.69597934,26.50379983,70.5,188
08 July 1987,59.00976655,34.69783868,77,189
09 July 1987,33.59849506,23.87852933,78.5,190
10 July 1987,39.92844074,19.49257374,69,191
11 July 1987,22.40548886,11.84066297,66.5,192
12 July 1987,11.3470696,12.68330728,69.5,193
13 July 1987,21.83715184,26.51166862,72,194
14 July 1987,35.76453165,32.63136311,75,195
15 July 1987,33.1484726,27.85573765,80,196
16 July 1987,52.8978946,16.96916976,80,197
17 July 1987,49.321498,6.489097303,77.5,198
18 July 1987,44.34501348,8.55613641,66.5,199
19 July 1987,27.38274932,13.98793343,67.5,200
20 July 1987,48.54151404,16.09221648,72.5,201
21 July 1987,NA,20.8911194,67.5,202
22 July 1987,27.52726453,18.2878636,69.5,203
23 July 1987,30.88941784,32.04960813,72,204
24 July 1987,28.88863227,26.99072672,79,205
25 July 1987,27.00850609,16.18789372,80,206
26 July 1987,23.03374268,6.621436544,84,207
27 July 1987,23.98848018,16.17638149,80.5,208
28 July 1987,24.38290794,14.88293022,78.5,209
29 July 1987,28.28511615,9.863144374,79,210
30 July 1987,29.33816497,13.81527038,80,211
31 July 1987,25.72079964,17.26151707,84,212
01 August 1987,31.00945645,21.86521818,82,213
02 August 1987,34.89871564,23.97648448,78.5,214
03 August 1987,37.66618182,31.03770422,76,215
04 August 1987,35.44594207,33.8690286,77.5,216
05 August 1987,42.97843806,32.11653893,82,217
06 August 1987,45.06216094,19.01431036,82,218
07 August 1987,27.44543651,18.10406018,75.5,219
08 August 1987,29.88928571,28.41734453,73.5,220
09 August 1987,27.15565242,17.59274025,78.5,221
10 August 1987,34.62261905,20.00759578,82.5,222
11 August 1987,36.54107193,23.0488774,79,223
12 August 1987,NA,21.23462653,77,224
13 August 1987,37.62234157,13.42070964,77.5,225
14 August 1987,18.92046784,16.45750828,67.5,226
15 August 1987,21.31505807,12.27272567,65.5,227
16 August 1987,NA,18.52447148,68.5,228
17 August 1987,16.67849336,22.53290197,68,229
18 August 1987,NA,36.01619786,70,230
19 August 1987,37.13911943,36.87604727,76,231
20 August 1987,43.51074632,20.54707869,80,232
21 August 1987,22.60836968,20.76232166,75,233
22 August 1987,25.85507764,26.80431724,73,234
23 August 1987,12.73536976,12.64172414,77,235
24 August 1987,15.07387749,15.06627018,72.5,236
25 August 1987,16.35087719,17.67798132,68.5,237
26 August 1987,25.80874156,23.28084242,68,238
27 August 1987,29.10560054,31.6767213,68.5,239
28 August 1987,48.92611336,NA,73.5,240
29 August 1987,28.57674358,NA,75,241
30 August 1987,30.03863042,NA,74,242
31 August 1987,45.22070804,NA,74.5,243
01 September 1987,42.18986167,NA,75,244
02 September 1987,48.60415355,NA,77.5,245
03 September 1987,33.24007937,NA,71.5,246
04 September 1987,24.31895821,19.9800361,66.5,247
05 September 1987,26.4964109,30.39262921,64,248
06 September 1987,37.69467098,22.07442623,68.5,249
07 September 1987,42.46491099,21.25500877,70,250
08 September 1987,41.72370767,28.33044801,71.5,251
09 September 1987,35.72370767,28.4350701,71,252
10 September 1987,38.38461539,36.27208735,71.5,253
11 September 1987,52.35072981,41.26047392,68.5,254
12 September 1987,41.8704797,31.67946833,70.5,255
13 September 1987,34.4214382,12.52137891,71.5,256
14 September 1987,25.43769968,20.61682664,65,257
15 September 1987,44.90865865,27.50718011,68.5,258
16 September 1987,34.59578959,17.57731613,60,259
17 September 1987,37.02502157,28.85015504,57,260
18 September 1987,41.86417169,37.04075593,61,261
19 September 1987,39.45498453,28.38333951,65,262
20 September 1987,48.75613738,27.84236121,65.5,263
21 September 1987,66.21656659,44.44309543,64.5,264
22 September 1987,42.72831833,44.48548508,68,265
23 September 1987,53.16744276,46.16683634,69,266
24 September 1987,51.25233808,45.7292738,69.5,267
25 September 1987,48.90469459,37.8060846,71.5,268
26 September 1987,50.81138542,23.61562452,68.5,269
27 September 1987,23.95361899,16.10067426,55.5,270
28 September 1987,32.08072276,36.5259283,53.5,271
29 September 1987,40.02209033,42.32564557,58,272
30 September 1987,53,50.25066681,62,273
01 October 1987,63.67719868,50.45713407,62,274
02 October 1987,56.18075647,51.49914207,63,275
03 October 1987,54.29339854,46.90171758,65,276
04 October 1987,40.20548341,32.30543234,65.5,277
05 October 1987,44.42063821,32.56755343,60.5,278
06 October 1987,45.09437229,41.68898143,59,279
07 October 1987,78.31996753,50.59620747,64,280
08 October 1987,56.68306878,45.60581051,63.5,281
09 October 1987,64.06812419,41.00535165,63,282
10 October 1987,47.26204906,34.75379553,58,283
11 October 1987,54.43861548,36.81186084,56.5,284
12 October 1987,58.19326599,40.94372333,61,285
13 October 1987,11.1194416,15.5202262,55,286
14 October 1987,12.06960651,14.23423762,53,287
15 October 1987,25.30370208,25.54695494,53,288
16 October 1987,35.13541384,39.03110326,50,289
17 October 1987,35.58781338,33.04352183,54,290
18 October 1987,22.13156659,24.67214121,56,291
19 October 1987,37.48804915,31.30755682,49.5,292
20 October 1987,42.71731326,42.13252371,50,293
21 October 1987,74.65318627,44.3021875,51,294
22 October 1987,55.03306343,39.94012924,53.5,295
23 October 1987,46.4034077,32.59541116,53,296
24 October 1987,19.82265943,21.34815062,53.5,297
25 October 1987,23.58170285,19.26035322,55,298
26 October 1987,42.37872054,32.87496071,53.5,299
27 October 1987,59.03171325,37.12117953,51,300
28 October 1987,64.54580197,51.69192988,54,301
29 October 1987,54.25670636,31.78499223,57.5,302
30 October 1987,19.75692709,24.98596869,51,303
31 October 1987,21.73323845,22.464475,53,304
01 November 1987,7.941818184,11.60751384,58,305
02 November 1987,15.39767505,18.37921602,56,306
03 November 1987,29.06256685,28.80888781,53,307
04 November 1987,44.42158657,31.41170919,49.5,308
05 November 1987,38.81134916,35.29928806,49.5,309
06 November 1987,11.43001158,15.3067138,51.5,310
07 November 1987,17.24031621,22.37589424,45,311
08 November 1987,31.3244452,20.69770549,46,312
09 November 1987,42.08063241,29.17087265,49,313
10 November 1987,18.12773387,21.90935716,44.5,314
11 November 1987,32.90123439,31.88655531,43,315
12 November 1987,54.88603471,41.10740639,45,316
13 November 1987,36.99555265,33.10418937,47,317
14 November 1987,3.233280041,12.66292005,40,318
15 November 1987,10.45989875,13.45755082,33.5,319
16 November 1987,22.52818205,26.38890391,34.5,320
17 November 1987,17.78227513,20.89058718,33,321
18 November 1987,45.55202288,42.43162893,33,322
19 November 1987,75.25372347,51.6899472,35,323
20 November 1987,95.01416848,60.42312611,35.5,324
21 November 1987,75.86209614,42.48705037,38,325
22 November 1987,45.17958424,36.19681772,34.5,326
23 November 1987,39.53538543,31.86569398,35,327
24 November 1987,35.04100583,33.61174065,34,328
25 November 1987,19.53383156,29.64061372,36,329
26 November 1987,14.41509809,15.72397829,36,330
27 November 1987,40.09246309,33.1856537,32,331
28 November 1987,62.07596551,40.70433186,31.5,332
29 November 1987,55.11812866,31.56352726,33,333
30 November 1987,73.46976368,40.97638333,33,334
01 December 1987,89.32950192,47.38799003,35.5,335
02 December 1987,32.81346954,36.20311372,45,336
03 December 1987,46.03919871,37.52329738,45,337
04 December 1987,53.48671179,38.42269768,42,338
05 December 1987,34.47785125,27.46670692,48,339
06 December 1987,20.91105609,16.23610347,49,340
07 December 1987,21.76169103,25.42572741,40.5,341
08 December 1987,24.1811188,30.41663821,33,342
09 December 1987,29.63640058,35.00290757,38,343
10 December 1987,15.02468644,26.65158323,48,344
11 December 1987,13.5265438,18.75315745,33,345
12 December 1987,11,12.10516894,26.5,346
13 December 1987,6.86666667,9.642525267,27,347
14 December 1987,26.35320545,17.24188184,20.5,348
15 December 1987,37.22034327,32.87753276,23,349
16 December 1987,39.74527589,28.93897079,31,350
17 December 1987,37.69573133,38.92675815,36.5,351
18 December 1987,67.74598183,45.03095605,30.5,352
19 December 1987,55.64814815,37.94762271,30,353
20 December 1987,31.93061711,25.46851852,28,354
21 December 1987,29.70977332,34.62315994,36,355
22 December 1987,13.65960609,27.55494405,34.5,356
23 December 1987,13.81369883,18.54860347,26.5,357
24 December 1987,20.07023061,17.68600353,17,358
25 December 1987,32.30727463,28.81653201,12,359
26 December 1987,55.14150943,40.52271017,12.5,360
27 December 1987,59.85158312,44.72529638,15.5,361
28 December 1987,84.85235623,59.48260522,18.5,362
29 December 1987,72.01991614,58.03011272,18,363
30 December 1987,43.34494926,41.63734036,27,364
31 December 1987,44.97329131,44.2467544,23.5,365
01 January 1988,56.54373395,40.52302251,18,366
02 January 1988,83.97429337,48.02302251,13,367
03 January 1988,96.46456329,56.85338858,12,368
04 January 1988,111.9728548,61.65970417,22,369
05 January 1988,53.91834486,43.84823491,27,370
06 January 1988,36.66931217,33.50465954,28.5,371
07 January 1988,53.93597138,46.43980844,25.5,372
08 January 1988,74.17538126,57.25440114,26.5,373
09 January 1988,29.88851082,45.58173747,29,374
10 January 1988,31.47792023,33.07599035,38,375
11 January 1988,10.80596828,19.49915377,36.5,376
12 January 1988,24.18862348,29.74693896,25,377
13 January 1988,39.38816574,50.16735376,24,378
14 January 1988,61.33982684,51.70071208,28.5,379
15 January 1988,31.79552672,37.65748369,32,380
16 January 1988,27.66025641,35.1258745,22.5,381
17 January 1988,17.81997648,28.45058714,28,382
18 January 1988,23.80128205,25.51908414,27,383
19 January 1988,20.35178527,25.51046345,17,384
20 January 1988,65.55146011,41.60654041,15,385
21 January 1988,43.21370729,38.52633052,22,386
22 January 1988,89.88390313,52.54326523,21.5,387
23 January 1988,49.11355891,43.79973075,27.5,388
24 January 1988,30.94729345,32.13881121,23.5,389
25 January 1988,59.55784317,52.85570276,24,390
26 January 1988,146.3556155,78.35792041,25,391
27 January 1988,98.66282732,80.43684969,24.5,392
28 January 1988,115.731093,74.99816279,21.5,393
29 January 1988,97.67618049,73.15028748,28,394
30 January 1988,37.19800981,39.94260723,33.5,395
31 January 1988,12.24624292,25.36933137,29.5,396
01 February 1988,37.83645846,46.62651528,24.5,397
02 February 1988,36.54947459,40.82622792,22.5,398
03 February 1988,44.73086839,44.58509848,24,399
04 February 1988,106.4595138,64.59934136,23,400
05 February 1988,135.3185996,69.7939628,22.5,401
06 February 1988,109.8495304,65.0172574,21,402
07 February 1988,126.8731129,60.45906775,28,403
08 February 1988,142.3931976,76.31963746,30.5,404
09 February 1988,79.94111324,49.5711935,37.5,405
10 February 1988,14.88079461,26.70903084,35,406
11 February 1988,35.88557393,35.83624848,37.5,407
12 February 1988,62.82352048,45.82169325,38.5,408
13 February 1988,27.72600998,26.61954433,35.5,409
14 February 1988,18.97338601,24.52687192,34,410
15 February 1988,51.11315858,33.6375041,40.5,411
16 February 1988,8.819397995,18.40908706,32,412
17 February 1988,27.35354217,31.88591115,29.5,413
18 February 1988,24.0495356,27.5403027,34,414
19 February 1988,30.14197531,34.05294979,32.5,415
20 February 1988,33.4867189,32.38375313,36.5,416
21 February 1988,50.07888112,28.65817842,38.5,417
22 February 1988,40.47492994,29.65955273,42,418
23 February 1988,51.17207792,43.58658354,40,419
24 February 1988,70.72584828,52.1686675,40.5,420
25 February 1988,82.00114885,57.36000932,40,421
26 February 1988,85.26750237,55.98694586,41.5,422
27 February 1988,75.39735265,50.9981075,43,423
28 February 1988,30.74076923,21.83967215,54,424
29 February 1988,32.171998,26.47616132,50.5,425
01 March 1988,20.60813591,26.90569321,46,426
02 March 1988,24.09178858,26.38970063,44,427
03 March 1988,29.04716465,25.57506832,42,428
04 March 1988,24.01482004,24.23686914,42.5,429
05 March 1988,25.26711362,30.48955298,45.5,430
06 March 1988,17.71528471,20.09322863,41.5,431
07 March 1988,41.87821551,15.52810273,35,432
08 March 1988,28.05686645,25.05894863,37,433
09 March 1988,24.35441246,31.69347017,40.5,434
10 March 1988,14,14.59769357,33.5,435
11 March 1988,18.32133616,21.66983405,34,436
12 March 1988,18.11683042,17.54455347,31.5,437
13 March 1988,15.30107674,17.27656562,30.5,438
14 March 1988,40.75142594,26.84495483,36,439
15 March 1988,12.66598981,19.24489017,38.5,440
16 March 1988,23.2755234,16.74403622,37,441
17 March 1988,28.71508833,42.41194721,34.5,442
18 March 1988,35.22124675,NA,38.5,443
19 March 1988,32.90180628,NA,46,444
20 March 1988,24.10582389,NA,55.5,445
21 March 1988,35.15027897,NA,58,446
22 March 1988,12.23151103,NA,46.5,447
23 March 1988,76.32038366,NA,49.5,448
24 March 1988,8.393463899,NA,41.5,449
25 March 1988,28.66880521,NA,52.5,450
26 March 1988,29.37413403,NA,53.5,451
27 March 1988,307.6561538,NA,45.5,452
28 March 1988,30.64384616,NA,35,453
29 March 1988,16.40621014,NA,35.5,454
30 March 1988,18.96957915,NA,37.5,455
31 March 1988,35.76440148,NA,43.5,456
01 April 1988,27.82838749,NA,41,457
02 April 1988,27.39216372,NA,48.5,458
03 April 1988,26,NA,55.5,459
04 April 1988,34.40115535,NA,49,460
05 April 1988,27.89891161,NA,45.5,461
06 April 1988,55.95307427,NA,55.5,462
07 April 1988,195.0879513,NA,62,463
08 April 1988,53.96028122,NA,39.5,464
09 April 1988,28.4100381,NA,39,465
10 April 1988,40.06814177,NA,43.5,466
11 April 1988,79.62048845,NA,52.5,467
12 April 1988,90.54437327,NA,60,468
13 April 1988,57.11406324,NA,65,469
14 April 1988,31.13532327,NA,60,470
15 April 1988,26.089311,NA,58,471
16 April 1988,31.56655498,NA,58,472
17 April 1988,19.6110807,NA,60.5,473
18 April 1988,4.534043061,NA,50.5,474
19 April 1988,10.89952336,NA,53.5,475
20 April 1988,14.40593848,NA,56.5,476
21 April 1988,7.447107124,NA,48,477
22 April 1988,7.000000004,NA,44.5,478
23 April 1988,12.37470505,NA,48.5,479
24 April 1988,10.28275626,NA,50,480
25 April 1988,6.464389628,NA,43,481
26 April 1988,NA,NA,44,482
27 April 1988,34.54847829,NA,57,483
28 April 1988,25.50860099,NA,61,484
29 April 1988,32.47084124,NA,60.5,485
30 April 1988,51.04292683,NA,50.5,486
01 May 1988,29.35087346,NA,40,487
02 May 1988,19.8752439,NA,42,488
03 May 1988,26.13877108,NA,49.5,489
04 May 1988,35.03528018,NA,59.5,490
05 May 1988,45.43055215,NA,64,491
06 May 1988,21.07642206,NA,46.5,492
07 May 1988,15.36279193,NA,49,493
08 May 1988,9.82312281,NA,50,494
09 May 1988,19.57816514,NA,55,495
10 May 1988,16.22972477,NA,56,496
11 May 1988,39.22972477,NA,60.5,497
12 May 1988,50.56119461,NA,64.5,498
13 May 1988,50.09816514,NA,67.5,499
14 May 1988,24.83917905,NA,56.5,500
15 May 1988,22.24117647,NA,65.5,501
16 May 1988,57.83860161,NA,75.5,502
17 May 1988,24.54545455,NA,62.5,503
18 May 1988,15.43893154,NA,56.5,504
19 May 1988,20.35333333,NA,53.5,505
20 May 1988,30.8375007,NA,56,506
21 May 1988,22.80848485,NA,60,507
22 May 1988,30.15611343,NA,64,508
23 May 1988,38.72,NA,71,509
24 May 1988,41.62077922,NA,73.5,510
25 May 1988,37.47236842,13.25544367,73,511
26 May 1988,29.66693078,13.60793692,77,512
27 May 1988,45.10994817,17.33328082,71,513
28 May 1988,35.21556101,14.02537121,68.5,514
29 May 1988,25.87553517,2.80785708,58.5,515
30 May 1988,5.404127589,8.772362124,46,516
31 May 1988,16.32,15.73379666,52.5,517
01 June 1988,21.49452043,17.80865541,61.5,518
02 June 1988,33.99483444,26.51213736,67,519
03 June 1988,29.08666667,19.19028769,74,520
04 June 1988,41.837737,5.113555935,81.5,521
05 June 1988,43.19664233,4.197595484,78.5,522
06 June 1988,35.8169419,7.549628149,76,523
07 June 1988,40.88305607,15.30042647,71,524
08 June 1988,33.84508846,14.01066352,65.5,525
09 June 1988,53.82630964,29.22099268,68.5,526
10 June 1988,34.82,18.16412705,75.5,527
11 June 1988,37.8643333,18.09703665,72.5,528
12 June 1988,19.6195092,9.723449078,69.5,529
13 June 1988,29.29934198,12.48950779,64,530
14 June 1988,31.99204819,23.77021277,69,531
15 June 1988,50.16967563,29.81584038,74,532
16 June 1988,39.04858859,20.87556158,82.5,533
17 June 1988,53.67590668,12.00513662,81,534
18 June 1988,38.91547881,19.18304131,76.5,535
19 June 1988,32.81960305,13.70260039,79.5,536
20 June 1988,26,9.743100271,83,537
21 June 1988,58.70952792,14.53971044,82,538
22 June 1988,41.7593435,20.1989465,81,539
23 June 1988,40.85340443,17.46297868,84,540
24 June 1988,46.16,29.53660924,85.5,541
25 June 1988,38.64390153,14.13366769,87.5,542
26 June 1988,22.2251406,5.85188804,79.5,543
27 June 1988,39.81800474,14.64466008,81,544
28 June 1988,33.64025974,20.08846996,81,545
29 June 1988,38.49602706,12.5905886,73.5,546
30 June 1988,43.44382979,25.90672714,68.5,547
01 July 1988,48.37206453,31.71881263,76,548
02 July 1988,33.63615385,17.51330415,84.5,549
03 July 1988,47.91052607,7.524038609,85.5,550
04 July 1988,26.45741935,0.475008888,82,551
05 July 1988,49.35772784,9.640941988,84.5,552
06 July 1988,29.05126935,14.17227642,79,553
07 July 1988,42.92975948,22.47757304,74,554
08 July 1988,42,33.30479301,77.5,555
09 July 1988,57.06650456,21.62413715,78.5,556
10 July 1988,24.34616822,13.87432445,80.5,557
11 July 1988,45.79160924,16.01680786,86.5,558
12 July 1988,39.48491571,18.03898692,79,559
13 July 1988,51.8257377,29.05215712,81,560
14 July 1988,33.55323869,19.70941578,88,561
15 July 1988,49.34167036,28.03445263,85,562
16 July 1988,41.68716726,23.44319741,80,563
17 July 1988,29.85330773,12.18789159,80,564
18 July 1988,39.0236436,21.1614853,75,565
19 July 1988,48.94000036,19.54384221,75,566
20 July 1988,45.80298034,24.42145521,78.5,567
21 July 1988,58.99863148,37.81627835,80,568
22 July 1988,54.44854538,32.91802546,82.5,569
23 July 1988,42.46283359,21.2115682,85,570
24 July 1988,25.61553042,10.74384221,84.5,571
25 July 1988,50.12626282,19.49614062,86,572
26 July 1988,49.74865736,17.02409444,83,573
27 July 1988,38.91969823,15.47406374,79.5,574
28 July 1988,25.45260472,20.73043809,77,575
29 July 1988,36.95310496,29.21971591,79.5,576
30 July 1988,36.07339159,30.50539622,82.5,577
31 July 1988,31.4676854,14.22319284,85.5,578
01 August 1988,29.28771998,17.88915328,83,579
02 August 1988,49.62135625,9.907823028,80.5,580
03 August 1988,17.58352804,16.30299313,74.5,581
04 August 1988,39.90953539,21.9803697,73,582
05 August 1988,32.66796066,30.46569272,76,583
06 August 1988,17.79554395,13.06334686,74.5,584
07 August 1988,20.06253058,12.32252765,70.5,585
08 August 1988,26.2666127,31.82218989,67.5,586
09 August 1988,37.81113707,34.45092976,72.5,587
10 August 1988,43.28710431,31.89111338,78,588
11 August 1988,56.75358365,21.38721077,80.5,589
12 August 1988,29.78607723,20.10415072,77,590
13 August 1988,21.39761179,14.2781528,79,591
14 August 1988,21.03190365,15.93614838,79.5,592
15 August 1988,46.27741228,17.72130447,81,593
16 August 1988,78.92712091,27.14880386,71,594
17 August 1988,51.22569776,34.98428961,76.5,595
18 August 1988,50.39637143,33.65359691,81,596
19 August 1988,51.28482697,44.79269357,76.5,597
20 August 1988,31.2746229,20.12687436,82,598
21 August 1988,13.18488985,10.46783481,76.5,599
22 August 1988,40.97804337,28.57501978,72,600
23 August 1988,42.6148502,36.26529244,74,601
24 August 1988,75.25288376,49.82682523,78,602
25 August 1988,49.4526925,36.20543307,82,603
26 August 1988,48.28642577,37.83245345,79.5,604
27 August 1988,41.52140368,22.38647888,74.5,605
28 August 1988,44.64660494,24.07277831,72,606
29 August 1988,62.58916127,40.16712915,75,607
30 August 1988,53.26030574,31.9644394,78.5,608
31 August 1988,48.93473817,34.03584998,77,609
01 September 1988,56.17057501,39.29734593,74,610
02 September 1988,72.84108088,49.08223908,74.5,611
03 September 1988,86.66977042,26.98755718,75,612
04 September 1988,44.07712913,16.14405436,76.5,613
05 September 1988,51.53650649,30.55261403,72.5,614
06 September 1988,72.6585034,39.38273562,75.5,615
07 September 1988,62.45974709,34.35922788,76.5,616
08 September 1988,37.26294176,33.55273071,70.5,617
09 September 1988,66.99339431,40.62921376,73.5,618
10 September 1988,82.18420719,14.3780132,72,619
11 September 1988,34.97083333,5.606403024,52.5,620
12 September 1988,33.03283308,8.309817422,51,621
13 September 1988,20.40658535,23.97105768,50.5,622
14 September 1988,25.72385346,25.71361479,56,623
15 September 1988,32.65802968,31.04528084,61.5,624
16 September 1988,34.36671595,32.27975128,71,625
17 September 1988,55.10562759,21.85016042,66.5,626
18 September 1988,21.74529151,4.872258951,48,627
19 September 1988,34.22712223,27.55859865,58,628
20 September 1988,40.59330205,28.23253208,52.5,629
21 September 1988,23.70748476,27.1416405,56,630
22 September 1988,17.17661459,22.01321608,60.5,631
23 September 1988,28.92950655,34.95310604,61,632
24 September 1988,23.25163399,31.24178386,68,633
25 September 1988,20.87091852,14.19255645,71,634
26 September 1988,30.73809524,32.49141529,70,635
27 September 1988,58.43824499,20.47952419,60,636
28 September 1988,15.42567479,21.33262287,51.5,637
29 September 1988,39.43984613,30.9447247,54,638
30 September 1988,36.5455259,36.77367106,60,639
01 October 1988,41.97655923,NA,63.5,640
02 October 1988,31.19629513,NA,66,641
03 October 1988,74.20007508,56.93915232,67,642
04 October 1988,51.47684995,38.96998299,66.5,643
05 October 1988,NA,28.1494536,68.5,644
06 October 1988,37.59956942,28.58272777,66,645
07 October 1988,27.40626777,27.34593375,62.5,646
08 October 1988,30.24005102,27.95506519,60,647
09 October 1988,48.76262135,15.33154362,62,648
10 October 1988,32.99955635,23.2834234,62,649
11 October 1988,53.13093406,35.44758079,60.5,650
12 October 1988,28.29271091,24.5668054,56,651
13 October 1988,35.34504151,29.98703526,61,652
14 October 1988,40.16073741,23.73683541,61,653
15 October 1988,27.68001124,19.99210234,57,654
16 October 1988,21.20007398,16.27015735,60,655
17 October 1988,27.84112325,15.8714265,63.5,656
18 October 1988,34.78385614,20.88311424,62,657
19 October 1988,43.85566311,19.21622241,58,658
20 October 1988,41.06663388,24.21843243,53.5,659
21 October 1988,51.87434947,47.57410127,55.5,660
22 October 1988,38.33333333,27.18794332,56.5,661
23 October 1988,40.24909552,24.30059756,56,662
24 October 1988,49.17592593,38.67412751,55,663
25 October 1988,53.51509642,36.95942427,55.5,664
26 October 1988,59.21538462,36.04690053,57.5,665
27 October 1988,63.05259422,33.13023386,53,666
28 October 1988,59.20589708,42.32119092,59.5,667
29 October 1988,51.10060475,37.04035035,60.5,668
30 October 1988,40.70670771,26.62809978,56.5,669
31 October 1988,64.22001302,34.45283618,56,670
01 November 1988,65.25114477,31.55348221,61,671
02 November 1988,29.76900799,24.9109915,57.5,672
03 November 1988,18.2457483,23.27110064,54,673
04 November 1988,15.26641762,24.521542,50,674
05 November 1988,27.39089482,28.68356024,47.5,675
06 November 1988,14.07971938,16.19270688,50.5,676
07 November 1988,30.96598639,31.49042412,44,677
08 November 1988,20.46354395,26.63138389,47.5,678
09 November 1988,18.292517,24.98878169,44.5,679
10 November 1988,39.61948714,37.6388632,46,680
11 November 1988,18.2514553,20.03056271,42,681
12 November 1988,12.8519589,24.20159754,42,682
13 November 1988,20.69727891,11.33463613,51.5,683
14 November 1988,13.40932565,18.31934928,45,684
15 November 1988,19.31916168,22.62033828,35,685
16 November 1988,15.57069408,19.07001313,37,686
17 November 1988,10.60361446,20.39780515,38.5,687
18 November 1988,14.04888211,23.1008185,35,688
19 November 1988,29.36428571,28.09921468,31,689
20 November 1988,32.50701531,30.60934722,32,690
21 November 1988,37.65785714,35.22637066,39,691
22 November 1988,17.79305604,23.57276782,46,692
23 November 1988,38.82667656,9.435324591,46.5,693
24 November 1988,12.41644988,18.33088518,32.5,694
25 November 1988,18.10330275,30.25588168,27.5,695
26 November 1988,6.183673465,18.16932551,31,696
27 November 1988,16.81854405,21.51952118,29,697
28 November 1988,20.05182394,39.63229793,31.5,698
29 November 1988,24.24299806,27.33936014,31.5,699
30 November 1988,55.93552803,52.34563316,31.5,700
01 December 1988,83.45508982,63.58187856,29,701
02 December 1988,120.4404779,79.82537784,29,702
03 December 1988,153.2534146,83.57439948,30,703
04 December 1988,129.6164208,76.07468723,29.5,704
05 December 1988,110.5094209,69.14517926,28.5,705
06 December 1988,63.74747768,58.94949456,28.5,706
07 December 1988,39.82834356,32.278972,33,707
08 December 1988,40.40821406,38.94282619,31,708
09 December 1988,91.54585366,51.46621177,31,709
10 December 1988,99.08273135,58.14378804,33,710
11 December 1988,71.24441718,35.64850719,38,711
12 December 1988,58.25055215,44.80745161,38.5,712
13 December 1988,76.98239521,52.30342807,40,713
14 December 1988,37.86961653,35.64720058,31.5,714
15 December 1988,27.51658946,12.74510674,31,715
16 December 1988,53.41369096,45.6723277,26.5,716
17 December 1988,91.1778928,53.16832167,27,717
18 December 1988,69.70677351,53.99572729,28.5,718
19 December 1988,104.2125647,52.64866187,29.5,719
20 December 1988,21.89945006,26.12451813,36,720
21 December 1988,14.05640074,23.15799258,33,721
22 December 1988,13.01856357,18.58436529,31,722
23 December 1988,10.18016009,23.18525157,27,723
24 December 1988,15.86059655,20.53022014,27,724
25 December 1988,1.964811189,9.877988678,28.5,725
26 December 1988,20.11038462,19.21059,16.5,726
27 December 1988,45.92093466,43.19051484,9,727
28 December 1988,81.06802721,56.52550463,17,728
29 December 1988,71.90050257,51.51779284,12.5,729
30 December 1988,50.81632502,56.52901522,23.5,730
31 December 1988,86.03891075,63.2183168,20.5,731
01 January 1989,48.47288307,41.46117552,24,732
02 January 1989,55.4253135,36.34505834,24.5,733
03 January 1989,75.19711146,61.77066833,24.5,734
04 January 1989,121.3147805,74.15670759,23,735
05 January 1989,79.40326531,49.62106122,31,736
06 January 1989,17.44326531,17.5167219,30.5,737
07 January 1989,14.3609654,22.31667586,19.5,738
08 January 1989,15.78893547,21.53789804,19.5,739
09 January 1989,13.75417917,29.81924744,29,740
10 January 1989,11.24861669,23.0827632,33,741
11 January 1989,17.8227326,30.08496514,24.5,742
12 January 1989,46.66424465,46.7352185,21,743
13 January 1989,62.15938755,56.13473507,16,744
14 January 1989,47.04179985,41.90222546,22,745
15 January 1989,51.41847321,37.87112059,17.5,746
16 January 1989,75.1522906,56.47479364,22.5,747
17 January 1989,103.9658665,81.72320474,23.5,748
18 January 1989,158.111077,97.31056662,23.5,749
19 January 1989,94.08704262,90.43936496,17.5,750
20 January 1989,92.02378903,106.4265587,16.5,751
21 January 1989,56.47701865,107.7901462,19,752
22 January 1989,74.64762459,73.64149284,27.5,753
23 January 1989,27.5382639,30.48680193,32.5,754
24 January 1989,33.98338283,36.08399974,16,755
25 January 1989,64.70166565,41.33670462,14.5,756
26 January 1989,87.11607251,57.17477462,17,757
27 January 1989,118.0296263,68.26803669,16.5,758
28 January 1989,74.01637462,51.89821677,19,759
29 January 1989,105.123125,58.76926198,19,760
30 January 1989,150.6281478,74.77860542,24,761
31 January 1989,89.39872449,84.6035002,26.5,762
01 February 1989,25.25759911,8.405052171,36.5,763
02 February 1989,19.2062396,29.46963802,19.5,764
03 February 1989,19.78852418,28.11014477,23.5,765
04 February 1989,23.83173562,11.96280681,10.5,766
05 February 1989,24.09747827,10.20615171,5,767
06 February 1989,73.95246316,45.41817365,1.5,768
07 February 1989,114.7312883,64.25023887,3.5,769
08 February 1989,125.4805022,84.68006979,4,770
09 February 1989,106.8512579,78.04210683,13.5,771
10 February 1989,60.64808878,55.22196794,22,772
11 February 1989,64.9488959,41.41212997,26.5,773
12 February 1989,47.17744807,31.66290997,27.5,774
13 February 1989,54.42356329,40.06316615,24,775
14 February 1989,56.92545521,40.01539839,22,776
15 February 1989,96.09311988,66.26893352,20.5,777
16 February 1989,104.9229444,79.49300507,18.5,778
17 February 1989,161.1177913,93.00180389,20,779
18 February 1989,123.0525883,82.84653768,29.5,780
19 February 1989,120.7098451,77.18941963,30.5,781
20 February 1989,25.71102778,33.93207535,35.5,782
21 February 1989,58.59118856,45.81704415,34,783
22 February 1989,75.01760441,58.82615999,35,784
23 February 1989,91.83466959,72.82911893,37.5,785
24 February 1989,115.0886284,81.13355734,36,786
25 February 1989,103.8453815,73.684599,43,787
26 February 1989,49.18412184,39.81359961,44.5,788
27 February 1989,24.54089979,28.55647629,36,789
28 February 1989,37.33611516,35.33589937,36,790
01 March 1989,47.11646586,34.4036077,41.5,791
02 March 1989,27.80004066,11.54376974,44.5,792
03 March 1989,12.13842605,14.05959099,29.5,793
04 March 1989,32.12458406,31.53087723,23.5,794
05 March 1989,51.52396821,37.11705627,31,795
06 March 1989,73.34886815,48.98282146,40.5,796
07 March 1989,75.59542521,43.68919295,46,797
08 March 1989,60.87140997,39.59585559,46,798
09 March 1989,30.37268946,16.5572485,57,799
10 March 1989,28.92734411,19.37530406,63.5,800
11 March 1989,34.29997389,23.15985267,57.5,801
12 March 1989,47.23193442,31.03491054,53,802
13 March 1989,43.44043152,15.50259875,46.5,803
14 March 1989,9.493693691,11.46927388,39,804
15 March 1989,37.22539683,28.58409281,43.5,805
16 March 1989,86.28948949,14.10777185,53,806
17 March 1989,38.1135651,20.18016769,42,807
18 March 1989,57.68100497,29.79278594,45,808
19 March 1989,9.113565101,13.30412351,41.5,809
20 March 1989,16.54303187,18.92050608,39,810
21 March 1989,27.53066813,30.58630492,44,811
22 March 1989,34.16652106,24.26670448,52,812
23 March 1989,22.16953648,22.82284377,53,813
24 March 1989,38.65782231,18.69721977,54,814
25 March 1989,23.74581707,9.257289217,53.5,815
26 March 1989,14.48043278,11.88751265,46.5,816
27 March 1989,16,20.38728986,46.5,817
28 March 1989,20.9082775,22.03064872,53.5,818
29 March 1989,15.86973891,20.3199427,45,819
30 March 1989,17.9259526,14.65732696,43.5,820
31 March 1989,42.62888069,35.02850752,47.5,821
01 April 1989,21.34022894,16.38956076,47,822
02 April 1989,4.770754171,13.4728941,45.5,823
03 April 1989,11.33352466,15.93880319,41,824
04 April 1989,11.76237694,12.92991705,44.5,825
05 April 1989,23.52703406,24.1428229,54,826
06 April 1989,41.77534787,21.69571499,57.5,827
07 April 1989,NA,23.77999139,62,828
08 April 1989,19.78469548,13.44584587,58.5,829
09 April 1989,6.211129542,6.904181216,50,830
10 April 1989,29.42438356,9.477156024,51,831
11 April 1989,29.86399246,14.92112268,52.5,832
12 April 1989,41.5278396,27.38991654,52,833
13 April 1989,46.23275588,29.50988301,54.5,834
14 April 1989,47.4696552,31.92924757,60,835
15 April 1989,44.98084128,28.38131442,63.5,836
16 April 1989,26.14172672,13.53627502,60,837
17 April 1989,40.93450609,20.00458946,61.5,838
18 April 1989,48.4715477,24.00118588,62,839
19 April 1989,47.8112563,31.75856888,69,840
20 April 1989,44.26144259,30.14389454,67.5,841
21 April 1989,60.28834197,16.8462354,71,842
22 April 1989,60.67170523,11.37442089,60.5,843
23 April 1989,37.90689126,12.03941433,52.5,844
24 April 1989,60,14.32509603,59.5,845
25 April 1989,37.87854261,15.09030025,53,846
26 April 1989,26.20934745,11.60301437,43.5,847
27 April 1989,17.42310771,NA,47.5,848
28 April 1989,11.10740741,15.00786874,48,849
29 April 1989,20.9108216,13.01737292,48,850
30 April 1989,11.7133877,16.03039615,50.5,851
01 May 1989,37.34385369,32.13005553,58,852
02 May 1989,25.9271324,19.45364222,58,853
03 May 1989,24.0787453,14.70847148,60,854
04 May 1989,14.89448406,12.82819838,59,855
05 May 1989,38.51468804,30.77868583,61.5,856
06 May 1989,39.78771454,34.27270326,67,857
07 May 1989,34.83395217,24.77307459,72.5,858
08 May 1989,46,25.60649015,70,859
09 May 1989,85.72882,21.21717265,69.5,860
10 May 1989,45.10506567,14.2559462,68.5,861
11 May 1989,19.15705076,14.70878044,57.5,862
12 May 1989,11.64414267,17.96101027,47.5,863
13 May 1989,17.17026342,15.08459606,50.5,864
14 May 1989,15,8.57769602,54,865
15 May 1989,24.59593675,20.1247472,55,866
16 May 1989,16.54990967,16.03406912,55,867
17 May 1989,22.99676054,17.48266854,59.5,868
18 May 1989,48.92786782,13.88387467,65,869
19 May 1989,16.96534749,14.9120593,47,870
20 May 1989,28,31.61110746,57.5,871
21 May 1989,26.86234162,23.18948574,65,872
22 May 1989,34.64420965,19.23366657,72.5,873
23 May 1989,65.00925926,7.914238941,69,874
24 May 1989,22.19444444,9.197181518,52.5,875
25 May 1989,15.72178772,12.79040293,50.5,876
26 May 1989,23.86993487,23.27290418,57,877
27 May 1989,36.41602533,19.64979825,66.5,878
28 May 1989,49.29304902,1.756895996,70.5,879
29 May 1989,14.88582141,4.994358429,56.5,880
30 May 1989,23.56184669,16.17648746,53,881
31 May 1989,21.13763843,11.09201864,53.5,882
01 June 1989,23,27.71391355,59.5,883
02 June 1989,28.45394986,31.2696706,62.5,884
03 June 1989,18.92344173,20.10660984,64.5,885
04 June 1989,18.63277363,5.281934082,65.5,886
05 June 1989,27,24.52677327,65,887
06 June 1989,24.86042073,18.764117,63.5,888
07 June 1989,31.8610398,18.89952649,67.5,889
08 June 1989,35.76586474,16.86493876,67,890
09 June 1989,28.34289259,13.13344259,71,891
10 June 1989,16.15492821,11.1915932,70.5,892
11 June 1989,20,15.72524184,71,893
12 June 1989,31.68613316,16.41281274,69.5,894
13 June 1989,28.82352822,16.59031408,71,895
14 June 1989,25.48295529,17.50238345,76,896
15 June 1989,40.42537046,20.57411882,82.5,897
16 June 1989,48.58990014,14.48994431,71.5,898
17 June 1989,23.32017382,16.20427649,68.5,899
18 June 1989,28.34867827,24.83239606,77.5,900
19 June 1989,33.38717791,19.83005809,84.5,901
20 June 1989,36.05664051,13.00683294,63.5,902
21 June 1989,13.5477018,12.79615331,57.5,903
22 June 1989,27.98584206,14.66348485,59.5,904
23 June 1989,13.92527472,6.230880907,63,905
24 June 1989,19.70703951,12.09807239,57.5,906
25 June 1989,17,15.62703451,64,907
26 June 1989,26.25350915,18.24266775,70.5,908
27 June 1989,50.07438272,19.99627576,78,909
28 June 1989,38.37615566,20.20032628,74.5,910
29 June 1989,36.19777453,19.5358884,78,911
30 June 1989,34.62444576,19.20504,80.5,912
01 July 1989,35.18427908,16.82939471,75.5,913
02 July 1989,39.50549146,24.28714508,77.5,914
03 July 1989,40.53703704,32.878875,79.5,915
04 July 1989,43.53464132,23.02653634,85.5,916
05 July 1989,43.55935737,36.22561759,79.5,917
06 July 1989,56.62910822,41.78911416,78,918
07 July 1989,42.91759977,39.56611293,81,919
08 July 1989,53.12358987,29.11963238,82,920
09 July 1989,38.75232147,14.04082683,87,921
10 July 1989,43.68206717,23.04246404,81.5,922
11 July 1989,47.42812269,29.87051719,78,923
12 July 1989,23.21297117,18.14452205,72,924
13 July 1989,NA,20.7037271,72.5,925
14 July 1989,36.93460546,33.86768864,77,926
15 July 1989,30,22.42527374,82.5,927
16 July 1989,31.92457926,16.33049084,79.5,928
17 July 1989,22.96666667,17.69771352,75.5,929
18 July 1989,29.78287589,32.16235092,76.5,930
19 July 1989,44,48.98041034,82,931
20 July 1989,48.57361943,24.12200925,87,932
21 July 1989,28.95151515,19.58437456,84.5,933
22 July 1989,27.85506408,13.95468878,82,934
23 July 1989,19,11.3706481,83,935
24 July 1989,23.92779009,19.13572806,81.5,936
25 July 1989,37.77930525,29.27259465,83,937
26 July 1989,29.76411972,18.42095214,86,938
27 July 1989,29.75826559,15.37188125,85.5,939
28 July 1989,68.72965235,16.89720323,84.5,940
29 July 1989,19,NA,83,941
30 July 1989,19.87633389,NA,86.5,942
31 July 1989,35.97479488,11.05621076,89.5,943
01 August 1989,33.40083428,16.80608139,83.5,944
02 August 1989,35.65743462,17.64177255,81.5,945
03 August 1989,36.01107118,24.52679757,76,946
04 August 1989,34.29907435,23.78934176,80,947
05 August 1989,49.967006,20.34077265,79,948
06 August 1989,36.25044079,21.52455614,78.5,949
07 August 1989,50.45275876,32.78047745,82,950
08 August 1989,57.34762526,31.08821608,80,951
09 August 1989,15.12537077,14.26301917,76,952
10 August 1989,21,15.05519541,79,953
11 August 1989,15.05070101,15.92461298,75.5,954
12 August 1989,18.12993482,7.328552413,76.5,955
13 August 1989,21.98686646,11.3694416,81.5,956
14 August 1989,32.99961318,19.38557213,77.5,957
15 August 1989,26.98261068,19.3860395,80.5,958
16 August 1989,28.92941112,25.00811182,81,959
17 August 1989,38.15163334,15.10577831,78.5,960
18 August 1989,19,15.06722855,74,961
19 August 1989,20.42853659,11.56018535,72.5,962
20 August 1989,19,18.4481576,74,963
21 August 1989,29.03903217,21.15405081,74.5,964
22 August 1989,22.94843025,20.31159601,76.5,965
23 August 1989,75.46025713,11.74283262,72.5,966
24 August 1989,15,23.32765474,56,967
25 August 1989,24.50664689,32.79522765,59,968
26 August 1989,30,37.04769019,66,969
27 August 1989,24.70519872,25.62461618,72,970
28 August 1989,26,29.89163329,69.5,971
29 August 1989,35.80018586,30.6119441,75.5,972
30 August 1989,29.13933081,19.43936255,77.5,973
31 August 1989,36.57999615,29.38983974,66,974
01 September 1989,40.02935606,34.1301185,72,975
02 September 1989,24.06643814,23.77113642,74,976
03 September 1989,22,23.33997662,66.5,977
04 September 1989,30.46575107,33.35738863,66,978
05 September 1989,37.09898276,34.07627967,75,979
06 September 1989,49.44420175,32.21765857,68.5,980
07 September 1989,41.90018407,29.59948048,67,981
08 September 1989,33.47194679,21.09138392,64,982
09 September 1989,26.98203593,22.29848458,66,983
10 September 1989,19.3785743,20.88994791,61,984
11 September 1989,38.76262541,35.47410547,59,985
12 September 1989,38.01136856,17.07375225,59,986
13 September 1989,37.80363119,29.65943639,60,987
14 September 1989,52.94004359,45.24145999,63,988
15 September 1989,52.19317499,45.47685644,66.5,989
16 September 1989,40.86792134,32.06111437,69.5,990
17 September 1989,71.04439193,5.878594126,73,991
18 September 1989,19.21057199,23.02074637,64.5,992
19 September 1989,26.16767238,29.19261772,64.5,993
20 September 1989,11.24795723,22.2245267,57,994
21 September 1989,23,25.81605752,58,995
22 September 1989,30.72897584,28.94007706,63,996
23 September 1989,25.26995898,28.15460286,67,997
24 September 1989,30.21188482,33.86541135,68,998
25 September 1989,42.54413875,53.4090952,68.5,999
26 September 1989,34.21955556,22.85620113,74.5,1000
27 September 1989,29.59417344,28.4871003,72,1001
28 September 1989,48.65501996,54.69670442,68,1002
29 September 1989,37.1052699,39.93245057,74,1003
30 September 1989,46.06841061,23.09963556,69,1004
01 October 1989,16,NA,58.5,1005
02 October 1989,25.56339209,NA,61,1006
03 October 1989,23,NA,54,1007
04 October 1989,50.99541259,NA,50.5,1008
05 October 1989,30.88235294,NA,49,1009
06 October 1989,40.43494878,NA,54.5,1010
07 October 1989,26.87506308,NA,54,1011
08 October 1989,29.54694666,NA,55.5,1012
09 October 1989,36.84642557,NA,58,1013
10 October 1989,43.5376235,NA,63,1014
11 October 1989,36.8716148,NA,64,1015
12 October 1989,67.14443732,NA,63,1016
13 October 1989,45,NA,63.5,1017
14 October 1989,55.58849591,NA,59.5,1018
15 October 1989,23,NA,54,1019
16 October 1989,42.09160965,NA,46.5,1020
17 October 1989,34.95494113,NA,46.5,1021
18 October 1989,65.13697274,NA,51,1022
19 October 1989,52.49751892,NA,54.5,1023
20 October 1989,55.21396455,NA,62.5,1024
21 October 1989,31.45710681,NA,59.5,1025
22 October 1989,8.706650589,NA,58.5,1026
23 October 1989,17,NA,62,1027
24 October 1989,18.1192272,NA,63.5,1028
25 October 1989,NA,NA,55.5,1029
26 October 1989,NA,NA,41.5,1030
27 October 1989,18,NA,45.5,1031
28 October 1989,2.668436954,NA,36,1032
29 October 1989,20,NA,38,1033
30 October 1989,27.74593011,NA,37.5,1034
31 October 1989,34,NA,38.5,1035
01 November 1989,28.7665016,NA,35.5,1036
02 November 1989,53.86795299,NA,35.5,1037
03 November 1989,49.72414549,NA,41.5,1038
04 November 1989,36.40868377,NA,50,1039
05 November 1989,20.73701797,NA,44,1040
06 November 1989,26.81549076,NA,41,1041
07 November 1989,39.78727232,NA,43,1042
08 November 1989,32.88796523,NA,43,1043
09 November 1989,35.88981891,NA,51,1044
10 November 1989,46,NA,50.5,1045
11 November 1989,44.75834587,NA,51.5,1046
12 November 1989,37,NA,52,1047
13 November 1989,44.18543956,NA,48.5,1048
14 November 1989,21.57289874,NA,38,1049
15 November 1989,34.69731727,NA,37,1050
16 November 1989,57.71002331,NA,38,1051
17 November 1989,53.22949342,NA,39,1052
18 November 1989,45.62733075,NA,41,1053
19 November 1989,68.24150641,NA,42.5,1054
20 November 1989,89.71126201,NA,41,1055
21 November 1989,74.22595565,NA,38,1056
22 November 1989,76.29764011,NA,37.5,1057
23 November 1989,94.72891717,NA,37.5,1058
24 November 1989,35.728223,NA,42,1059
25 November 1989,9.681084259,NA,40.5,1060
26 November 1989,14,NA,42.5,1061
27 November 1989,-3.271628849,NA,30.5,1062
28 November 1989,35,NA,25,1063
29 November 1989,53.75988244,NA,27,1064
30 November 1989,87.8657027,NA,28,1065
01 December 1989,105.793557,NA,29,1066
02 December 1989,109.5451141,NA,30.5,1067
03 December 1989,98.31539741,NA,31.5,1068
04 December 1989,127,NA,34,1069
05 December 1989,125.7882112,NA,34,1070
06 December 1989,101.046131,NA,35,1071
07 December 1989,38.71249336,NA,38.5,1072
08 December 1989,48.08779762,NA,40,1073
09 December 1989,35.61142523,NA,41,1074
10 December 1989,12,NA,28.5,1075
11 December 1989,18.16276214,NA,24,1076
12 December 1989,34.65081121,NA,26,1077
13 December 1989,41.16282245,NA,29.5,1078
14 December 1989,49.75163295,NA,35.5,1079
15 December 1989,43.17231534,NA,33.5,1080
16 December 1989,32.1811756,NA,31,1081
17 December 1989,25.79316938,NA,32,1082
18 December 1989,33,NA,28,1083
19 December 1989,38.75599301,NA,30.5,1084
20 December 1989,41.68335684,NA,35.5,1085
21 December 1989,54.22514256,NA,36,1086
22 December 1989,71.09126364,NA,33.5,1087
23 December 1989,49.6875643,NA,36,1088
24 December 1989,80,NA,32.5,1089
25 December 1989,85.14070807,NA,28.5,1090
26 December 1989,88.01251013,NA,21.5,1091
27 December 1989,86.45700385,NA,23,1092
28 December 1989,118.5006178,NA,26.5,1093
29 December 1989,49.35065185,NA,29.5,1094
30 December 1989,66.20217506,NA,28,1095
31 December 1989,34.32214952,NA,31.5,1096
01 January 1990,37.2102677,NA,35.5,1097
02 January 1990,15.32808385,NA,29.5,1098
03 January 1990,27.37294822,NA,17.5,1099
04 January 1990,34.82709271,NA,19.5,1100
05 January 1990,43.19014184,NA,27.5,1101
06 January 1990,57.37632538,NA,27,1102
07 January 1990,70.22018794,NA,28.5,1103
08 January 1990,10.50632619,NA,43,1104
09 January 1990,39.72878053,NA,47,1105
10 January 1990,70.48393574,NA,40,1106
11 January 1990,96,NA,40,1107
12 January 1990,101.3544206,NA,41,1108
13 January 1990,16.67079832,NA,48,1109
14 January 1990,9.849041856,NA,39.5,1110
15 January 1990,19.71428571,NA,35.5,1111
16 January 1990,18.83237613,NA,37,1112
17 January 1990,37.7645175,NA,34,1113
18 January 1990,24.71357476,NA,31.5,1114
19 January 1990,34.64506303,NA,27,1115
20 January 1990,39.35167312,NA,27,1116
21 January 1990,69.03294769,NA,28.5,1117
22 January 1990,76.71577624,NA,28.5,1118
23 January 1990,53.31277216,NA,35,1119
24 January 1990,15.61775787,NA,28.5,1120
25 January 1990,36.40873016,NA,31.5,1121
26 January 1990,26.22563722,NA,36.5,1122
27 January 1990,16.14680784,NA,25.5,1123
28 January 1990,6.327551993,NA,35.5,1124
29 January 1990,23.29960318,NA,35,1125
30 January 1990,82.21726191,NA,40,1126
31 January 1990,16.82070066,NA,33,1127
01 February 1990,10.12797619,NA,30,1128
02 February 1990,13.56447826,NA,28.5,1129
03 February 1990,18.03075397,NA,31,1130
04 February 1990,17.04536489,NA,38.5,1131
05 February 1990,21.03502747,NA,32.5,1132
06 February 1990,25.52305814,NA,37,1133
07 February 1990,7.015641858,NA,26,1134
08 February 1990,26.96980042,NA,19,1135
09 February 1990,29.90762803,NA,32,1136
10 February 1990,30.42042085,NA,37,1137
11 February 1990,27.47048611,NA,43,1138
12 February 1990,14.55317746,NA,37,1139
13 February 1990,12.45376661,NA,27,1140
14 February 1990,11.90504202,NA,20,1141
15 February 1990,14.99390674,NA,18,1142
16 February 1990,24.95807543,NA,25.5,1143
17 February 1990,28.59346928,NA,30.5,1144
18 February 1990,24.99307959,NA,29.5,1145
19 February 1990,30.13303892,NA,32.5,1146
20 February 1990,49.71953782,NA,30,1147
21 February 1990,80.16018723,NA,34,1148
22 February 1990,76.40280112,NA,38.5,1149
23 February 1990,54.32794635,NA,41,1150
24 February 1990,63.79873134,NA,39.5,1151
25 February 1990,71.31482246,NA,41.5,1152
26 February 1990,82.33152574,NA,44,1153
27 February 1990,56.26591241,NA,40,1154
28 February 1990,35.00485231,NA,41.5,1155
01 March 1990,43.22078055,NA,45.5,1156
02 March 1990,30.26951872,NA,47.5,1157
03 March 1990,16.34396863,NA,47,1158
04 March 1990,20,NA,46,1159
05 March 1990,4.309284444,NA,39.5,1160
06 March 1990,14,NA,40,1161
07 March 1990,17.8032132,NA,47,1162
08 March 1990,17.33732251,NA,49.5,1163
09 March 1990,30.81902711,NA,46.5,1164
10 March 1990,14.1490978,NA,52,1165
11 March 1990,10.81305244,NA,38.5,1166
12 March 1990,24.69649461,NA,26,1167
13 March 1990,10.79821266,NA,28.5,1168
14 March 1990,15,NA,34,1169
15 March 1990,32.1979392,NA,35.5,1170
16 March 1990,15.30934256,NA,39.5,1171
17 March 1990,24.97196774,NA,45,1172
18 March 1990,23.94275027,NA,48,1173
19 March 1990,23.04666968,NA,51,1174
20 March 1990,25.70426759,NA,56,1175
21 March 1990,22.94087301,NA,54,1176
22 March 1990,29.43163733,NA,53,1177
23 March 1990,32.9323759,NA,53.5,1178
24 March 1990,16,NA,44,1179
25 March 1990,22.44803059,NA,47,1180
26 March 1990,51.18786982,NA,51,1181
27 March 1990,32.88130915,NA,53,1182
28 March 1990,7.705504637,NA,42.5,1183
29 March 1990,20.40340408,NA,44,1184
30 March 1990,27,NA,45,1185
31 March 1990,28.42593985,NA,49.5,1186
01 April 1990,32.20780502,NA,53.5,1187
02 April 1990,35.47994628,NA,57,1188
03 April 1990,27.18705009,NA,58,1189
04 April 1990,41.45445222,NA,59,1190
05 April 1990,30.70360323,NA,56.5,1191
06 April 1990,47.04998559,NA,54,1192
07 April 1990,17.75383292,NA,55.5,1193
08 April 1990,-3.359957397,NA,49,1194
09 April 1990,10.73887317,NA,52.5,1195
10 April 1990,20.09142064,NA,51.5,1196
11 April 1990,25.27939203,NA,57.5,1197
12 April 1990,25.18515406,NA,55,1198
13 April 1990,15.38073993,NA,56.5,1199
14 April 1990,18.25181784,NA,62.5,1200
15 April 1990,24,NA,64.5,1201
16 April 1990,29.64555138,NA,66,1202
17 April 1990,34.64204261,NA,57,1203
18 April 1990,20.94677524,NA,56,1204
19 April 1990,19,NA,56.5,1205
20 April 1990,19.95798481,NA,61.5,1206
21 April 1990,15,NA,61.5,1207
22 April 1990,9.519480521,NA,59,1208
23 April 1990,17,NA,53.5,1209
24 April 1990,13.1059573,NA,53.5,1210
25 April 1990,16,NA,51,1211
26 April 1990,5.68198214,NA,49,1212
27 April 1990,16,NA,52,1213
28 April 1990,13.27117123,NA,50.5,1214
29 April 1990,11,NA,38,1215
30 April 1990,17.22587021,NA,43,1216
01 May 1990,12.89282034,NA,49.5,1217
02 May 1990,25.64947997,NA,51.5,1218
03 May 1990,18.63730025,NA,56,1219
04 May 1990,24.64334673,NA,58,1220
05 May 1990,23,NA,59.5,1221
06 May 1990,25.63552531,NA,67,1222
07 May 1990,24.48030341,NA,53,1223
08 May 1990,19.57389311,NA,46,1224
09 May 1990,24.65251524,NA,49.5,1225
10 May 1990,34.51993338,NA,57,1226
11 May 1990,26.34025919,NA,61.5,1227
12 May 1990,0.699655744,NA,56,1228
13 May 1990,4.896857561,NA,54,1229
14 May 1990,25.00247514,NA,57,1230
15 May 1990,13,NA,49,1231
16 May 1990,11.21042399,NA,53,1232
17 May 1990,22.85515416,NA,65,1233
18 May 1990,28.11308966,NA,64.5,1234
19 May 1990,26.78767872,NA,58.5,1235
20 May 1990,11.24910291,NA,58,1236
21 May 1990,31.17080841,NA,63,1237
22 May 1990,26.72500489,NA,69,1238
23 May 1990,31.5686291,NA,73.5,1239
24 May 1990,30.05395397,NA,57.5,1240
25 May 1990,17,NA,52.5,1241
26 May 1990,25.16382371,NA,58,1242
27 May 1990,25,NA,65.5,1243
28 May 1990,21.63573949,NA,64,1244
29 May 1990,5.469816591,NA,55.5,1245
30 May 1990,9.0215701,NA,59,1246
31 May 1990,16,NA,57,1247
01 June 1990,4.906164693,NA,50,1248
02 June 1990,11,NA,59,1249
03 June 1990,13.7587851,NA,68.5,1250
04 June 1990,27.98165271,NA,70,1251
05 June 1990,22.70494909,NA,68.5,1252
06 June 1990,33.04736687,NA,67.5,1253
07 June 1990,31.31161715,NA,67,1254
08 June 1990,29.03587224,NA,69,1255
09 June 1990,41.72440247,NA,77,1256
10 June 1990,17,NA,71,1257
11 June 1990,10.07142806,NA,63.5,1258
12 June 1990,13.80511675,NA,62.5,1259
13 June 1990,17.9147431,NA,64.5,1260
14 June 1990,33.21775693,NA,68,1261
15 June 1990,21.36782695,NA,60.5,1262
16 June 1990,11.64523849,NA,63,1263
17 June 1990,12.49880889,NA,71,1264
18 June 1990,25,NA,76.5,1265
19 June 1990,21.05476661,NA,70,1266
20 June 1990,26.335288,NA,70.5,1267
21 June 1990,37.09110195,NA,72,1268
22 June 1990,32.605675,NA,79,1269
23 June 1990,30.2902994,NA,85.5,1270
24 June 1990,23,NA,86,1271
25 June 1990,38.54924152,NA,87.5,1272
26 June 1990,31.4277381,NA,86.5,1273
27 June 1990,38.45143019,NA,80.5,1274
28 June 1990,55.53660916,NA,78.5,1275
29 June 1990,62.77238734,NA,83,1276
30 June 1990,29.86611296,NA,89,1277
01 July 1990,39.58961057,NA,88.5,1278
02 July 1990,49.81590353,NA,86,1279
03 July 1990,42.22984596,NA,71.5,1280
04 July 1990,34.12808394,NA,81.5,1281
05 July 1990,26.5026117,NA,84,1282
06 July 1990,27.18592321,NA,84,1283
07 July 1990,28.57392518,NA,77.5,1284
08 July 1990,19.66762544,NA,78,1285
09 July 1990,14.86979366,NA,74,1286
10 July 1990,27.40680384,NA,75,1287
11 July 1990,35.63012375,NA,79,1288
12 July 1990,30.65392342,NA,85,1289
13 July 1990,36.37876817,NA,80.5,1290
14 July 1990,27.15753109,NA,79,1291
15 July 1990,23.31942616,NA,79,1292
16 July 1990,24,NA,82.5,1293
17 July 1990,33.35944258,NA,81.5,1294
18 July 1990,30.5446446,NA,82.5,1295
19 July 1990,37.67669439,NA,76,1296
20 July 1990,35.67563555,NA,77,1297
21 July 1990,17.9608227,NA,73,1298
22 July 1990,19.86261371,NA,75.5,1299
23 July 1990,32.17891424,NA,82.5,1300
24 July 1990,28.2001955,NA,77.5,1301
25 July 1990,40.4883221,NA,75,1302
26 July 1990,35.61959246,NA,70,1303
27 July 1990,42.46418548,NA,70,1304
28 July 1990,24.80057932,NA,76,1305
29 July 1990,27.5433121,NA,78,1306
30 July 1990,27.29432014,NA,83,1307
31 July 1990,61.84531025,NA,87.5,1308
01 August 1990,42.0283285,NA,77.5,1309
02 August 1990,45.84339671,NA,76.5,1310
03 August 1990,28.538482,NA,75.5,1311
04 August 1990,31.06300782,NA,75,1312
05 August 1990,22.52138756,NA,78.5,1313
06 August 1990,43.68279439,NA,79.5,1314
07 August 1990,51.86140802,NA,81.5,1315
08 August 1990,56.69300422,NA,85,1316
09 August 1990,58.26626884,NA,87.5,1317
10 August 1990,46.72319758,NA,83.5,1318
11 August 1990,31.6605078,NA,80,1319
12 August 1990,26.23992145,NA,75,1320
13 August 1990,41.80312525,NA,77,1321
14 August 1990,35.25146653,NA,79,1322
15 August 1990,21.09559715,NA,78,1323
16 August 1990,16.21830385,NA,70.5,1324
17 August 1990,26,NA,71,1325
18 August 1990,20.34117582,NA,75,1326
19 August 1990,22,NA,69.5,1327
20 August 1990,24.40278562,NA,73.5,1328
21 August 1990,29,NA,71.5,1329
22 August 1990,29.39958592,NA,69,1330
23 August 1990,45.48039837,NA,70,1331
24 August 1990,NA,NA,71,1332
25 August 1990,31.35631115,NA,73,1333
26 August 1990,30.12616568,NA,79.5,1334
27 August 1990,29,NA,76.5,1335
28 August 1990,44.05829815,NA,75,1336
29 August 1990,54.09981723,NA,76.5,1337
30 August 1990,29.23780843,NA,77,1338
31 August 1990,48,NA,72,1339
01 September 1990,39.20677362,NA,77.5,1340
02 September 1990,14.81703842,NA,79,1341
03 September 1990,24.24657688,NA,79.5,1342
04 September 1990,25.55665907,NA,77.5,1343
05 September 1990,27.21868686,NA,76,1344
06 September 1990,38.0980589,NA,75.5,1345
07 September 1990,45.14821278,NA,75.5,1346
08 September 1990,34.69268968,NA,77,1347
09 September 1990,35.16586922,NA,80.5,1348
10 September 1990,40.58138662,NA,76,1349
11 September 1990,48.21801347,NA,79.5,1350
12 September 1990,45.04542243,NA,81,1351
13 September 1990,52.22351291,NA,75,1352
14 September 1990,46,NA,78.5,1353
15 September 1990,37.11743269,NA,81.5,1354
16 September 1990,37.999002,NA,74.5,1355
17 September 1990,31.02677977,NA,71.5,1356
18 September 1990,33.91776896,NA,64.5,1357
19 September 1990,NA,NA,62,1358
20 September 1990,26.6868512,NA,58.5,1359
21 September 1990,26.91720263,NA,63,1360
22 September 1990,34.83810722,NA,68,1361
23 September 1990,22.98212863,NA,69.5,1362
24 September 1990,15.72619048,NA,67.5,1363
25 September 1990,NA,NA,68,1364
26 September 1990,18.44499041,NA,67,1365
27 September 1990,20.26752052,NA,66.5,1366
28 September 1990,18.14197531,NA,63,1367
29 September 1990,19.24788577,NA,62,1368
30 September 1990,29.18404762,NA,65,1369
01 October 1990,36.26409949,NA,67.5,1370
02 October 1990,32,NA,56,1371
03 October 1990,28.3507508,NA,54,1372
04 October 1990,28.31201465,NA,66.5,1373
05 October 1990,33.22398199,NA,72,1374
06 October 1990,23.03391658,NA,56.5,1375
07 October 1990,15.90408858,NA,47.5,1376
08 October 1990,23.75040169,NA,44,1377
09 October 1990,35.82927111,NA,47.5,1378
10 October 1990,44.94692793,NA,55.5,1379
11 October 1990,26.83967076,NA,47.5,1380
12 October 1990,34.98597795,NA,50.5,1381
13 October 1990,27.90077334,NA,56.5,1382
14 October 1990,25.0422659,NA,52.5,1383
15 October 1990,41.35871778,NA,61,1384
16 October 1990,45.82093431,NA,52,1385
17 October 1990,29.45862671,NA,42,1386
18 October 1990,45.17996964,NA,47.5,1387
19 October 1990,NA,NA,44,1388
20 October 1990,17.65500862,NA,41,1389
21 October 1990,21.67907877,NA,42,1390
22 October 1990,28.52843915,NA,48,1391
23 October 1990,36.95300723,NA,49,1392
24 October 1990,55.85443273,NA,52.5,1393
25 October 1990,50.76033164,NA,56.5,1394
26 October 1990,51.82966873,NA,57.5,1395
27 October 1990,53.49856127,NA,55,1396
28 October 1990,30.12691755,NA,64.5,1397
29 October 1990,46.48706855,NA,62,1398
30 October 1990,38.64690988,NA,61.5,1399
31 October 1990,30.74144727,NA,62.5,1400
01 November 1990,17,NA,45,1401
02 November 1990,12.176893,NA,40,1402
03 November 1990,13.70045814,NA,38.5,1403
04 November 1990,23.18140075,NA,40,1404
05 November 1990,13,NA,39,1405
06 November 1990,16.16520628,NA,36,1406
07 November 1990,24.20901632,NA,33.5,1407
08 November 1990,29.82390843,NA,40.5,1408
09 November 1990,25.95133806,NA,51,1409
10 November 1990,31.7973713,NA,51,1410
11 November 1990,44,NA,48,1411
12 November 1990,85.42320035,NA,43.5,1412
13 November 1990,70,NA,46,1413
14 November 1990,38.48869149,NA,59,1414
15 November 1990,29.69862296,NA,47,1415
16 November 1990,55.12817845,NA,38.5,1416
17 November 1990,77.48815536,NA,45,1417
18 November 1990,57.36022344,NA,44,1418
19 November 1990,53.29621016,NA,48,1419
20 November 1990,15.8148689,NA,41,1420
21 November 1990,17.1091238,NA,31,1421
22 November 1990,23.14792019,NA,39,1422
23 November 1990,40.58337428,NA,40,1423
24 November 1990,42.47040932,NA,42,1424
25 November 1990,27,NA,46,1425
26 November 1990,24.06603774,NA,42,1426
27 November 1990,21.94437435,NA,30.5,1427
28 November 1990,NA,NA,32.5,1428
29 November 1990,50.60133539,NA,34,1429
30 November 1990,58.26216606,NA,36,1430
01 December 1990,59,NA,32.5,1431
02 December 1990,146.7267042,NA,32,1432
03 December 1990,31.25624087,NA,31.5,1433
04 December 1990,52.57277734,NA,32.5,1434
05 December 1990,46,NA,37,1435
06 December 1990,49.22610889,NA,30,1436
07 December 1990,65,NA,31,1437
08 December 1990,76.4727298,NA,30.5,1438
09 December 1990,100.6798277,NA,34,1439
10 December 1990,112.4478009,NA,32.5,1440
11 December 1990,92.15035885,NA,31.5,1441
12 December 1990,19.43808477,NA,32.5,1442
13 December 1990,21.76196661,NA,37,1443
14 December 1990,23.39361361,NA,24.5,1444
15 December 1990,39.42132589,NA,23,1445
16 December 1990,49.38358472,NA,19.5,1446
17 December 1990,38.36506361,NA,21.5,1447
18 December 1990,20.31622796,NA,33,1448
19 December 1990,13.08237667,NA,29,1449
20 December 1990,25.11575304,NA,9.5,1450
21 December 1990,29.00000001,NA,1.5,1451
22 December 1990,NA,NA,-3.5,1452
23 December 1990,42.21052849,NA,-2,1453
24 December 1990,48.09554192,NA,2.5,1454
25 December 1990,63.27891156,NA,9,1455
26 December 1990,86.16455338,NA,11.5,1456
27 December 1990,75.35726759,NA,18,1457
28 December 1990,46.28024186,NA,14.5,1458
29 December 1990,22.960983,NA,8.5,1459
30 December 1990,51.08510937,NA,2.5,1460
31 December 1990,108.6504186,NA,10.5,1461
01 January 1991,127.8545012,NA,12.5,1462
02 January 1991,173.3033796,NA,11.5,1463
03 January 1991,140.2210143,NA,10,1464
04 January 1991,124.3520481,NA,19.5,1465
05 January 1991,119.7504117,NA,21,1466
06 January 1991,98.37654987,NA,27.5,1467
07 January 1991,96.2996733,NA,25,1468
08 January 1991,72.80611555,NA,27.5,1469
09 January 1991,44.22091556,NA,22.5,1470
10 January 1991,60.57556697,NA,24,1471
11 January 1991,79.74358597,NA,26,1472
12 January 1991,127.8662132,NA,23.5,1473
13 January 1991,90.23272571,NA,32,1474
14 January 1991,36.61164183,NA,35.5,1475
15 January 1991,12.21872187,NA,34.5,1476
16 January 1991,22.87696301,NA,29.5,1477
17 January 1991,61.74376771,NA,27.5,1478
18 January 1991,92.6824327,NA,34.5,1479
19 January 1991,33.78175151,NA,30,1480
20 January 1991,31.77494738,NA,18.5,1481
21 January 1991,47.21743037,NA,18,1482
22 January 1991,69,NA,22,1483
23 January 1991,75.23817719,NA,24,1484
24 January 1991,61,NA,30,1485
25 January 1991,59.76436758,NA,24.5,1486
26 January 1991,91.34489377,NA,23.5,1487
27 January 1991,73.30429729,NA,29.5,1488
28 January 1991,39.86054605,NA,30,1489
29 January 1991,25.38390433,NA,17.5,1490
30 January 1991,63.97724944,NA,21,1491
31 January 1991,78.49961332,NA,23,1492
01 February 1991,138.9433786,NA,24,1493
02 February 1991,134.0370948,NA,24.5,1494
03 February 1991,151.6764385,NA,34,1495
04 February 1991,150.5973413,NA,34.5,1496
05 February 1991,132.9447609,NA,32.5,1497
06 February 1991,131.2645782,NA,33,1498
07 February 1991,134.1200513,NA,29,1499
08 February 1991,128.2245168,NA,28.5,1500
09 February 1991,151.9072077,NA,27.5,1501
10 February 1991,132.2056184,NA,31.5,1502
11 February 1991,154.1417749,NA,31.5,1503
12 February 1991,140.1236323,NA,37,1504
13 February 1991,37.66014296,NA,42,1505
14 February 1991,42.65300657,NA,45.5,1506
15 February 1991,56.90590112,NA,43.5,1507
16 February 1991,46.1696867,NA,40.5,1508
17 February 1991,6.931093544,NA,36.5,1509
18 February 1991,13.65145093,NA,32,1510
19 February 1991,28.68251716,NA,34.5,1511
20 February 1991,25.62987304,NA,44.5,1512
21 February 1991,45.56696349,NA,44.5,1513
22 February 1991,47.05468962,NA,48.5,1514
23 February 1991,36.85882425,NA,40,1515
24 February 1991,29.29075732,NA,36.5,1516
25 February 1991,35,NA,37.5,1517
26 February 1991,47.58405174,NA,38.5,1518
27 February 1991,48.73723577,NA,40,1519
28 February 1991,20.07551184,NA,42,1520
01 March 1991,10.17009038,NA,46.5,1521
02 March 1991,15.98229777,NA,43,1522
03 March 1991,18,NA,47.5,1523
04 March 1991,29.99885782,NA,53,1524
05 March 1991,15,NA,45.5,1525
06 March 1991,9.912065481,NA,30,1526
07 March 1991,17.31009191,NA,30,1527
08 March 1991,18.17710271,NA,37.5,1528
09 March 1991,22.5532466,NA,42,1529
10 March 1991,32.97326312,NA,51.5,1530
11 March 1991,18.38990594,NA,41.5,1531
12 March 1991,18.974863,NA,36,1532
13 March 1991,20.19533556,NA,43,1533
14 March 1991,31.98645289,NA,40,1534
15 March 1991,23,NA,39.5,1535
16 March 1991,16.53714643,NA,42.5,1536
17 March 1991,13,NA,43.5,1537
18 March 1991,20.55455845,NA,49,1538
19 March 1991,22.19075478,NA,50.5,1539
20 March 1991,30.02695664,NA,43,1540
21 March 1991,22,NA,38,1541
22 March 1991,17.93826205,NA,40.5,1542
23 March 1991,16.27272727,NA,44.5,1543
24 March 1991,9.569825675,NA,50.5,1544
25 March 1991,58.00952734,NA,48.5,1545
26 March 1991,12.90925544,NA,40,1546
27 March 1991,21,NA,39,1547
28 March 1991,24.88896495,NA,39.5,1548
29 March 1991,35.26408809,NA,39.5,1549
30 March 1991,28.98614551,NA,41.5,1550
31 March 1991,28.68248263,NA,48.5,1551
01 April 1991,28.98108027,NA,56.5,1552
02 April 1991,26.38822108,NA,52,1553
03 April 1991,17.98026284,NA,48.5,1554
04 April 1991,28.34423038,NA,55,1555
05 April 1991,37.43050695,NA,66,1556
06 April 1991,51.44573513,NA,63,1557
07 April 1991,10.40632085,NA,47,1558
08 April 1991,9.999999995,NA,39.5,1559
09 April 1991,39.37088959,NA,47,1560
10 April 1991,14,NA,37.5,1561
11 April 1991,14.81940122,NA,33.5,1562
12 April 1991,21.10154321,NA,38.5,1563
13 April 1991,7.255908783,NA,37.5,1564
14 April 1991,17,NA,48,1565
15 April 1991,29.73123418,NA,56,1566
16 April 1991,21,NA,50,1567
17 April 1991,34.65517106,NA,47.5,1568
18 April 1991,20.07626546,NA,45,1569
19 April 1991,28.58909089,NA,49,1570
20 April 1991,37.97606639,NA,55.5,1571
21 April 1991,13.01952299,NA,50,1572
22 April 1991,22.46287979,NA,50,1573
23 April 1991,19.32357988,NA,52.5,1574
24 April 1991,21.90096543,NA,54,1575
25 April 1991,7.856544177,NA,42.5,1576
26 April 1991,6.999999998,NA,39.5,1577
27 April 1991,7.463916268,NA,38,1578
28 April 1991,7.601385138,NA,42,1579
29 April 1991,11.57526053,NA,42.5,1580
30 April 1991,10.36718834,NA,46.5,1581
01 May 1991,58.78021909,NA,56.5,1582
02 May 1991,44.56103616,NA,48,1583
03 May 1991,12.38882335,NA,45.5,1584
04 May 1991,15,NA,47.5,1585
05 May 1991,8.559843175,NA,51.5,1586
06 May 1991,30.55853328,NA,58.5,1587
07 May 1991,24.17212318,NA,56.5,1588
08 May 1991,67,NA,67,1589
09 May 1991,6.860796476,NA,47,1590
10 May 1991,13,NA,44,1591
11 May 1991,10.95605527,NA,45,1592
12 May 1991,7.863226271,NA,50.5,1593
13 May 1991,25.94640804,NA,58,1594
14 May 1991,21,NA,52.5,1595
15 May 1991,13.03016929,NA,53.5,1596
16 May 1991,31.91486166,NA,56.5,1597
17 May 1991,105.1825197,NA,62,1598
18 May 1991,95,NA,52,1599
19 May 1991,31.58605054,NA,54.5,1600
20 May 1991,27.90554325,NA,59.5,1601
21 May 1991,42.91473123,NA,62.5,1602
22 May 1991,26.79988746,NA,60,1603
23 May 1991,NA,NA,60,1604
24 May 1991,16.93230958,NA,66,1605
25 May 1991,9.895710059,NA,67,1606
26 May 1991,7.973439738,NA,55.5,1607
27 May 1991,5.010521395,NA,56.5,1608
28 May 1991,19.43368984,NA,57.5,1609
29 May 1991,NA,NA,61,1610
30 May 1991,2.897352056,NA,53.5,1611
31 May 1991,NA,NA,58.5,1612
01 June 1991,10.45668449,NA,57.5,1613
02 June 1991,5.90609647,NA,54,1614
03 June 1991,11.94349377,NA,64,1615
04 June 1991,20.93671678,NA,69.5,1616
05 June 1991,15.1087169,NA,59.5,1617
06 June 1991,28.11934981,NA,61.5,1618
07 June 1991,25.14294827,NA,68,1619
08 June 1991,21.316372,NA,67,1620
09 June 1991,20.13949833,NA,68,1621
10 June 1991,50.83928002,NA,68,1622
11 June 1991,29,NA,74.5,1623
12 June 1991,46.44997256,NA,75.5,1624
13 June 1991,34.25979229,NA,76,1625
14 June 1991,23.02185647,NA,63,1626
15 June 1991,27.7568173,NA,63.5,1627
16 June 1991,35.92557506,NA,77,1628
17 June 1991,28.82630574,NA,72,1629
18 June 1991,69.61242604,NA,73.5,1630
19 June 1991,54.76123547,NA,81,1631
20 June 1991,59.65352287,NA,68,1632
21 June 1991,46.47051032,NA,68,1633
22 June 1991,34.17302794,NA,72,1634
23 June 1991,26.01278848,NA,75,1635
24 June 1991,33.87975424,NA,76.5,1636
25 June 1991,29.23008573,NA,67,1637
26 June 1991,20.80645159,NA,65,1638
27 June 1991,31.50466066,NA,65,1639
28 June 1991,22.20267968,NA,69.5,1640
29 June 1991,26.4790532,NA,72,1641
30 June 1991,10.21466215,NA,65,1642
01 July 1991,22.06713733,NA,67,1643
02 July 1991,31.48011309,NA,72.5,1644
03 July 1991,42.33650324,NA,76,1645
04 July 1991,73.05870077,NA,78,1646
05 July 1991,37.34966777,NA,84,1647
06 July 1991,31.06784972,NA,84,1648
07 July 1991,25.29429065,NA,80,1649
08 July 1991,30.10787354,NA,77,1650
09 July 1991,21.63637814,NA,76,1651
10 July 1991,21.69259115,NA,76.5,1652
11 July 1991,27.46373979,NA,78.5,1653
12 July 1991,41.02744546,NA,79,1654
13 July 1991,39.495,NA,83,1655
14 July 1991,28.46708358,NA,86,1656
15 July 1991,24.63757396,NA,86,1657
16 July 1991,31.94630195,NA,87,1658
17 July 1991,28.76556777,NA,85.5,1659
18 July 1991,33.26395491,NA,77.5,1660
19 July 1991,33.67869299,NA,76.5,1661
20 July 1991,24.62468119,NA,77.5,1662
21 July 1991,14.50514489,NA,79.5,1663
22 July 1991,32.22420321,NA,75,1664
23 July 1991,46.10455492,NA,76,1665
24 July 1991,43.83978855,NA,82,1666
25 July 1991,37.86697761,NA,79,1667
26 July 1991,32.66838179,NA,76.5,1668
27 July 1991,25.64954017,NA,76,1669
28 July 1991,29.31787639,NA,78.5,1670
29 July 1991,58.96415503,NA,83,1671
30 July 1991,34.58047694,NA,83,1672
31 July 1991,42.56763448,NA,81.5,1673
01 August 1991,24.83202165,NA,76,1674
02 August 1991,37.57820766,NA,76.5,1675
03 August 1991,26.14631007,NA,76,1676
04 August 1991,17.48571056,NA,73.5,1677
05 August 1991,22.23086021,NA,74,1678
06 August 1991,29.22233704,NA,78.5,1679
07 August 1991,24.73202862,NA,79.5,1680
08 August 1991,37.14854427,NA,80,1681
09 August 1991,45.47337278,NA,81.5,1682
10 August 1991,29.59566773,NA,85,1683
11 August 1991,22.7071006,NA,82.5,1684
12 August 1991,17,NA,78.5,1685
13 August 1991,32.72307692,NA,82,1686
14 August 1991,30,NA,81,1687
15 August 1991,18.0295858,NA,76.5,1688
16 August 1991,26,NA,76,1689
17 August 1991,26.00902116,NA,79,1690
18 August 1991,26.13609467,NA,72.5,1691
19 August 1991,25.74974175,NA,78,1692
20 August 1991,39.13313609,NA,77.5,1693
21 August 1991,77.19121584,NA,80,1694
22 August 1991,38,NA,83,1695
23 August 1991,60.29448436,NA,83.5,1696
24 August 1991,37.33165536,NA,81,1697
25 August 1991,22.4038134,NA,81,1698
26 August 1991,26.41154444,NA,78,1699
27 August 1991,25.92939362,NA,76.5,1700
28 August 1991,23.51317273,NA,71.5,1701
29 August 1991,54.34894812,NA,73.5,1702
30 August 1991,42.3806699,NA,77,1703
31 August 1991,53.89998841,NA,80,1704
01 September 1991,18,NA,75.5,1705
02 September 1991,29.45040089,NA,75.5,1706
03 September 1991,35.70025222,NA,75,1707
04 September 1991,56.89829835,NA,74,1708
05 September 1991,48.43712671,NA,75,1709
06 September 1991,25.54722419,NA,69,1710
07 September 1991,15,NA,62.5,1711
08 September 1991,6.218995642,NA,65.5,1712
09 September 1991,19.04522229,NA,64.5,1713
10 September 1991,17.05504635,NA,64.5,1714
11 September 1991,18.9569915,NA,60,1715
12 September 1991,27.82843447,NA,58.5,1716
13 September 1991,22,NA,61,1717
14 September 1991,22.07462366,NA,60,1718
15 September 1991,15,NA,54,1719
16 September 1991,31.02298939,NA,58,1720
17 September 1991,33.32963321,NA,64.5,1721
18 September 1991,44.04455759,NA,63,1722
19 September 1991,38.35810811,NA,65,1723
20 September 1991,43.47266953,NA,67.5,1724
21 September 1991,41.40588803,NA,60,1725
22 September 1991,35.55229062,NA,55,1726
23 September 1991,49.36164736,NA,58,1727
24 September 1991,53.87710474,NA,58.5,1728
25 September 1991,50.11412429,NA,64.5,1729
26 September 1991,59.82116635,NA,67.5,1730
27 September 1991,47.54858757,NA,69,1731
28 September 1991,22.82913116,NA,64.5,1732
29 September 1991,18,NA,63.5,1733
30 September 1991,31.79918338,NA,61.5,1734
01 October 1991,30.14100081,NA,64,1735
02 October 1991,36.2164214,NA,65.5,1736
03 October 1991,35.56334746,NA,62.5,1737
04 October 1991,40.65851493,NA,53,1738
05 October 1991,30,NA,54.5,1739
06 October 1991,47.140885,NA,59,1740
07 October 1991,52.05710629,NA,63,1741
08 October 1991,60.06351421,NA,62.5,1742
09 October 1991,45,NA,59.5,1743
10 October 1991,60.52829095,NA,61,1744
11 October 1991,58,NA,62.5,1745
12 October 1991,60.17704523,NA,63,1746
13 October 1991,42.05454656,NA,58.5,1747
14 October 1991,53.41308232,NA,56.5,1748
15 October 1991,58.59988729,NA,60.5,1749
16 October 1991,58.8787635,NA,68,1750
17 October 1991,42.07191614,NA,64.5,1751
18 October 1991,40.40618032,NA,56,1752
19 October 1991,31,NA,52.5,1753
20 October 1991,43.54740519,NA,51,1754
21 October 1991,34.00265003,NA,54,1755
22 October 1991,72.808294,NA,63.5,1756
23 October 1991,15,NA,45.5,1757
24 October 1991,20.30973816,NA,41.5,1758
25 October 1991,26,NA,45,1759
26 October 1991,16.78252644,NA,51.5,1760
27 October 1991,7.101098109,NA,37,1761
28 October 1991,8.655225263,NA,33.5,1762
29 October 1991,17.13790025,NA,32.5,1763
30 October 1991,25.06531076,NA,29,1764
31 October 1991,38.10274155,NA,30.5,1765
01 November 1991,22.58115665,NA,38,1766
02 November 1991,23.37030531,NA,30.5,1767
03 November 1991,34.83829365,NA,28.5,1768
04 November 1991,55,NA,41,1769
05 November 1991,47.91418651,NA,47.5,1770
06 November 1991,19,NA,53,1771
07 November 1991,25.30228442,NA,49,1772
08 November 1991,51.63283402,NA,50.5,1773
09 November 1991,34.74596287,NA,49,1774
10 November 1991,25.61617357,NA,48,1775
11 November 1991,38.67080899,NA,44,1776
12 November 1991,52.57457047,NA,44,1777
13 November 1991,43.73034059,NA,45,1778
14 November 1991,5.551754881,NA,40,1779
15 November 1991,15.6896559,NA,42,1780
16 November 1991,30.84297573,NA,40.5,1781
17 November 1991,20.10403508,NA,41.5,1782
18 November 1991,13,NA,40.5,1783
19 November 1991,15.02982383,NA,39,1784
20 November 1991,20.45858627,NA,40,1785
21 November 1991,11.01163223,NA,37,1786
22 November 1991,16.41157773,NA,32.5,1787
23 November 1991,23.01557436,NA,29,1788
24 November 1991,34.39341756,NA,34.5,1789
25 November 1991,46.06069894,NA,42.5,1790
26 November 1991,31.75515464,NA,48,1791
27 November 1991,17.60440066,NA,42.5,1792
28 November 1991,18.31181046,NA,32,1793
29 November 1991,9.686835333,NA,30.5,1794
30 November 1991,21.87084155,NA,20.5,1795
01 December 1991,26.63560598,NA,17.5,1796
02 December 1991,29.68102899,NA,28,1797
03 December 1991,39.56872618,NA,29.5,1798
04 December 1991,74.92228941,NA,29.5,1799
05 December 1991,101.5355066,NA,30,1800
06 December 1991,138.0597633,NA,30,1801
07 December 1991,36.03767021,NA,39.5,1802
08 December 1991,20,NA,34,1803
09 December 1991,34.95732575,NA,31.5,1804
10 December 1991,59.93760039,NA,30,1805
11 December 1991,61.96950279,NA,30,1806
12 December 1991,49.85281793,NA,33,1807
13 December 1991,23.66154952,NA,35.5,1808
14 December 1991,46.10295091,NA,33,1809
15 December 1991,63.24462849,NA,30.5,1810
16 December 1991,104,NA,30,1811
17 December 1991,97.9189668,NA,28.5,1812
18 December 1991,77,NA,35,1813
19 December 1991,21.05618213,NA,34,1814
20 December 1991,30.44313138,NA,29.5,1815
21 December 1991,55.13684592,NA,26.5,1816
22 December 1991,72,NA,28,1817
23 December 1991,67.98139044,NA,28.5,1818
24 December 1991,72.16135609,NA,27,1819
25 December 1991,57.43356669,NA,26,1820
26 December 1991,70.01185516,NA,26.5,1821
27 December 1991,78.41903568,NA,26.5,1822
28 December 1991,84.37972009,NA,30,1823
29 December 1991,NA,NA,26.5,1824
30 December 1991,49.90571967,NA,29.5,1825
31 December 1991,43.27748252,NA,32,1826
01 January 1992,29.48236159,NA,29,1827
02 January 1992,47.8,NA,28,1828
03 January 1992,68.54208331,NA,27,1829
04 January 1992,64.1752943,NA,26,1830
05 January 1992,35,NA,29,1831
06 January 1992,18.7639182,NA,38.5,1832
07 January 1992,9.421910099,NA,32,1833
08 January 1992,31.80358417,NA,25.5,1834
09 January 1992,60.74183362,NA,23,1835
10 January 1992,62.27588633,NA,18,1836
11 January 1992,78.51941521,NA,21.5,1837
12 January 1992,58.43152587,NA,24,1838
13 January 1992,43.49602339,NA,21,1839
14 January 1992,38.45055138,NA,30.5,1840
15 January 1992,43.56417249,NA,27,1841
16 January 1992,65.92893508,NA,29,1842
17 January 1992,86.06558311,NA,28.5,1843
18 January 1992,69.92063394,NA,18.5,1844
19 January 1992,96.7990681,NA,15.5,1845
20 January 1992,124.1269293,NA,14,1846
21 January 1992,125.8870322,NA,22.5,1847
22 January 1992,123.9395648,NA,21,1848
23 January 1992,145.7084297,NA,28.5,1849
24 January 1992,113.441613,NA,30,1850
25 January 1992,78.08383721,NA,32,1851
26 January 1992,104.9791655,NA,29.5,1852
27 January 1992,135.2004908,NA,32,1853
28 January 1992,136.8729028,NA,23,1854
29 January 1992,135.0726209,NA,24.5,1855
30 January 1992,71.25290222,NA,25,1856
31 January 1992,91.07702683,NA,26.5,1857
01 February 1992,90.73027932,NA,24,1858
02 February 1992,90.18977566,NA,23.5,1859
03 February 1992,42.93898032,NA,29,1860
04 February 1992,40.9975785,46.28412955,34.5,1861
05 February 1992,75.17736242,54.81076597,32.5,1862
06 February 1992,99.55138278,66.03952079,31.5,1863
07 February 1992,95.93209877,67.55543242,33,1864
08 February 1992,108.7910074,63.78612446,36.5,1865
09 February 1992,57.80579896,38.33721017,40,1866
10 February 1992,17.97746196,25.3188781,44,1867
11 February 1992,11.35150269,24.01957869,41,1868
12 February 1992,15.2720243,27.04812469,42,1869
13 February 1992,14.80521146,23.70935657,40.5,1870
14 February 1992,12.18716151,31.58979135,41,1871
15 February 1992,14,15.36153048,43.5,1872
16 February 1992,9.501257075,19.10066092,37,1873
17 February 1992,18.20766494,30.25645802,36.5,1874
18 February 1992,21.55939661,33.95983996,37.5,1875
19 February 1992,16.54466386,25.29686526,43.5,1876
20 February 1992,12.49306812,23.19160273,49,1877
21 February 1992,18.14656498,30.97904892,46,1878
22 February 1992,15.38270631,28.75067027,42.5,1879
23 February 1992,9.181548747,23.33468569,41,1880
24 February 1992,22.60906653,35.75965988,40,1881
25 February 1992,21.68492366,26.64584466,42.5,1882
26 February 1992,37.66385628,37.7670094,41.5,1883
27 February 1992,54.6041252,46.04319892,45,1884
28 February 1992,58.16064033,49.01544697,47,1885
29 February 1992,44.54215177,35.61366035,51.5,1886
01 March 1992,15.00247291,20.42791368,52.5,1887
02 March 1992,33.61349148,26.13833837,53,1888
03 March 1992,30,32.06280239,49.5,1889
04 March 1992,18.23697019,33.53133413,44,1890
05 March 1992,24,26.89320033,48,1891
06 March 1992,18.41082732,28.36880186,49,1892
07 March 1992,14.66854923,22.64507546,46.5,1893
08 March 1992,19.96225883,21.46395598,47.5,1894
09 March 1992,12,17.19968309,45,1895
10 March 1992,26.44089229,29.20922375,43.5,1896
11 March 1992,35.54285714,34.69956379,44,1897
12 March 1992,60.31382924,40.66195672,47.5,1898
13 March 1992,59.77848774,36.38332352,52.5,1899
14 March 1992,28.63922125,27.44957349,55,1900
15 March 1992,22.6581487,15.83097708,56.5,1901
16 March 1992,29.34567032,15.86120769,54,1902
17 March 1992,12.00000001,24.1160883,40,1903
18 March 1992,10.33600707,24.06842798,43,1904
19 March 1992,13.83831761,26.0692759,44.5,1905
20 March 1992,25.28229806,32.70600206,47.5,1906
21 March 1992,31.61950983,33.14053282,49,1907
22 March 1992,3.898809528,10.61376035,50,1908
23 March 1992,12,19.18708548,49.5,1909
24 March 1992,16.27871855,21.75954367,49.5,1910
25 March 1992,25.92366864,32.76512564,50,1911
26 March 1992,25.68608558,29.91813672,50.5,1912
27 March 1992,21,26.17861786,51.5,1913
28 March 1992,27.24073466,25.44515941,50.5,1914
29 March 1992,23.43325929,24.36659805,51.5,1915
30 March 1992,27.64050174,29.83233169,55.5,1916
31 March 1992,23.68655906,24.42435114,52.5,1917
01 April 1992,29.57966301,16.92435114,51,1918
02 April 1992,34.37244401,37.09101781,52.5,1919
03 April 1992,51.75812194,31.64090553,59,1920
04 April 1992,27,24.56054346,61.5,1921
05 April 1992,24.60951663,15.21724476,53,1922
06 April 1992,29,27.34661219,47.5,1923
07 April 1992,41.6239029,35.47088056,49.5,1924
08 April 1992,44.36952288,31.6702549,55,1925
09 April 1992,50.9475968,31.20009683,59,1926
10 April 1992,30,24.6356669,59,1927
11 April 1992,33.11830672,16.19874948,62.5,1928
12 April 1992,32.56762334,8.716102529,69.5,1929
13 April 1992,32.461768,19.92443586,66,1930
14 April 1992,42.21693102,31.74451378,60.5,1931
15 April 1992,47.02026611,22.29499054,58.5,1932
16 April 1992,29,23.56412485,58,1933
17 April 1992,33.03003454,21.27742221,54,1934
18 April 1992,13,14.6083455,45.5,1935
19 April 1992,15.25743572,15.84044713,48,1936
20 April 1992,20.81943446,25.99852528,48.5,1937
21 April 1992,25.92441904,24.18902729,57.5,1938
22 April 1992,13.2772217,20.64423612,52,1939
23 April 1992,14.5469646,23.08631589,46.5,1940
24 April 1992,27.60983612,35.01923388,50,1941
25 April 1992,31.55766322,33.15053606,57,1942
26 April 1992,30.75241309,26.65866782,65.5,1943
27 April 1992,31.88875333,28.94555146,70.5,1944
28 April 1992,47.71381287,28.58507769,65.5,1945
29 April 1992,40.48030431,32.93018672,69.5,1946
30 April 1992,49,NA,67,1947
01 May 1992,52.45257819,21.78027694,56.5,1948
02 May 1992,19.53710692,24.59546666,57,1949
03 May 1992,37.80000372,28.0574095,61,1950
04 May 1992,59.6543748,34.90758258,64,1951
05 May 1992,37.85708181,38.42397392,67,1952
06 May 1992,46.57782271,26.19448497,70.5,1953
07 May 1992,37.58452381,18.96765476,69.5,1954
08 May 1992,36.61332567,19.48538922,67.5,1955
09 May 1992,23.47596444,12.50517383,53,1956
10 May 1992,12.58659643,12.61559288,54.5,1957
11 May 1992,25.21383789,20.01560574,65.5,1958
12 May 1992,26.62416032,20.07186571,65,1959
13 May 1992,15.8472767,12.00446871,69,1960
14 May 1992,26,25.9282875,68,1961
15 May 1992,27.24393897,24.0072058,69,1962
16 May 1992,21,21.59607062,65,1963
17 May 1992,29.31939421,22.22531303,69.5,1964
18 May 1992,24.00000001,22.88281967,75,1965
19 May 1992,27.06730052,15.46235706,71,1966
20 May 1992,16,13.24878946,66.5,1967
21 May 1992,15.57756556,28.98451776,54.5,1968
22 May 1992,29,30.72603699,62,1969
23 May 1992,19.49736852,22.14187428,69,1970
24 May 1992,15.89491278,14.89628779,70,1971
25 May 1992,18.41468254,16.49944989,72,1972
26 May 1992,24,19.43180024,68,1973
27 May 1992,19.93095238,19.39281334,64,1974
28 May 1992,25,25.08138507,65,1975
29 May 1992,26.43642264,21.43532787,70.5,1976
30 May 1992,19.41124261,17.89598761,67,1977
31 May 1992,22.52363699,17.84583116,66.5,1978
01 June 1992,24.56955011,18.06684139,63.5,1979
02 June 1992,84.89894835,23.52660183,71,1980
03 June 1992,18,20.75279231,71.5,1981
04 June 1992,41.29007937,27.92144327,72,1982
05 June 1992,25.85274162,19.46339595,65,1983
06 June 1992,34.15401235,18.96823045,64.5,1984
07 June 1992,17,13.13122969,70,1985
08 June 1992,42.43941297,22.58770446,69.5,1986
09 June 1992,29.82675871,20.88063317,72.5,1987
10 June 1992,53.85032603,22.19432697,74.5,1988
11 June 1992,19.73968778,10.7868498,77.5,1989
12 June 1992,125.4396681,15.59860318,74,1990
13 June 1992,42,8.193722696,59,1991
14 June 1992,21.33948392,8.898904579,58,1992
15 June 1992,13,11.57669334,57.5,1993
16 June 1992,10.26818818,15.47971608,56,1994
17 June 1992,21.35191122,19.78203558,64,1995
18 June 1992,41.30844496,30.42739639,71.5,1996
19 June 1992,31.38005046,25.34114803,74.5,1997
20 June 1992,36.22740351,28.07346686,72,1998
21 June 1992,32.45015213,30.71881472,75.5,1999
22 June 1992,50.24001672,31.67503885,79,2000
23 June 1992,37,32.51561389,80,2001
24 June 1992,46.00051261,17.2154045,80,2002
25 June 1992,23.07407073,11.72849576,78,2003
26 June 1992,29.38142513,19.12223993,72.5,2004
27 June 1992,20,18.83440353,73,2005
28 June 1992,23.1570556,14.89941652,79.5,2006
29 June 1992,46.09008046,13.42587569,76,2007
30 June 1992,13.53002588,14.89994514,61.5,2008
01 July 1992,15.00000001,16.55566404,56,2009
02 July 1992,16.11628783,16.75609153,62,2010
03 July 1992,27.19197485,25.75250957,71,2011
04 July 1992,24.51946357,17.16085255,78,2012
05 July 1992,23.79947403,4.662811423,83,2013
06 July 1992,25.08007637,20.71688606,76.5,2014
07 July 1992,17,11.93037158,73,2015
08 July 1992,20.9578597,14.07846746,74.5,2016
09 July 1992,20,16.70459945,74.5,2017
10 July 1992,37.31276496,26.24244405,74,2018
11 July 1992,18.07395983,12.79095692,75,2019
12 July 1992,6.308829067,10.84556996,66.5,2020
13 July 1992,16,19.15650368,70.5,2021
14 July 1992,9.801567053,22.71922164,77,2022
15 July 1992,22,21.44818095,77,2023
16 July 1992,36.36540482,26.84819451,74.5,2024
17 July 1992,32.05755544,29.62781171,77,2025
18 July 1992,27.81201351,20.14212844,79.5,2026
19 July 1992,20,13.17480798,80,2027
20 July 1992,35.63834394,15.90926939,82,2028
21 July 1992,33,20.99945778,73.5,2029
22 July 1992,39.32010346,16.97785908,78,2030
23 July 1992,36.81078431,18.21086513,79,2031
24 July 1992,40.2510141,24.94579737,73,2032
25 July 1992,17.49016544,14.50164505,78.5,2033
26 July 1992,24.11289163,18.70914748,76.5,2034
27 July 1992,37.09433893,29.25154903,80.5,2035
28 July 1992,43.87796323,27.8279895,82.5,2036
29 July 1992,41.8042322,43.71430446,80,2037
30 July 1992,51.4279015,23.48484515,77,2038
31 July 1992,44.68808731,31.40786804,80,2039
01 August 1992,38.29861473,27.04543375,82,2040
02 August 1992,35.10319169,23.99008074,85,2041
03 August 1992,36.8527846,23.99471559,86.5,2042
04 August 1992,42.99050341,21.27471378,84.5,2043
05 August 1992,44.39210406,18.29100878,82,2044
06 August 1992,24.16970997,15.42516371,80.5,2045
07 August 1992,24.71455252,17.01845826,80,2046
08 August 1992,25.30961286,14.56659564,84.5,2047
09 August 1992,22.77581539,19.31548061,84.5,2048
10 August 1992,48.76755279,36.46237028,80.5,2049
11 August 1992,40.68334007,34.59078679,81,2050
12 August 1992,44.68944099,27.84480609,82,2051
13 August 1992,40.73176155,NA,85,2052
14 August 1992,37,NA,85,2053
15 August 1992,31.40989219,NA,83.5,2054
16 August 1992,15.76011478,NA,77.5,2055
17 August 1992,21.34089275,NA,76,2056
18 August 1992,36.64713902,29.01430844,79,2057
19 August 1992,65.97037025,33.00602043,81.5,2058
20 August 1992,44,28.33324027,83,2059
21 August 1992,37.23244782,11.24003044,85,2060
22 August 1992,66.86261962,11.38937858,73,2061
23 August 1992,33.54265727,16.90353023,63.5,2062
24 August 1992,20.44158879,23.28496159,60,2063
25 August 1992,29.81510006,19.37542112,62.5,2064
26 August 1992,33.12285949,27.77314089,58.5,2065
27 August 1992,44.40421927,32.49678761,66.5,2066
28 August 1992,35.99064884,30.24009349,74,2067
29 August 1992,45.68710823,30.64643252,73,2068
30 August 1992,32.82116207,16.53560786,73,2069
31 August 1992,19.28896807,21.82385051,65.5,2070
01 September 1992,21.29245448,19.4411381,66.5,2071
02 September 1992,30.71265851,26.18950789,70,2072
03 September 1992,28.46119186,20.17129248,74.5,2073
04 September 1992,12.10854408,15.33677206,64,2074
05 September 1992,14,11.48216152,64.5,2075
06 September 1992,11.55478193,10.97094358,64,2076
07 September 1992,18,16.1004545,59,2077
08 September 1992,31.16119288,30.4782953,65.5,2078
09 September 1992,22.65247676,26.33833288,64,2079
10 September 1992,45.47364281,38.34248767,66,2080
11 September 1992,46.35857558,34.63546013,71,2081
12 September 1992,36.60846003,11.73173269,72.5,2082
13 September 1992,28.14663381,19.50327827,60,2083
14 September 1992,46.26799405,28.8789237,68,2084
15 September 1992,26.94756144,18.44983675,74.5,2085
16 September 1992,41.81678767,24.85706609,72.5,2086
17 September 1992,32.35126445,21.84824823,71.5,2087
18 September 1992,49.24929183,35.51265299,67,2088
19 September 1992,33.43359827,14.31660227,68,2089
20 September 1992,14.7597989,11.52717163,64,2090
21 September 1992,26.27990564,25.6279325,66,2091
22 September 1992,41.68796388,32.20809483,72,2092
23 September 1992,42,19.66779722,77.5,2093
24 September 1992,83.56666324,9.437142457,70.5,2094
25 September 1992,20,17.36560519,54,2095
26 September 1992,25.55914719,26.20924908,55.5,2096
27 September 1992,25.75250422,27.50328117,61,2097
28 September 1992,55.60770722,39.85222833,65,2098
29 September 1992,41.72717123,35.8866872,67.5,2099
30 September 1992,50.52396218,NA,69,2100
01 October 1992,46.41499278,NA,71,2101
02 October 1992,46.59354763,37.99061577,72.5,2102
03 October 1992,24.82570457,21.01180625,55.5,2103
04 October 1992,11.65736851,16.85442529,53,2104
05 October 1992,23.41844292,30.60906957,54,2105
06 October 1992,36.73373414,22.7634148,53.5,2106
07 October 1992,26.47539301,24.90055766,48,2107
08 October 1992,45.97648247,29.94527533,55,2108
09 October 1992,29.78182781,33.47599997,55.5,2109
10 October 1992,45.04277275,32.35486902,53,2110
11 October 1992,31.52258285,34.41572219,57.5,2111
12 October 1992,64.23072609,NA,63.5,2112
13 October 1992,35,29.10068404,62.5,2113
14 October 1992,24.63476817,25.77125908,54.5,2114
15 October 1992,30.79195239,26.29899781,49,2115
16 October 1992,42.49209931,34.54660062,57,2116
17 October 1992,29.61718258,30.2022735,54,2117
18 October 1992,38.62570844,31.66709493,57.5,2118
19 October 1992,52,47.9153038,58,2119
20 October 1992,69.15037922,52.74526051,60,2120
21 October 1992,37.35212544,24.53947047,63,2121
22 October 1992,21.11053764,23.85993372,55,2122
23 October 1992,45.2917867,43.25661591,53.5,2123
24 October 1992,39.77354292,36.50521581,57.5,2124
25 October 1992,24,23.62255536,53.5,2125
26 October 1992,26.71633177,25.61548065,54.5,2126
27 October 1992,28.79274471,37.17496478,56,2127
28 October 1992,17.16565758,25.75639335,55.5,2128
29 October 1992,15,20.22058382,54,2129
30 October 1992,14.66688127,23.31639677,48,2130
31 October 1992,11.8273238,18.18327126,45.5,2131
01 November 1992,9.727714157,21.2930112,45,2132
02 November 1992,3.837209302,14.31966125,42.5,2133
03 November 1992,14.35302233,15.47360031,38.5,2134
04 November 1992,21.88240925,11.31535677,34.5,2135
05 November 1992,21.83018325,10.78214385,39.5,2136
06 November 1992,28.72191984,14.57232666,41.5,2137
07 November 1992,16.40369163,11.44870471,48.5,2138
08 November 1992,10.68129967,8.382369913,39.5,2139
09 November 1992,13.3905673,9.355795404,36.5,2140
10 November 1992,22.29373538,14.92124693,33.5,2141
11 November 1992,28.79591283,14.13349764,31.5,2142
12 November 1992,49,18.86848102,34.5,2143
13 November 1992,57.2469605,23.11306946,40,2144
14 November 1992,63,21.81509553,42,2145
15 November 1992,74.77957802,20.43756136,41,2146
16 November 1992,94,27.87626135,41.5,2147
17 November 1992,101.78514,24.91694996,40.5,2148
18 November 1992,49.63741122,18.62658064,40,2149
19 November 1992,18.2839654,10.24058463,38.5,2150
20 November 1992,9.706947302,8.295295853,31.5,2151
21 November 1992,33.7904049,11.90082766,27,2152
22 November 1992,15,7.823068467,34,2153
23 November 1992,2.886716796,11.315115,29,2154
24 November 1992,32,13.60820617,22.5,2155
25 November 1992,59.24206537,21.00431469,18,2156
26 November 1992,54.73189157,19.31451607,19.5,2157
27 November 1992,60.69639167,25.29139372,22,2158
28 November 1992,60.61024182,21.2107881,28.5,2159
29 November 1992,28.27354477,27.4916947,23.5,2160
30 November 1992,49.91157299,39.49996189,22.5,2161
01 December 1992,87.35664067,46.20944618,29.5,2162
02 December 1992,71,NA,32,2163
03 December 1992,33.08491685,35.5497494,23.5,2164
04 December 1992,23.75027659,22.60631398,14,2165
05 December 1992,30.98831169,29.5681234,22,2166
06 December 1992,54.34887218,55.12269316,19,2167
07 December 1992,36.50961718,33.73455265,32,2168
08 December 1992,24.53233083,22.19321114,42,2169
09 December 1992,11.21493213,18.81886109,38,2170
10 December 1992,33.74594089,33.35734421,39,2171
11 December 1992,25.77096172,27.59256501,39,2172
12 December 1992,13,14.52873943,33,2173
13 December 1992,9.214781298,19.15235662,27,2174
14 December 1992,30.97934666,31.5452206,24,2175
15 December 1992,26.03669806,31.21564464,20.5,2176
16 December 1992,32,32.62981843,15.5,2177
17 December 1992,11.13650794,19.70713541,27.5,2178
18 December 1992,17.94231551,24.72535715,26,2179
19 December 1992,35.21512605,33.89095544,17,2180
20 December 1992,37.16006683,36.23570801,18,2181
21 December 1992,39.95038979,38.53008879,26.5,2182
22 December 1992,52.94719228,41.6025603,28,2183
23 December 1992,53.14937836,43.49990292,28.5,2184
24 December 1992,55.98766998,41.25103065,26,2185
25 December 1992,62.021581,37.76711565,25,2186
26 December 1992,56.99510036,47.29314635,23.5,2187
27 December 1992,30.99485525,25.80800039,26,2188
28 December 1992,11,15.74314334,38.5,2189
29 December 1992,3.836068592,2.842611645,40,2190
30 December 1992,12.27863246,24.71169171,26,2191
31 December 1992,31.31598907,44.44717366,22,2192
01 January 1993,36.31423022,39.66635592,30,2193
02 January 1993,NA,14.68876343,30,2194
03 January 1993,21,22.0846716,12.5,2195
04 January 1993,36.33299815,42.4189546,12.5,2196
05 January 1993,91.20401014,74.52967088,8,2197
06 January 1993,77.28699547,90.38307133,18.5,2198
07 January 1993,58.48198198,50.39862144,23.5,2199
08 January 1993,48.3908443,53.80663857,24.5,2200
09 January 1993,38.05824222,46.92624766,28.5,2201
10 January 1993,29.11345103,43.00255139,29,2202
11 January 1993,11.90265354,26.27965469,27.5,2203
12 January 1993,44.02619379,50.38931432,17,2204
13 January 1993,67.6580908,66.05308764,24,2205
14 January 1993,64.93100057,63.35255083,20.5,2206
15 January 1993,63.96228384,60.49224487,30,2207
16 January 1993,NA,57.59255609,31,2208
17 January 1993,38.91100179,44.1170539,28,2209
18 January 1993,38.44062283,44.97786824,33,2210
19 January 1993,31.22268029,38.46525723,29.5,2211
20 January 1993,38.47019248,53.05108884,32,2212
21 January 1993,37.35366347,51.28414191,38,2213
22 January 1993,15.43375566,20.18662292,36.5,2214
23 January 1993,25.38225371,29.98971399,25.5,2215
24 January 1993,45.43957879,54.19432865,26.5,2216
25 January 1993,65.3588619,53.28039228,25,2217
26 January 1993,70.35955426,73.88365171,21,2218
27 January 1993,113.7001799,89.27315227,20.5,2219
28 January 1993,96.425,90.47990176,19.5,2220
29 January 1993,106.4300495,68.44304028,20,2221
30 January 1993,79.49771824,65.25307134,18.5,2222
31 January 1993,81.55716124,64.83812051,23.5,2223
01 February 1993,64.95994411,52.09073956,26.5,2224
02 February 1993,51,34.23743869,30,2225
03 February 1993,41.53480704,31.92782289,29,2226
04 February 1993,59.79110223,45.51204908,24.5,2227
05 February 1993,80.44596266,58.7185967,22,2228
06 February 1993,94,57.55919712,26.5,2229
07 February 1993,94.24163051,61.74098024,26.5,2230
08 February 1993,70.70120695,79.12417829,31.5,2231
09 February 1993,54.62645945,41.98666794,35,2232
10 February 1993,54.21889817,NA,33.5,2233
11 February 1993,30.64773951,57.8071519,37,2234
12 February 1993,23.36046511,25.54811438,35,2235
13 February 1993,34.18469328,NA,32,2236
14 February 1993,45.00244329,NA,25,2237
15 February 1993,43.18322431,NA,26,2238
16 February 1993,34,41.54533734,24,2239
17 February 1993,30.9928525,50.44984011,27,2240
18 February 1993,69.72338242,56.26433542,30,2241
19 February 1993,14.36074562,14.87120161,43,2242
20 February 1993,12.29958691,24.02886644,35,2243
21 February 1993,6.116781515,22.56759884,30.5,2244
22 February 1993,16.67901235,27.63527592,30.5,2245
23 February 1993,24.20539484,39.57639934,33,2246
24 February 1993,18.21947478,37.30756386,33.5,2247
25 February 1993,9.770582567,24.39584973,25,2248
26 February 1993,39.26970374,48.14749293,22,2249
27 February 1993,41.79816883,53.69379574,25,2250
28 February 1993,62.88288953,52.3855211,26.5,2251
01 March 1993,84.22057245,57.16294228,29,2252
02 March 1993,66.09831396,48.06184444,32,2253
03 March 1993,66.73985523,53.5142314,34,2254
04 March 1993,64,52.64651569,36,2255
05 March 1993,77.03191219,54.37883606,35.5,2256
06 March 1993,50.34919115,40.68532463,37.5,2257
07 March 1993,66.91313896,27.87337831,39.5,2258
08 March 1993,91.7616805,44.87279146,40,2259
09 March 1993,64.15930177,46.84009142,40,2260
10 March 1993,105.7101958,61.19902872,41,2261
11 March 1993,20.97983761,29.11094187,39.5,2262
12 March 1993,35.33329765,37.12514374,36,2263
13 March 1993,50.3410958,53.96857098,40.5,2264
14 March 1993,45.33077906,38.96841788,46,2265
15 March 1993,18.77846091,33.12368076,48,2266
16 March 1993,21,30.90445423,52,2267
17 March 1993,15.82805533,28.14958333,55,2268
18 March 1993,18,NA,50,2269
19 March 1993,33.36559673,25.06505843,52.5,2270
20 March 1993,20.34965957,26.64697311,54,2271
21 March 1993,14.47285725,23.9535025,46.5,2272
22 March 1993,48,41.65603108,49,2273
23 March 1993,63.27790943,31.32014912,56.5,2274
24 March 1993,35.52939076,18.23468711,58.5,2275
25 March 1993,30.67551522,16.62657831,59.5,2276
26 March 1993,23.30973545,19.01485142,59.5,2277
27 March 1993,19.15369276,18.82843073,53,2278
28 March 1993,12,18.59592409,46.5,2279
29 March 1993,14.97322,24.03146961,47.5,2280
30 March 1993,15,18.98857426,46.5,2281
31 March 1993,28.86964205,29.5545367,47.5,2282
01 April 1993,23,23.20889424,52.5,2283
02 April 1993,9.61200971,20.04026578,43,2284
03 April 1993,14.19868131,26.71878936,45.5,2285
04 April 1993,12.11703234,15.45698356,52,2286
05 April 1993,22.83985019,21.81806814,44.5,2287
06 April 1993,16.84563547,20.84782322,41,2288
07 April 1993,19.34458646,24.3493405,43.5,2289
08 April 1993,26.40844306,20.58660952,47,2290
09 April 1993,32,13.45158993,50.5,2291
10 April 1993,20.51252804,19.38815115,47.5,2292
11 April 1993,9.999999999,9.988816417,43.5,2293
12 April 1993,3.691992949,13.58683195,40.5,2294
13 April 1993,16,21.26235053,42.5,2295
14 April 1993,19.16672301,25.51206852,43.5,2296
15 April 1993,25.83165162,26.18349275,50.5,2297
16 April 1993,4.676680062,22.823348,49,2298
17 April 1993,24,26.59690816,57,2299
18 April 1993,17.4163443,7.717746049,48,2300
19 April 1993,8.125714281,14.78135702,45,2301
20 April 1993,20.89480224,31.44231541,47,2302
21 April 1993,33.95082315,44.14582925,57,2303
22 April 1993,57.51246203,19.90610676,58.5,2304
23 April 1993,13,13.36001231,48.5,2305
24 April 1993,6.38011559,14.87217479,47,2306
25 April 1993,23.86878094,26.29497204,52,2307
26 April 1993,25.87035654,19.80808263,58,2308
27 April 1993,19,24.12338183,47,2309
28 April 1993,30.20734129,27.88053965,49,2310
29 April 1993,33.87445566,26.78143584,53.5,2311
30 April 1993,16.66053236,22.69216675,50,2312
01 May 1993,16.50630036,21.59838892,49,2313
02 May 1993,16.42002935,37.01854383,56,2314
03 May 1993,50,7.228552975,63,2315
04 May 1993,5.40990267,16.23702192,44.5,2316
05 May 1993,11,22.6488543,43.5,2317
06 May 1993,18.81876939,17.98510563,48.5,2318
07 May 1993,15.00000001,17.68580728,50,2319
08 May 1993,6.849453279,22.51531754,43,2320
09 May 1993,14,21.05145075,48.5,2321
10 May 1993,33.71165232,39.41902312,57.5,2322
11 May 1993,31.39695054,19.36317836,69.5,2323
12 May 1993,34.52541641,14.69156523,72.5,2324
13 May 1993,27.21012603,19.84839717,72.5,2325
14 May 1993,30.35678258,26.99658861,69,2326
15 May 1993,19,15.52367649,67,2327
16 May 1993,17.38868069,9.187820593,68.5,2328
17 May 1993,20,16.70546846,65,2329
18 May 1993,30.32749168,22.05851173,67,2330
19 May 1993,29,19.3822438,71,2331
20 May 1993,37.53541499,20.69349827,74,2332
21 May 1993,31.27369734,14.40806338,66.5,2333
22 May 1993,6.952624203,12.19437624,60.5,2334
23 May 1993,16,15.21787636,62,2335
24 May 1993,21.06343414,17.42127335,70.5,2336
25 May 1993,23,12.4080528,75,2337
26 May 1993,28.76974414,20.11191052,74,2338
27 May 1993,24,13.89319226,73,2339
28 May 1993,15.28766551,11.4470214,73,2340
29 May 1993,18.26159736,13.78655869,69,2341
30 May 1993,27.58161553,18.03248513,68.5,2342
31 May 1993,31.25113636,12.92621517,72.5,2343
01 June 1993,20.81437329,13.98330363,64,2344
02 June 1993,23.85258549,18.92546924,61,2345
03 June 1993,6.427183316,14.00351339,56,2346
04 June 1993,13,14.24469259,57,2347
05 June 1993,16.02317393,13.78301613,61,2348
06 June 1993,8.242308763,6.669132965,56,2349
07 June 1993,7.283064273,19.17331881,49.5,2350
08 June 1993,12,17.90438997,56,2351
09 June 1993,7.567549146,18.49760272,57,2352
10 June 1993,28.72768974,21.20133498,63.5,2353
11 June 1993,24.22094894,17.9389137,69,2354
12 June 1993,10.50789911,9.93798267,57,2355
13 June 1993,14.73273068,22.65136184,57,2356
14 June 1993,42.97300068,35.04254737,68.5,2357
15 June 1993,46.54534708,23.42413292,73.5,2358
16 June 1993,22.89298531,13.90910275,67.5,2359
17 June 1993,11.12996091,20.7015291,58,2360
18 June 1993,16.26947062,14.29612055,63,2361
19 June 1993,24.53257594,22.72294275,68,2362
20 June 1993,30.25543856,16.6979917,74,2363
21 June 1993,31.85316778,17.49049466,74,2364
22 June 1993,17.76512304,14.69152933,66.5,2365
23 June 1993,15.84285806,13.52429243,60,2366
24 June 1993,19.83120426,13.16037646,58.5,2367
25 June 1993,41.20944159,26.44834677,66,2368
26 June 1993,37.81376501,30.68465132,73,2369
27 June 1993,29.34331138,20.45143001,78,2370
28 June 1993,34,14.15545708,77.5,2371
29 June 1993,19.22727273,13.82274236,67,2372
30 June 1993,27.70296448,24.56428995,67,2373
01 July 1993,35.48627093,23.32769524,70.5,2374
02 July 1993,70,22.26339626,77.5,2375
03 July 1993,11.54107355,6.633960624,60.5,2376
04 July 1993,17,11.76785964,61.5,2377
05 July 1993,13.04053975,9.407933398,63,2378
06 July 1993,23.73083386,18.37770148,67,2379
07 July 1993,31.99650117,23.77379331,70,2380
08 July 1993,25.05617977,18.65517495,66,2381
09 July 1993,52.50077778,30.35683121,71.5,2382
10 July 1993,37.01693931,23.21943012,75.5,2383
11 July 1993,25.05566925,18.6006723,74,2384
12 July 1993,32.0345883,18.16081486,73.5,2385
13 July 1993,40.11062831,27.00244143,71,2386
14 July 1993,55.13279943,24.542241,71.5,2387
15 July 1993,38.93677452,20.71815005,68,2388
16 July 1993,30.50820565,17.66704442,66.5,2389
17 July 1993,36.77926844,17.65674256,70,2390
18 July 1993,24,13.15419422,69.5,2391
19 July 1993,58.75161602,20.65872068,76,2392
20 July 1993,35.80185696,19.66338591,77.5,2393
21 July 1993,62.61368788,19.47339583,67,2394
22 July 1993,24.34758511,26.48029104,66,2395
23 July 1993,3.505438907,25.80207609,59.5,2396
24 July 1993,21,14.49253569,62.5,2397
25 July 1993,6.569915251,14.68306847,71,2398
26 July 1993,6.757026637,14.44245446,63,2399
27 July 1993,47.39672082,NA,66,2400
28 July 1993,46.20427498,26.69360388,76,2401
29 July 1993,NA,17.83240963,82,2402
30 July 1993,28.1972921,18.32497907,81.5,2403
31 July 1993,34.08304585,23.21829686,75,2404
01 August 1993,22.10065129,17.95565859,75,2405
02 August 1993,41.03444828,20.72544736,74,2406
03 August 1993,41.52973882,18.04874123,75,2407
04 August 1993,72.90646394,21.87289502,75,2408
05 August 1993,22,16.27070143,75.5,2409
06 August 1993,38.65725047,15.25926921,75.5,2410
07 August 1993,28.84869951,10.52760718,77.5,2411
08 August 1993,4.424812768,2.608720177,74.5,2412
09 August 1993,18.25395218,12.27388124,78,2413
10 August 1993,27.29010071,14.8865235,75,2414
11 August 1993,22.32364436,17.33191075,74,2415
12 August 1993,NA,22.67417371,73,2416
13 August 1993,25.61544457,21.85027325,72,2417
14 August 1993,20.26452434,18.34093297,73,2418
15 August 1993,19.15084107,7.664970046,78,2419
16 August 1993,NA,14.92191258,67.5,2420
17 August 1993,33.68673087,22.30496652,67.5,2421
18 August 1993,NA,36.58136688,72.5,2422
19 August 1993,28.10282847,15.79871078,78.5,2423
20 August 1993,32.14862349,10.71400004,78.5,2424
21 August 1993,17.56654146,16.70708054,68.5,2425
22 August 1993,16.25021573,12.54825164,69.5,2426
23 August 1993,27.1528187,21.70554094,76,2427
24 August 1993,33.25597942,20.66328765,80,2428
25 August 1993,31.5922595,21.55823015,67.5,2429
26 August 1993,33.25643531,23.38685235,66.5,2430
27 August 1993,42.57525985,30.44287203,68.5,2431
28 August 1993,46.83396018,26.10087249,71,2432
29 August 1993,22.0730998,12.05375357,65.5,2433
30 August 1993,NA,20.53393832,62.5,2434
31 August 1993,36,32.20452716,67.5,2435
01 September 1993,62.9201581,25.78855316,73,2436
02 September 1993,46.99341239,24.67776573,69.5,2437
03 September 1993,119.8669151,32.20814861,71,2438
04 September 1993,30,18.51724002,77,2439
05 September 1993,34.08902692,11.33831141,77,2440
06 September 1993,26.55762517,11.00140479,78.5,2441
07 September 1993,115.845383,25.06740571,74,2442
08 September 1993,62.48305336,25.95305363,68.5,2443
09 September 1993,102.6609524,29.5288686,68.5,2444
10 September 1993,77.79041973,28.07661883,71.5,2445
11 September 1993,65.62815735,27.31221341,77,2446
12 September 1993,54.32028986,11.74965102,61.5,2447
13 September 1993,45.54608696,11.95975104,52.5,2448
14 September 1993,33,22.5427672,58.5,2449
15 September 1993,NA,21.88838245,66.5,2450
16 September 1993,40,25.4555861,61.5,2451
17 September 1993,6.374658389,22.10333419,58,2452
18 September 1993,8.70081522,18.53183595,54.5,2453
19 September 1993,2.488530021,12.79347693,60.5,2454
20 September 1993,55.16985994,24.67205488,69.5,2455
21 September 1993,64.34274053,27.53967163,59.5,2456
22 September 1993,39,33.84974177,58.5,2457
23 September 1993,86.78243021,37.3587312,62,2458
24 September 1993,49.91341108,24.51123856,61.5,2459
25 September 1993,108.9245334,26.29151807,60.5,2460
26 September 1993,51.42274053,24.13195096,59,2461
27 September 1993,79.85440613,39.85820365,61.5,2462
28 September 1993,51.67039916,44.6174806,64,2463
29 September 1993,68.25263641,48.2182132,64.5,2464
30 September 1993,42.7025641,36.34699067,68.5,2465
01 October 1993,66.78690371,29.01308748,65,2466
02 October 1993,34.69343066,29.53104914,62.5,2467
03 October 1993,42.78876918,29.45540513,66,2468
04 October 1993,49.06761905,40.32146661,67.5,2469
05 October 1993,73.17636701,25.62334702,72.5,2470
06 October 1993,14.777168,21.70845462,61.5,2471
07 October 1993,8.217936061,18.50082371,51.5,2472
08 October 1993,20,22.89489454,46,2473
09 October 1993,11.7296865,19.26059767,47,2474
10 October 1993,17.43404762,19.9713249,51,2475
11 October 1993,29.73353998,23.89598448,53.5,2476
12 October 1993,20,21.18982108,53.5,2477
13 October 1993,26.6975158,29.26817501,53,2478
14 October 1993,15,22.33958798,55.5,2479
15 October 1993,12.64750797,23.77464748,52.5,2480
16 October 1993,16.32131556,21.17837487,52,2481
17 October 1993,13.6051791,21.47973655,49.5,2482
18 October 1993,18,18.59176311,50.5,2483
19 October 1993,26.54625044,19.37112958,47.5,2484
20 October 1993,31.68520982,26.28688049,48.5,2485
21 October 1993,42.40098094,35.32254103,49.5,2486
22 October 1993,46,38.70104783,53.5,2487
23 October 1993,42.95083766,34.53987567,52.5,2488
24 October 1993,31,32.09711011,55.5,2489
25 October 1993,39.83847759,29.7978351,49.5,2490
26 October 1993,24.44754522,22.95591525,46,2491
27 October 1993,48.8894331,32.05527422,45,2492
28 October 1993,41,37.07410435,47,2493
29 October 1993,40.46907102,24.50416388,40.5,2494
30 October 1993,37.20108436,30.82313883,39.5,2495
31 October 1993,42.00788179,35.60792244,42.5,2496
01 November 1993,34,30.1136492,39.5,2497
02 November 1993,45.47599648,38.12605762,39.5,2498
03 November 1993,38.9245554,48.77268461,45,2499
04 November 1993,29.42105826,26.24815011,41.5,2500
05 November 1993,23.38545644,28.99335522,37,2501
06 November 1993,27.40632365,30.23894817,37.5,2502
07 November 1993,25.26356589,32.25369972,38.5,2503
08 November 1993,54.35338658,43.52866208,39.5,2504
09 November 1993,53.62209302,49.39557641,41,2505
10 November 1993,57.4449245,48.33923484,40,2506
11 November 1993,49.71771954,51.03938365,41.5,2507
12 November 1993,52.88810331,37.32927605,40.5,2508
13 November 1993,30.86064803,28.42332217,37.5,2509
14 November 1993,25.35308109,23.68127776,38.5,2510
15 November 1993,40.46899225,37.66769827,34,2511
16 November 1993,51.88847822,43.62259754,37.5,2512
17 November 1993,41.52558575,39.94768911,42.5,2513
18 November 1993,21.41218214,26.33300443,35.5,2514
19 November 1993,28,35.66136085,29.5,2515
20 November 1993,39.44386951,41.98348371,32.5,2516
21 November 1993,39.05626913,43.05071923,34,2517
22 November 1993,13.30302582,22.97948159,43,2518
23 November 1993,10,20.71891403,29.5,2519
24 November 1993,8.695279863,19.4362049,22,2520
25 November 1993,21.57319,25.65358647,16,2521
26 November 1993,35.18798549,40.35640539,17,2522
27 November 1993,51.81620788,50.58220518,24,2523
28 November 1993,54.11685385,53.85106019,27,2524
29 November 1993,105.777807,73.63769023,32,2525
30 November 1993,56.10091799,46.49137821,32,2526
01 December 1993,30.58553135,39.49360877,33,2527
02 December 1993,19.07935854,32.81592074,35.5,2528
03 December 1993,37.5602777,41.71455856,33,2529
04 December 1993,20.02494282,37.82411771,37,2530
05 December 1993,25.66953144,38.29419654,31.5,2531
06 December 1993,47.90459995,51.893922,33.5,2532
07 December 1993,41.89744931,47.12133272,34,2533
08 December 1993,23.01400095,31.99127528,43.5,2534
09 December 1993,31.73924702,34.73712987,46.5,2535
10 December 1993,27.75174588,42.06037004,46.5,2536
11 December 1993,20.10404624,28.05086912,53,2537
12 December 1993,4.661197366,22.38462051,40,2538
13 December 1993,32.78934577,44.58805657,28.5,2539
14 December 1993,49.4523761,67.49251149,28,2540
15 December 1993,51.75466369,41.919881,31.5,2541
16 December 1993,11.82153377,31.9882732,29,2542
17 December 1993,34.03227477,41.42744341,28,2543
18 December 1993,45.24759073,47.21642006,27,2544
19 December 1993,47.74391078,39.97924057,23.5,2545
20 December 1993,51.62502517,41.76732386,23.5,2546
21 December 1993,54.64242013,49.05192038,21.5,2547
22 December 1993,39.46773154,41.82666805,22.5,2548
23 December 1993,31.03952879,35.32355499,23,2549
24 December 1993,38.44108295,43.65408965,25,2550
25 December 1993,68,47.37937383,25,2551
26 December 1993,71.94018617,64.98888818,23.5,2552
27 December 1993,99.73350836,63.84819961,28.5,2553
28 December 1993,40.60282764,35.91470738,32,2554
29 December 1993,35.96673741,42.52584918,31,2555
30 December 1993,38.62810449,44.81110559,27.5,2556
31 December 1993,77.96508536,60.51840871,29,2557
01 January 1994,29.87233154,42.69400395,34,2558
02 January 1994,20.67268811,36.72594822,35.5,2559
03 January 1994,53.77448785,61.79780096,39.5,2560
04 January 1994,41.08196525,44.42802061,38.5,2561
05 January 1994,14.94595684,26.56543007,38.5,2562
06 January 1994,9.658165961,20.71988574,34,2563
07 January 1994,22.24272111,32.9244795,31,2564
08 January 1994,35.68211232,40.47289983,36,2565
09 January 1994,11.34463572,34.52537634,34,2566
10 January 1994,29.80235646,40.50196745,33.5,2567
11 January 1994,16.65208582,39.25244614,34,2568
12 January 1994,37.36880308,38.61788799,38.5,2569
13 January 1994,27.62647125,42.39648032,40,2570
14 January 1994,32.99719326,40.07854305,43.5,2571
15 January 1994,29.69622704,37.82032369,38.5,2572
16 January 1994,19.96244701,29.33018294,36,2573
17 January 1994,27.06352237,40.65509286,39,2574
18 January 1994,40.94045357,41.42845198,42.5,2575
19 January 1994,51.99779952,46.84511118,40.5,2576
20 January 1994,73.5757757,56.0501093,38,2577
21 January 1994,71.94686503,59.3852169,37,2578
22 January 1994,89.56729441,62.76620661,36.5,2579
23 January 1994,46.94299711,32.18457787,40,2580
24 January 1994,22.39187944,27.76422829,47,2581
25 January 1994,36.86320517,46.66080567,45,2582
26 January 1994,16.58173389,29.41700205,37.5,2583
27 January 1994,-1.326988587,27.56948234,34.5,2584
28 January 1994,17.66710105,17.53106578,35,2585
29 January 1994,8.510300123,25.12974804,30,2586
30 January 1994,11.10328121,14.25241281,28.5,2587
31 January 1994,13.94526572,20.46012349,25.5,2588
01 February 1994,26.64107191,29.12353673,25.5,2589
02 February 1994,39.43028526,40.54289642,27.5,2590
03 February 1994,50.72693555,45.17990709,29,2591
04 February 1994,54.87274414,53.41346873,29.5,2592
05 February 1994,44.98657788,45.22275501,31.5,2593
06 February 1994,16.29756759,30.17367818,37,2594
07 February 1994,18.36703816,9.443889075,46,2595
08 February 1994,-2.210980577,24.7872488,35.5,2596
09 February 1994,25.98953573,33.90495688,29.5,2597
10 February 1994,7.782577,33.23169083,39,2598
11 February 1994,8.06762898,20.53623525,28,2599
12 February 1994,15.29620364,31.79029889,24.5,2600
13 February 1994,30.47661053,34.58465558,33,2601
14 February 1994,52.7476556,53.01287727,35.5,2602
15 February 1994,46.52633398,52.32726487,38,2603
16 February 1994,37.07766383,46.54106782,44,2604
17 February 1994,11.50880072,18.61031108,48,2605
18 February 1994,0.709892579,26.44015311,38,2606
19 February 1994,10.57127105,17.9738642,33,2607
20 February 1994,-0.710842319,19.06972938,32.5,2608
21 February 1994,15.10034082,26.03948223,33.5,2609
22 February 1994,4.08701078,27.58259401,24.5,2610
23 February 1994,15.52602914,27.11356326,25.5,2611
24 February 1994,3.73755958,28.26649367,42,2612
25 February 1994,14.43360268,25.182909,49.5,2613
26 February 1994,6.654150161,23.55579133,49,2614
27 February 1994,12.47370356,26.77551431,40,2615
28 February 1994,4.198368464,25.33876334,42.5,2616
01 March 1994,27.875437,33.92149944,43,2617
02 March 1994,41.82618054,42.97089276,47.5,2618
03 March 1994,39.84241921,46.52733088,51,2619
04 March 1994,49.6804548,37.88002687,51,2620
05 March 1994,24.88132033,33.27879409,47.5,2621
06 March 1994,3.026214629,18.78245461,46,2622
07 March 1994,23.86858974,29.88644708,42,2623
08 March 1994,33.52951005,29.34484263,41,2624
09 March 1994,27.88020549,35.75657673,41.5,2625
10 March 1994,28.75946979,35.8004183,46.5,2626
11 March 1994,15,24.10530612,45,2627
12 March 1994,8.485059177,16.74780493,47.5,2628
13 March 1994,21,26.47536903,44.5,2629
14 March 1994,24.98847792,37.94781687,50.5,2630
15 March 1994,34.84262487,43.7665595,54,2631
16 March 1994,35.50986342,21.3917312,58,2632
17 March 1994,41,18.21190061,50,2633
18 March 1994,35.0370077,31.57718818,48,2634
19 March 1994,16,15.82594396,46.5,2635
20 March 1994,0.497154069,17.51388689,37.5,2636
21 March 1994,18,20.67340017,49.5,2637
22 March 1994,15.76540876,16.0406751,44,2638
23 March 1994,7.529101273,25.53764168,32,2639
24 March 1994,18.49105869,38.36412249,38,2640
25 March 1994,28.74362056,31.56662786,43,2641
26 March 1994,11.5976874,20.06600824,41.5,2642
27 March 1994,8.970930232,7.736536985,40,2643
28 March 1994,22.65044388,27.29854925,47.5,2644
29 March 1994,22.7121583,25.85114271,46.5,2645
30 March 1994,40.55322428,36.01655859,45,2646
31 March 1994,32,26.22924174,52,2647
01 April 1994,16.40875784,19.12707828,48,2648
02 April 1994,19.52549452,22.26617288,49,2649
03 April 1994,9.017133088,17.96435333,53.5,2650
04 April 1994,10.6616929,12.23613046,40.5,2651
05 April 1994,-0.903376665,13.94663124,41.5,2652
06 April 1994,14.22947604,19.11490047,48.5,2653
07 April 1994,-15.80701755,12.35774617,42,2654
08 April 1994,14.13639401,17.26534898,43,2655
09 April 1994,5.717078841,22.36751742,43,2656
10 April 1994,7.999999997,14.48256111,40.5,2657
11 April 1994,9.16269589,26.0314866,47.5,2658
12 April 1994,8.100029097,19.34743311,52,2659
13 April 1994,31.09346801,24.27460489,53.5,2660
14 April 1994,28.3900158,14.26292907,49.5,2661
15 April 1994,35.13185849,31.46950148,50.5,2662
16 April 1994,24.65136799,32.93197311,57.5,2663
17 April 1994,18.79127967,28.13437397,64,2664
18 April 1994,55.71607387,36.29461772,66.5,2665
19 April 1994,NA,23.06265674,70.5,2666
20 April 1994,37,31.38886563,66.5,2667
21 April 1994,53.66331082,24.01758786,70.5,2668
22 April 1994,34.18716571,10.01441807,68.5,2669
23 April 1994,36.69964457,8.649018525,61.5,2670
24 April 1994,20,2.824797908,55,2671
25 April 1994,-6.11764706,9.042355937,48,2672
26 April 1994,10.38895534,17.04950097,43.5,2673
27 April 1994,2.65684946,11.69472762,46,2674
28 April 1994,10,13.40306095,44,2675
29 April 1994,-0.31772032,16.27806095,47.5,2676
30 April 1994,4.00155255,20.52806095,50,2677
01 May 1994,1.75263864,19.27806095,51.5,2678
02 May 1994,17.90380445,20.26719138,53.5,2679
03 May 1994,5.15319662,15.69472762,56,2680
04 May 1994,18.0605496,22.06972762,64,2681
05 May 1994,19.90342319,29.77806095,66,2682
06 May 1994,31.48848024,20.87588704,65,2683
07 May 1994,20.47446844,20.31972762,60.5,2684
08 May 1994,14.54178987,11.22371313,59,2685
09 May 1994,20.04673982,21.65849573,62.5,2686
10 May 1994,28,25.52806095,64,2687
11 May 1994,41.83405723,29.62806095,67,2688
12 May 1994,33.7113718,20.27806095,71,2689
13 May 1994,9.88761206,20.81972762,62,2690
14 May 1994,22.18785728,18.90306095,61,2691
15 May 1994,42.93426337,9.444727617,72.5,2692
16 May 1994,36.12799278,18.78893051,57.5,2693
17 May 1994,21.14337859,18.94472762,53.5,2694
18 May 1994,29,27.81972762,59,2695
19 May 1994,18.42086908,15.61139429,58.5,2696
20 May 1994,16.39010447,20.15306095,54.5,2697
21 May 1994,16.49959994,22.39762617,59.5,2698
22 May 1994,18,23.78893051,66,2699
23 May 1994,39.07563494,36.66442459,64.5,2700
24 May 1994,31.1939365,30.56972762,66.5,2701
25 May 1994,65.49573048,30.65849573,68,2702
26 May 1994,26.63414153,13.48639429,72.5,2703
27 May 1994,17.9819989,17.87588704,67.5,2704
28 May 1994,5.07283044,13.23639429,67,2705
29 May 1994,13.12015509,15.9193653,70,2706
30 May 1994,17.71674736,21.77806095,73,2707
31 May 1994,17.90767579,23.06972762,64,2708
01 June 1994,18.25211906,18.02806095,69,2709
02 June 1994,22.9281193,27.09327834,68.5,2710
03 June 1994,41.69537008,27.27806095,76.5,2711
04 June 1994,26.90218091,19.04980008,71.5,2712
05 June 1994,20,19.9193653,71,2713
06 June 1994,46.4832071,13.39169732,71,2714
07 June 1994,18.75444377,14.94472762,62,2715
08 June 1994,30.1985139,16.27806095,60,2716
09 June 1994,27.52773144,21.73639428,63.5,2717
10 June 1994,47.23825568,30.11139428,69,2718
11 June 1994,28.96766324,25.11139428,74.5,2719
12 June 1994,28.21331557,20.44110443,80,2720
13 June 1994,46.09348474,14.61501747,83.5,2721
14 June 1994,37.97949756,13.90306095,71.5,2722
15 June 1994,32.66634672,15.98639429,67.5,2723
16 June 1994,71.13334371,22.39762617,65,2724
17 June 1994,39.73929505,37.77806095,68.5,2725
18 June 1994,28.36794831,16.65306095,83,2726
19 June 1994,24.45634435,13.81972762,84.5,2727
20 June 1994,62.61875093,19.74545225,83.5,2728
21 June 1994,39.74465126,24.40306095,76.5,2729
22 June 1994,77.72162305,20.87588704,80,2730
23 June 1994,29.48550492,21.52806095,83,2731
24 June 1994,89.26417067,36.75028317,79.5,2732
25 June 1994,37.51448388,23.79472762,84,2733
26 June 1994,31.2080659,12.09327834,77.5,2734
27 June 1994,28.30967327,24.09327834,71.5,2735
28 June 1994,106.1428378,35.22371312,78.5,2736
29 June 1994,40.25645599,24.48639428,86.5,2737
30 June 1994,191.4364427,29.86139428,82,2738
01 July 1994,45.11053667,24.73639428,83,2739
02 July 1994,49.55045597,16.44472762,81.5,2740
03 July 1994,22.17209302,14.39762617,74,2741
04 July 1994,33.29689175,12.56972762,75.5,2742
05 July 1994,146.8239354,14.65306095,80,2743
06 July 1994,73.80501218,18.39169731,62,2744
07 July 1994,30.9621583,25.09948952,66.5,2745
08 July 1994,35.4839946,21.98959941,73.5,2746
09 July 1994,35.2619973,26.02806095,81.5,2747
10 July 1994,44.30910957,15.9193653,88.5,2748
11 July 1994,36.33767442,27.52806095,81,2749
12 July 1994,97.77973278,27.02806095,77,2750
13 July 1994,43.49428805,34.52806095,77.5,2751
14 July 1994,65.29926107,34.61139428,79,2752
15 July 1994,49.01650002,40.36139428,79.5,2753
16 July 1994,39.86099548,24.1367566,84.5,2754
17 July 1994,26.84312526,25.44110443,84,2755
18 July 1994,67.20068474,35.52806095,83,2756
19 July 1994,38.85021467,22.52806095,79.5,2757
20 July 1994,36.55294118,31.94472762,79,2758
21 July 1994,39.32032828,22.31972762,82,2759
22 July 1994,69.88486766,25.61139428,83,2760
23 July 1994,27.63382293,21.87588704,84.5,2761
24 July 1994,19.18331825,13.74545226,84,2762
25 July 1994,30.6414374,17.86139429,86.5,2763
26 July 1994,51.8079969,29.52806095,86.5,2764
27 July 1994,75.46005815,23.15306095,89.5,2765
28 July 1994,69.14898677,27.30078822,88,2766
29 July 1994,37.750102,25.90306095,87,2767
30 July 1994,36.50713437,17.90306095,87.5,2768
31 July 1994,28.44481844,14.48639429,82.5,2769
01 August 1994,64.15224629,18.4826064,83.5,2770
02 August 1994,41.13094788,23.11139428,83.5,2771
03 August 1994,53.66559364,32.65306095,86.5,2772
04 August 1994,44.12566138,26.9193653,89,2773
05 August 1994,48.0081585,28.27806095,90,2774
06 August 1994,43.74829876,32.83240878,82,2775
07 August 1994,57.47710376,30.48458269,83.5,2776
08 August 1994,40.01754386,20.27806095,82.5,2777
09 August 1994,19.18321434,18.67091809,73,2778
10 August 1994,21.14549094,NA,75.5,2779
11 August 1994,26.10570535,14.02806095,78.5,2780
12 August 1994,19.49091478,13.11139429,80,2781
13 August 1994,18.67904436,18.65306095,80,2782
14 August 1994,25.19005478,16.15306095,82,2783
15 August 1994,31.06727972,21.09327834,84,2784
16 August 1994,36.88762347,27.56972762,85.5,2785
17 August 1994,59.27096878,27.40306095,80,2786
18 August 1994,48.51764519,16.36139429,84,2787
19 August 1994,25.64574045,18.15306095,79.5,2788
20 August 1994,30.07706767,16.27806095,81.5,2789
21 August 1994,14.71349357,7.361394287,83,2790
22 August 1994,37.31044523,15.87588704,81,2791
23 August 1994,76.29269191,36.1367566,75,2792
24 August 1994,46.30115731,30.98639428,81.5,2793
25 August 1994,75.88642579,31.31972762,79.5,2794
26 August 1994,33.56449948,23.31972762,84.5,2795
27 August 1994,33.63662373,31.73639428,74.5,2796
28 August 1994,28,17.52806095,78.5,2797
29 August 1994,20.4949432,18.44472762,78,2798
30 August 1994,37.20706658,28.52806095,71.5,2799
31 August 1994,45.38468535,26.19472762,78,2800
01 September 1994,29.45140024,12.00632182,81.5,2801
02 September 1994,33.52897567,12.81972762,80.5,2802
03 September 1994,42,14.48639429,74.5,2803
04 September 1994,25.70780283,19.36139428,68,2804
05 September 1994,28.78625913,30.11139428,70,2805
06 September 1994,43.70233577,32.90306095,74.5,2806
07 September 1994,28,28.16442459,78.5,2807
08 September 1994,20.29359091,23.86139428,82.5,2808
09 September 1994,24.57620614,19.36139428,83,2809
10 September 1994,30.74775729,14.78893052,76,2810
11 September 1994,29.21256657,12.73639429,71.5,2811
12 September 1994,41.78672852,10.09327834,76.5,2812
13 September 1994,38.49160322,12.73639429,70.5,2813
14 September 1994,21.78850974,21.81972762,59.5,2814
15 September 1994,33.67230576,30.86139428,61.5,2815
16 September 1994,41.32142857,31.90306095,65,2816
17 September 1994,32.30503543,28.98639428,70,2817
18 September 1994,31.83370017,26.15306095,74,2818
19 September 1994,34.2731051,22.87588704,73,2819
20 September 1994,26.48324271,24.1367566,64.5,2820
21 September 1994,39.25971202,29.06972762,66.5,2821
22 September 1994,44.27211692,38.15306095,64,2822
23 September 1994,51.22299835,40.94472762,66,2823
24 September 1994,58.88130694,40.15306095,68,2824
25 September 1994,40.2892444,37.35414791,68.5,2825
26 September 1994,77.1464724,39.00632182,67.5,2826
27 September 1994,76.33370888,41.81972762,70,2827
28 September 1994,87.49099354,34.34624277,73,2828
29 September 1994,14.3302005,14.11139429,62.5,2829
30 September 1994,-3.169459577,19.11139428,56.5,2830
01 October 1994,4.777360063,18.1367566,58,2831
02 October 1994,9.701364759,16.52806095,61,2832
03 October 1994,14.75248362,20.89169731,47.5,2833
04 October 1994,14.64065662,19.65306095,55,2834
05 October 1994,14.37624181,23.81972762,55.5,2835
06 October 1994,14.44343136,26.27806095,51,2836
07 October 1994,31.24751838,24.44472762,51.5,2837
08 October 1994,29.70233947,30.94472762,54,2838
09 October 1994,19.02556212,29.81972762,55.5,2839
10 October 1994,27.24580902,31.18023486,61,2840
11 October 1994,21.63200169,22.73639428,58.5,2841
12 October 1994,39.71439457,43.25533368,54.5,2842
13 October 1994,40.63200169,37.15306095,61.5,2843
14 October 1994,21.21624105,20.35414791,53.5,2844
15 October 1994,12.23230758,22.77806095,38.5,2845
16 October 1994,-1.837756326,11.701974,43,2846
17 October 1994,13.75575988,22.19472762,43.5,2847
18 October 1994,5.827318374,21.44110443,49,2848
19 October 1994,13.40943484,24.00632182,50,2849
20 October 1994,28.97266803,29.09327834,53.5,2850
21 October 1994,34.29465229,33.31972762,54.5,2851
22 October 1994,19.0170628,28.78893051,49.5,2852
23 October 1994,24.64732615,27.31066965,51.5,2853
24 October 1994,53.14480396,39.27806095,51.5,2854
25 October 1994,47.21828491,39.78893051,51,2855
26 October 1994,45.42788971,37.92806095,53.5,2856
27 October 1994,34.19378668,NA,57,2857
28 October 1994,47.15834773,NA,48.5,2858
29 October 1994,20.02172538,NA,40.5,2859
30 October 1994,22.65930593,NA,38,2860
31 October 1994,41.64462876,NA,43,2861
01 November 1994,65.30607737,NA,51,2862
02 November 1994,2.756145214,NA,34.5,2863
03 November 1994,9.764917144,NA,31,2864
04 November 1994,23.3953347,NA,30.5,2865
05 November 1994,7.863225614,NA,41.5,2866
06 November 1994,12.86280554,NA,48,2867
07 November 1994,11.50412015,NA,42,2868
08 November 1994,6.912376161,NA,37.5,2869
09 November 1994,15.97777149,NA,47.5,2870
10 November 1994,31,NA,53.5,2871
11 November 1994,34.67317838,NA,50,2872
12 November 1994,1.706079991,NA,39.5,2873
13 November 1994,3.821848248,NA,26.5,2874
14 November 1994,26.73620276,NA,24.5,2875
15 November 1994,22.73978659,NA,28,2876
16 November 1994,7.999999995,NA,35.5,2877
17 November 1994,2.856814645,NA,28,2878
18 November 1994,5.373059175,NA,26,2879
19 November 1994,17.0677126,NA,22.5,2880
20 November 1994,14.06485103,NA,23.5,2881
21 November 1994,22.46002687,NA,24,2882
22 November 1994,45.27184811,NA,21.5,2883
23 November 1994,75.15767628,NA,21,2884
24 November 1994,88.79445876,NA,24.5,2885
25 November 1994,NA,NA,37.5,2886
26 November 1994,15.86358128,NA,28.5,2887
27 November 1994,2.282879298,NA,20.5,2888
28 November 1994,9.999999998,NA,28,2889
29 November 1994,12.28385751,NA,27,2890
30 November 1994,41.61938383,NA,36,2891
01 December 1994,40.73261858,NA,34.5,2892
02 December 1994,40.46346429,NA,39.5,2893
03 December 1994,2.004548409,NA,45.5,2894
04 December 1994,5.999999999,NA,45,2895
05 December 1994,9.652510619,NA,40.5,2896
06 December 1994,17,NA,40.5,2897
07 December 1994,5.96964462,NA,28.5,2898
08 December 1994,15.32105263,NA,25.5,2899
09 December 1994,27.6359964,NA,22.5,2900
10 December 1994,29.50061728,NA,26.5,2901
11 December 1994,32.28992853,NA,29.5,2902
12 December 1994,26.08947368,NA,34.5,2903
13 December 1994,6.754337642,NA,30.5,2904
14 December 1994,25.38983447,NA,24,2905
15 December 1994,23.34099621,NA,26.5,2906
16 December 1994,27.39803292,NA,29.5,2907
17 December 1994,43.53867844,NA,33,2908
18 December 1994,49.59377311,NA,25,2909
19 December 1994,60.19648545,NA,30,2910
20 December 1994,70.51254687,NA,29.5,2911
21 December 1994,87.83062666,NA,26,2912
22 December 1994,109,NA,23.5,2913
23 December 1994,115.3742257,NA,30,2914
24 December 1994,38.27647648,NA,36.5,2915
25 December 1994,31.61195356,NA,37.5,2916
26 December 1994,38.32968762,NA,38.5,2917
27 December 1994,51.188615,NA,35,2918
28 December 1994,44.64986305,NA,33,2919
29 December 1994,24.68487881,NA,32.5,2920
30 December 1994,13.14109113,NA,28.5,2921
31 December 1994,14.46340081,NA,22.5,2922
01 January 1995,32.53538462,NA,22,2923
02 January 1995,37.13237067,NA,22.5,2924
03 January 1995,76.86032389,NA,23,2925
04 January 1995,88.59231669,NA,27.5,2926
05 January 1995,41,NA,30,2927
06 January 1995,20.25124451,NA,35.5,2928
07 January 1995,9.000000002,NA,38,2929
08 January 1995,6.717300742,NA,40.5,2930
09 January 1995,8.000000002,NA,48.5,2931
10 January 1995,15.82164646,NA,46.5,2932
11 January 1995,15,NA,43,2933
12 January 1995,11.53823319,NA,38,2934
13 January 1995,14,NA,43,2935
14 January 1995,9.679391822,NA,47.5,2936
15 January 1995,15,NA,40.5,2937
16 January 1995,6.650809192,NA,33,2938
17 January 1995,16,NA,30,2939
18 January 1995,25.25558976,NA,29.5,2940
19 January 1995,46.71923135,NA,32.5,2941
20 January 1995,48.78201596,NA,28.5,2942
21 January 1995,38.90969216,NA,29.5,2943
22 January 1995,51.47692592,NA,27.5,2944
23 January 1995,77.99608508,NA,26.5,2945
24 January 1995,56.38745008,NA,35,2946
25 January 1995,32.05545908,NA,44,2947
26 January 1995,9.549897119,NA,39,2948
27 January 1995,16.29964512,NA,36.5,2949
28 January 1995,20.04734301,NA,36.5,2950
29 January 1995,30.80858272,NA,34,2951
30 January 1995,33.53793657,NA,37,2952
31 January 1995,35.19640641,NA,39.5,2953
01 February 1995,17.44695711,NA,49.5,2954
02 February 1995,31.19020267,NA,47,2955
03 February 1995,38.81896014,NA,44.5,2956
04 February 1995,44.78416642,NA,43.5,2957
05 February 1995,44.92069263,NA,43.5,2958
06 February 1995,52,NA,44.5,2959
07 February 1995,53.03248054,NA,45.5,2960
08 February 1995,26.50460526,NA,46.5,2961
09 February 1995,27.91545218,NA,40,2962
10 February 1995,21.36085526,NA,41,2963
11 February 1995,-0.462608693,NA,33.5,2964
12 February 1995,23,NA,34,2965
13 February 1995,22.48340429,NA,42,2966
14 February 1995,13.72217346,NA,32.5,2967
15 February 1995,28.46779874,NA,23,2968
16 February 1995,50.66689923,NA,32,2969
17 February 1995,61.92228074,NA,37.5,2970
18 February 1995,24,NA,45.5,2971
19 February 1995,21.9376523,NA,45.5,2972
20 February 1995,44,NA,45.5,2973
21 February 1995,64.51268393,NA,43,2974
22 February 1995,53,NA,44,2975
23 February 1995,52.64344773,NA,46,2976
24 February 1995,54,NA,48.5,2977
25 February 1995,42.33277333,NA,48.5,2978
26 February 1995,24,NA,51.5,2979
27 February 1995,75.54271337,NA,49.5,2980
28 February 1995,28,NA,43.5,2981
01 March 1995,45.23489774,NA,43,2982
02 March 1995,20.18473725,NA,43,2983
03 March 1995,26.63785044,NA,47,2984
04 March 1995,9.000000003,NA,40.5,2985
05 March 1995,5.232717853,NA,40.5,2986
06 March 1995,14.27210884,NA,32.5,2987
07 March 1995,11.23988831,NA,38.5,2988
08 March 1995,21.40235666,NA,48,2989
09 March 1995,26.89121315,NA,56.5,2990
10 March 1995,22.38815789,NA,56,2991
11 March 1995,5.000000003,NA,48.5,2992
12 March 1995,6.922786133,NA,45.5,2993
13 March 1995,6.433695738,NA,48.5,2994
14 March 1995,22.15415622,NA,51,2995
15 March 1995,18.57675438,NA,55,2996
16 March 1995,18,NA,44,2997
17 March 1995,40.52094796,NA,47.5,2998
18 March 1995,24.44647034,NA,53.5,2999
19 March 1995,3.39090017,NA,46.5,3000
20 March 1995,15.32418301,NA,51.5,3001
21 March 1995,41.50730626,NA,48.5,3002
22 March 1995,12,NA,42,3003
23 March 1995,12.59129319,NA,46,3004
24 March 1995,7.128174599,NA,35.5,3005
25 March 1995,9.225093369,NA,34,3006
26 March 1995,10.34365079,NA,34.5,3007
27 March 1995,15.87952848,NA,35.5,3008
28 March 1995,27.04477124,NA,35,3009
29 March 1995,22.61095708,NA,35,3010
30 March 1995,27.29570152,NA,38,3011
31 March 1995,33.99999827,NA,43.5,3012
01 April 1995,27.3728257,NA,49,3013
02 April 1995,19.38457874,NA,49,3014
03 April 1995,33.35099081,NA,46.5,3015
04 April 1995,35.26241301,NA,53.5,3016
05 April 1995,42.26421762,NA,57,3017
06 April 1995,47.96745562,NA,58,3018
07 April 1995,44.92336456,NA,54.5,3019
08 April 1995,20.42656969,NA,45,3020
09 April 1995,6.000000001,NA,40,3021
10 April 1995,11.89584616,NA,40.5,3022
11 April 1995,21.36740045,NA,41.5,3023
12 April 1995,24.99386894,NA,53.5,3024
13 April 1995,54.43785558,NA,62.5,3025
14 April 1995,28.70522719,NA,40,3026
15 April 1995,19,NA,40,3027
16 April 1995,24.61257543,NA,43,3028
17 April 1995,15.66481655,NA,48,3029
18 April 1995,15.32086153,NA,47.5,3030
19 April 1995,11.28041669,NA,40,3031
20 April 1995,11.72230262,NA,43,3032
21 April 1995,16,NA,45,3033
22 April 1995,12.50335881,NA,43.5,3034
23 April 1995,12.5433184,NA,46.5,3035
24 April 1995,20.17936187,NA,48.5,3036
25 April 1995,29.22265291,NA,51.5,3037
26 April 1995,14.80408497,NA,50.5,3038
27 April 1995,28.86506035,NA,59.5,3039
28 April 1995,5.785394266,NA,53.5,3040
29 April 1995,14.39466694,NA,55,3041
30 April 1995,-4.010821525,NA,51.5,3042
01 May 1995,15.90268099,NA,55.5,3043
02 May 1995,1.024346401,NA,51,3044
03 May 1995,19.99884996,NA,51,3045
04 May 1995,21.13022876,NA,57,3046
05 May 1995,22.40281212,NA,55.5,3047
06 May 1995,14.42039906,NA,51,3048
07 May 1995,24.84934641,NA,48.5,3049
08 May 1995,27.7375817,NA,52.5,3050
09 May 1995,31.62287582,NA,56,3051
10 May 1995,21.16433509,NA,55,3052
11 May 1995,11.68652589,NA,51.5,3053
12 May 1995,9.82011424,NA,42,3054
13 May 1995,13.38714913,NA,46.5,3055
14 May 1995,12.84742479,NA,53,3056
15 May 1995,30.85766043,NA,60,3057
16 May 1995,27.27032981,NA,59,3058
17 May 1995,17.72494856,NA,58.5,3059
18 May 1995,20.94352427,NA,60.5,3060
19 May 1995,20.81020598,NA,61,3061
20 May 1995,13.24003995,NA,65,3062
21 May 1995,20,NA,65.5,3063
22 May 1995,19.64486778,NA,60.5,3064
23 May 1995,8.047786127,NA,49.5,3065
24 May 1995,16.17059057,NA,56.5,3066
25 May 1995,9.433221679,NA,54,3067
26 May 1995,9.129579309,NA,54,3068
27 May 1995,12,NA,52,3069
28 May 1995,9.593471549,NA,55.5,3070
29 May 1995,20.77344322,NA,59,3071
30 May 1995,19.32887087,NA,62.5,3072
31 May 1995,24.744563,NA,64,3073
01 June 1995,39.28940181,NA,69,3074
02 June 1995,12.61668276,NA,62,3075
03 June 1995,11.71504782,NA,59,3076
04 June 1995,10.08355481,NA,62,3077
05 June 1995,29.71446119,NA,62.5,3078
06 June 1995,11.19906331,NA,46.5,3079
07 June 1995,17.37579673,NA,51.5,3080
08 June 1995,9.619412053,NA,51,3081
09 June 1995,11.71175055,NA,54,3082
10 June 1995,11.46513606,NA,57.5,3083
11 June 1995,18.04756672,NA,68,3084
12 June 1995,27.92196451,NA,76,3085
13 June 1995,33.90587577,NA,78,3086
14 June 1995,40.38818565,NA,80.5,3087
15 June 1995,41.08628476,NA,75.5,3088
16 June 1995,38.01352446,NA,64,3089
17 June 1995,14.07903448,NA,57.5,3090
18 June 1995,-0.220056712,NA,63,3091
19 June 1995,14.52116003,NA,65,3092
20 June 1995,20.08758175,9.971939047,61.5,3093
21 June 1995,14.26720808,14.18027239,56.5,3094
22 June 1995,22.95168339,20.59693905,59,3095
23 June 1995,25.59227397,20.72193905,64,3096
24 June 1995,27.71793327,21.16759123,67,3097
25 June 1995,21.54351464,21.09693905,69,3098
26 June 1995,33.37160031,28.15375723,73,3099
27 June 1995,35.37895506,23.47193905,70,3100
28 June 1995,28.59104593,19.55527238,71,3101
29 June 1995,31.33092802,18.68027238,67.5,3102
30 June 1995,28.38251554,19.26360572,70,3103
01 July 1995,32.01571187,15.93027239,70.5,3104
02 July 1995,20.23170037,12.43027239,68.5,3105
03 July 1995,12.03784571,13.63860572,65.5,3106
04 July 1995,15.56708347,17.80527239,64.5,3107
05 July 1995,23.94715667,22.69921178,72.5,3108
06 July 1995,31.42965864,21.59693905,82.5,3109
07 July 1995,32.79248373,18.43027238,83.5,3110
08 July 1995,43.32000132,22.43027238,83.5,3111
09 July 1995,40.53744687,18.30527238,84,3112
10 July 1995,47.49849656,19.72193905,84,3113
11 July 1995,40.61454295,18.68027238,79.5,3114
12 July 1995,35.91519209,17.25765334,78.5,3115
13 July 1995,27.55776944,23.80527238,68,3116
14 July 1995,34.81735509,25.92648451,70.5,3117
15 July 1995,NA,23.13860572,75.5,3118
16 July 1995,40.38879954,19.77628688,76,3119
17 July 1995,64.44601299,26.13860572,75.5,3120
18 July 1995,32.62221905,21.95019992,79.5,3121
19 July 1995,32.57665784,23.88860572,78.5,3122
20 July 1995,34.54409998,28.22193905,78.5,3123
21 July 1995,42.16551005,24.13860572,75,3124
22 July 1995,18.38496766,18.38860572,75.5,3125
23 July 1995,5.190534378,16.97193905,71.5,3126
24 July 1995,33.76759152,21.63860572,76.5,3127
25 July 1995,43.21776115,27.37670096,76.5,3128
26 July 1995,31.88541397,18.84693905,82.5,3129
27 July 1995,47.05004165,29.43027238,78,3130
28 July 1995,79.21596433,32.72193905,82,3131
29 July 1995,93.09693097,20.38860572,87,3132
30 July 1995,39.43125653,11.09693905,72,3133
31 July 1995,35.87217581,25.06284814,68,3134
01 August 1995,58.36549847,33.63860572,74,3135
02 August 1995,52.36151131,30.81976514,82,3136
03 August 1995,55.0661312,26.29802601,81,3137
04 August 1995,40.045461,26.25454775,79.5,3138
05 August 1995,47.78541771,26.13860572,81.5,3139
06 August 1995,38.00043849,14.55527239,86,3140
07 August 1995,69.79516224,11.79012087,88,3141
08 August 1995,33.51937336,19.34150427,68.5,3142
09 August 1995,66.2919174,34.22193905,73,3143
10 August 1995,45.59779259,18.34693905,84.5,3144
11 August 1995,41.34258861,18.43027238,80.5,3145
12 August 1995,37.21528577,23.38860572,76,3146
13 August 1995,29.64703294,20.05527238,74,3147
14 August 1995,37.36298711,27.42648451,74,3148
15 August 1995,42.72041862,25.43027238,79,3149
16 August 1995,61.71480908,9.388605717,85,3150
17 August 1995,36.1648305,9.555272387,78,3151
18 August 1995,30.94751833,19.43027238,68,3152
19 August 1995,33.79381219,27.30527238,70,3153
20 August 1995,24.61255018,18.34150427,77,3154
21 August 1995,26.79831214,17.32908191,78,3155
22 August 1995,24.89837282,20.05527238,76.5,3156
23 August 1995,23.0255642,19.47193905,79,3157
24 August 1995,22.69445135,22.76360572,78.5,3158
25 August 1995,29.30687528,20.80527238,80.5,3159
26 August 1995,22.45753451,22.43027238,82.5,3160
27 August 1995,26.98538869,22.38860572,82,3161
28 August 1995,29.09485375,23.37670096,81,3162
29 August 1995,35.2146134,21.30527238,79.5,3163
30 August 1995,52.73788136,32.68027238,74,3164
31 August 1995,69.74247264,35.43027238,76,3165
01 September 1995,62.26104852,30.05527238,83.5,3166
02 September 1995,22.72821769,21.68027238,82,3167
03 September 1995,20.26104852,21.34693905,79.5,3168
04 September 1995,27.63319143,19.60237383,73,3169
05 September 1995,27.13007283,24.84693905,73.5,3170
06 September 1995,37.31578947,31.19921178,74,3171
07 September 1995,35.60591947,19.59693905,78.5,3172
08 September 1995,31.19053067,22.63860572,70,3173
09 September 1995,26.04133938,25.34693905,67,3174
10 September 1995,26.46741723,23.01360572,73,3175
11 September 1995,37.37007894,24.73280862,68,3176
12 September 1995,46.07578947,29.09693905,68,3177
13 September 1995,64.40381194,34.12411296,69,3178
14 September 1995,49.14603639,31.13860572,72.5,3179
15 September 1995,57.38151556,32.05527238,75.5,3180
16 September 1995,61.95950032,33.05527238,76,3181
17 September 1995,26.17381417,18.43027238,70,3182
18 September 1995,24.61961663,25.95019992,65.5,3183
19 September 1995,24.83347646,23.47193905,69,3184
20 September 1995,32.49877661,16.05527239,64,3185
21 September 1995,20.2390228,18.63860572,52.5,3186
22 September 1995,38.16861888,27.18027238,54,3187
23 September 1995,29.64683585,26.88860572,57.5,3188
24 September 1995,26.12685686,22.22193905,55,3189
25 September 1995,43.11619464,27.75765334,58.5,3190
26 September 1995,44.07848062,36.07193905,66.5,3191
27 September 1995,61.19017127,32.64585209,65,3192
28 September 1995,37.14912281,22.34693905,67.5,3193
29 September 1995,20.92326611,20.59693905,53.5,3194
30 September 1995,19.79578947,21.01360572,52.5,3195
01 October 1995,13.57755875,19.93027238,55,3196
02 October 1995,23.16156062,26.42846079,52.5,3197
03 October 1995,43.10111052,18.18027239,59.5,3198
04 October 1995,9.26688728,16.55527239,45,3199
05 October 1995,22.65947592,24.18027238,46,3200
06 October 1995,28.94775583,27.97193905,50.5,3201
07 October 1995,31.28027506,30.51360572,53.5,3202
08 October 1995,23.75314334,25.55527238,50,3203
09 October 1995,49.1704991,35.84693905,55.5,3204
10 October 1995,43.06449682,33.0806347,60,3205
11 October 1995,45.49532564,16.63860572,69,3206
12 October 1995,26.43270039,17.01360572,55.5,3207
13 October 1995,37.65453579,28.13860572,46,3208
14 October 1995,52.72673475,32.43027238,48.5,3209
15 October 1995,47.23308395,33.34693905,53.5,3210
16 October 1995,63.75170217,38.38102996,55.5,3211
17 October 1995,45.1974363,33.09693905,54,3212
18 October 1995,29.5877193,28.59693905,59,3213
19 October 1995,39.22283312,33.76360572,46.5,3214
20 October 1995,81.72412281,35.63860572,49,3215
21 October 1995,70.24981725,17.56284814,49,3216
22 October 1995,11.76192043,17.03443905,39,3217
23 October 1995,24.23791249,26.29802601,39.5,3218
24 October 1995,28.50328947,31.57193905,41.5,3219
25 October 1995,38.63106725,36.93027238,46,3220
26 October 1995,29.15633724,31.76360572,57.5,3221
27 October 1995,39.17894122,27.26360572,50.5,3222
28 October 1995,33.15757725,34.84693905,54,3223
29 October 1995,41.66686259,32.72193905,53.5,3224
30 October 1995,27.71063224,26.47193905,55,3225
31 October 1995,29.08881283,30.80527238,50.5,3226
01 November 1995,18.05817173,26.47193905,36,3227
02 November 1995,34.49797664,34.63860572,32,3228
03 November 1995,60.48296616,40.84693905,35.5,3229
04 November 1995,50.9569554,38.22193905,34,3230
05 November 1995,37.77584882,37.77193905,47,3231
06 November 1995,35.89219204,30.55527238,41.5,3232
07 November 1995,49.99729294,34.95019992,49,3233
08 November 1995,38.8972229,26.01360572,54,3234
09 November 1995,13.89829188,20.76360572,47.5,3235
10 November 1995,5.82914412,20.63860572,37,3236
11 November 1995,10.75223239,27.92648451,46.5,3237
12 November 1995,8.78364308,26.77963136,51,3238
13 November 1995,34.07967401,27.92648451,52.5,3239
14 November 1995,32.05410588,25.55527238,53.5,3240
15 November 1995,41.53878528,32.97193905,50,3241
16 November 1995,47.88544562,35.01360572,49,3242
17 November 1995,51.39759151,34.01360572,50,3243
18 November 1995,32.93226907,34.51360572,52,3244
19 November 1995,27.94003304,29.47193905,46,3245
20 November 1995,51.45980469,38.29802601,45,3246
21 November 1995,58.90387181,42.09693905,44.5,3247
22 November 1995,61.34844891,26.18027238,43.5,3248
23 November 1995,27.38744056,32.09693905,45.5,3249
24 November 1995,26.27325733,35.22193905,51,3250
25 November 1995,34.81484657,21.43027238,57.5,3251
26 November 1995,29.80579659,11.09693905,48,3252
27 November 1995,9.7965987,23.97193905,36.5,3253
28 November 1995,12.83746268,29.76360572,40,3254
29 November 1995,21.35523721,28.95019992,50.5,3255
30 November 1995,24.84786849,29.73280862,55.5,3256
01 December 1995,22.36370614,18.80527238,54.5,3257
02 December 1995,11.86193099,25.8632434,44,3258
03 December 1995,17.11759128,29.38860572,39.5,3259
04 December 1995,16.23682005,21.29802601,47,3260
05 December 1995,14.17476383,27.26360572,43,3261
06 December 1995,19.20363994,26.12411296,45.5,3262
07 December 1995,11.01204194,28.47193905,39,3263
08 December 1995,21.96985683,29.8632434,36,3264
09 December 1995,25.97934088,35.38860572,41.5,3265
10 December 1995,11.75480169,23.88860572,47,3266
11 December 1995,17.82717664,21.13860572,49,3267
12 December 1995,34.54846371,6.124112967,53.5,3268
13 December 1995,13.29902419,23.47193905,43.5,3269
14 December 1995,28.99447083,32.80527238,39,3270
15 December 1995,19.02245614,33.26360572,42.5,3271
16 December 1995,7.44665024,23.22193905,39.5,3272
17 December 1995,10.02245614,22.59693905,35,3273
18 December 1995,36.35604628,35.25454775,31.5,3274
19 December 1995,49.02245614,42.09693905,30.5,3275
20 December 1995,41.77850662,37.38860572,30,3276
21 December 1995,23.47578947,33.31740161,28.5,3277
22 December 1995,35.0629079,38.16259058,27,3278
23 December 1995,44.58015526,39.79114039,26,3279
24 December 1995,54.58414411,38.32491043,25.5,3280
25 December 1995,58.62847384,38.30461096,24,3281
26 December 1995,58.50169847,45.39654776,26.5,3282
27 December 1995,61.21393762,43.77661061,26.5,3283
28 December 1995,58.88553437,42.98249981,26.5,3284
29 December 1995,62.61372458,41.43331452,34.5,3285
30 December 1995,9.94435388,38.72470185,36,3286
31 December 1995,1.96912281,22.83445511,40,3287
01 January 1996,5.35998263,28.63643264,33.5,3288
02 January 1996,18.11517219,35.86100201,29.5,3289
03 January 1996,19.22139419,39.80920964,40.5,3290
04 January 1996,12.18894582,37.01171126,36,3291
05 January 1996,26.10682793,45.19354708,31,3292
06 January 1996,28.48952026,39.81406617,31.5,3293
07 January 1996,27.70447351,36.63983432,39.5,3294
08 January 1996,64.08430799,45.17219,37.5,3295
09 January 1996,87.71716061,49.15353008,39.5,3296
10 January 1996,18.26480908,29.52172648,40.5,3297
11 January 1996,37.16292092,40.95840345,37,3298
12 January 1996,45.10591293,45.94484433,35,3299
13 January 1996,67.03507914,50.31671429,34.5,3300
14 January 1996,66.62348178,51.72884185,36,3301
15 January 1996,72.02930724,41.5909684,42,3302
16 January 1996,28.5745345,25.14124773,43,3303
17 January 1996,24.0315359,19.54376791,31.5,3304
18 January 1996,12.31370516,34.65716496,25,3305
19 January 1996,10.56425573,23.21896411,34.5,3306
20 January 1996,0.67476383,16.29909679,32.5,3307
21 January 1996,10.05436182,15.87131514,34,3308
22 January 1996,5.67476383,29.06335424,27.5,3309
23 January 1996,7.95539153,24.30381807,26,3310
24 January 1996,6.67476383,14.3429,34,3311
25 January 1996,2.89829913,22.40726219,27.5,3312
26 January 1996,7.53373819,29.50310717,23,3313
27 January 1996,7.42399202,20.22623434,28.5,3314
28 January 1996,9.53373819,18.05875296,34,3315
29 January 1996,24.15741427,49.16075588,30,3316
30 January 1996,8.40970066,42.07651261,29,3317
31 January 1996,11.19739318,41.67794073,26.5,3318
01 February 1996,37.04324641,42.37753835,17.5,3319
02 February 1996,43.0189303,56.73448819,13.5,3320
03 February 1996,68.75710348,65.32275534,7,3321
04 February 1996,67.77459062,72.50170087,12,3322
05 February 1996,59.0189303,59.24541595,27,3323
06 February 1996,57.78629482,75.05798082,27,3324
07 February 1996,90.38751943,80.96285694,35,3325
08 February 1996,71.1797892,72.24071584,31.5,3326
09 February 1996,107.3875194,83.83906314,32.5,3327
10 February 1996,63.62458881,57.44823446,36.5,3328
11 February 1996,46.32356401,47.39830429,35,3329
12 February 1996,66.005782,59.29082818,31.5,3330
13 February 1996,99.99495614,74.43834384,32.5,3331
14 February 1996,117.3695043,76.70429649,29,3332
15 February 1996,122.9949561,80.97498814,33,3333
16 February 1996,112.2826953,80.14601933,31,3334
17 February 1996,103.9949561,73.1361264,35.5,3335
18 February 1996,27.72931346,31.89852419,44.5,3336
19 February 1996,6.80961663,20.58491091,45,3337
20 February 1996,7.08894524,26.08220907,43.5,3338
21 February 1996,7.09123158,16.44462865,47,3339
22 February 1996,2.89099511,21.96249411,38,3340
23 February 1996,9.32448513,35.23251273,33.5,3341
24 February 1996,11.70701548,11.12262285,44,3342
25 February 1996,0.75074882,16.32042312,30,3343
26 February 1996,5.11094698,22.6496829,26,3344
27 February 1996,6.75074882,28.12438998,23.5,3345
28 February 1996,30.44562111,42.06003744,23,3346
29 February 1996,37.75074882,50.89214871,26.5,3347
01 March 1996,27.43549354,41.64530888,33,3348
02 March 1996,16.4219543,39.0216701,37,3349
03 March 1996,14.87360907,30.35098807,43.5,3350
04 March 1996,12.53570485,7.552105392,50.5,3351
05 March 1996,13.56876566,22.17704973,43,3352
06 March 1996,12.46162281,23.3899247,38,3353
07 March 1996,19.36340852,33.95058136,41.5,3354
08 March 1996,31.46815749,36.89675222,43.5,3355
09 March 1996,34.94642359,33.59791002,50,3356
10 March 1996,20.58939256,32.13730713,57.5,3357
11 March 1996,41.48823649,26.41493855,53,3358
12 March 1996,7.30472778,23.99083827,47.5,3359
13 March 1996,13.35266739,31.83132183,44,3360
14 March 1996,17.89661886,28.22254522,46,3361
15 March 1996,20.91530397,31.49260432,47,3362
16 March 1996,8.52462481,18.67915299,45.5,3363
17 March 1996,16.13187934,19.41402263,45.5,3364
18 March 1996,25.64088835,31.61974737,43,3365
19 March 1996,38.64389135,36.44044761,45,3366
20 March 1996,36.63277553,36.13249684,53.5,3367
21 March 1996,49.02869892,34.66194284,56,3368
22 March 1996,26.23841272,15.5289779,55.5,3369
23 March 1996,-8.87592536,12.15946473,37.5,3370
24 March 1996,11.27496938,NA,38.5,3371
25 March 1996,9.27331662,NA,37,3372
26 March 1996,23.7661431,28.78201893,37.5,3373
27 March 1996,21.2966976,28.77014742,50,3374
28 March 1996,25.88732936,5.624028761,50,3375
29 March 1996,NA,NA,40,3376
30 March 1996,7.33115931,NA,46,3377
31 March 1996,15.85822584,NA,51.5,3378
01 April 1996,16.2669389,NA,60.5,3379
02 April 1996,12.26364548,NA,54.5,3380
03 April 1996,6.22342,27.01220887,46.5,3381
04 April 1996,11.06314778,20.35488811,45.5,3382
05 April 1996,17.59426829,20.09493699,46.5,3383
06 April 1996,21.02856565,31.00834481,50.5,3384
07 April 1996,20.02856565,28.80548168,55.5,3385
08 April 1996,29.48208952,31.13118635,62.5,3386
09 April 1996,38.89600081,20.44727665,67,3387
10 April 1996,38.44444914,18.39766529,62,3388
11 April 1996,7.95339398,16.59816778,51.5,3389
12 April 1996,8.41986129,25.46112168,43.5,3390
13 April 1996,1.91951598,14.38436424,42.5,3391
14 April 1996,6.98147563,23.28607513,43.5,3392
15 April 1996,16.03721118,28.1011736,49.5,3393
16 April 1996,28.58798167,15.13984048,56,3394
17 April 1996,6.17069365,21.52076612,44,3395
18 April 1996,1.68121697,18.66311795,43,3396
19 April 1996,6.18094684,19.09119058,44,3397
20 April 1996,2.37737939,21.07018267,41,3398
21 April 1996,3.09088987,23.78277472,41.5,3399
22 April 1996,16.04521662,30.84867376,48,3400
23 April 1996,30.53353238,29.6948971,57,3401
24 April 1996,44.51013387,16.79178109,59,3402
25 April 1996,11.08594641,17.55615494,52.5,3403
26 April 1996,18.15146394,24.73550782,56,3404
27 April 1996,22.23863057,17.60450881,47.5,3405
28 April 1996,6.78971538,18.15717408,43.5,3406
29 April 1996,23.31758177,28.39192734,48.5,3407
30 April 1996,23.88113761,26.25165438,57,3408
01 May 1996,22.86920068,21.85875189,59.5,3409
02 May 1996,41.83992271,19.47124025,62,3410
03 May 1996,27.33383453,24.02047209,55.5,3411
04 May 1996,26.37140679,20.7814125,51.5,3412
05 May 1996,28.88730274,23.90687805,57,3413
06 May 1996,26.9567174,20.65992105,61.5,3414
07 May 1996,34.02198502,21.37743794,64,3415
08 May 1996,18.08667239,15.24427059,64,3416
09 May 1996,15.33185373,16.77808111,62.5,3417
10 May 1996,30.56327049,27.09005737,62,3418
11 May 1996,30.95574754,26.15273195,64,3419
12 May 1996,28.87426165,22.35696366,70,3420
13 May 1996,45.79131906,28.92066579,72.5,3421
14 May 1996,37.17492813,20.772674,71,3422
15 May 1996,27.55547752,20.45330715,70.5,3423
16 May 1996,64.09321928,11.05072335,66.5,3424
17 May 1996,12.19337523,20.96942679,62.5,3425
18 May 1996,4.79626947,12.9399808,54.5,3426
19 May 1996,6.37489069,12.96602879,56,3427
20 May 1996,9.41857481,21.45159676,53,3428
21 May 1996,32.19716202,34.94157733,57.5,3429
22 May 1996,15.87262955,17.30238336,59.5,3430
23 May 1996,10.69076964,17.01630329,51.5,3431
24 May 1996,16.75029871,25.19380157,51,3432
25 May 1996,7.29337438,17.74835687,58,3433
26 May 1996,7.84839362,18.02972325,52,3434
27 May 1996,5.77069143,15.91884407,59.5,3435
28 May 1996,9.86730689,19.67712874,57,3436
29 May 1996,13.31641102,22.98698886,61,3437
30 May 1996,9.26858331,23.48567824,57.5,3438
31 May 1996,20.88192911,23.21186438,58,3439
01 June 1996,18.92396413,23.32057015,61,3440
02 June 1996,18.40676599,23.06935567,65.5,3441
03 June 1996,37.43593628,31.11938797,70.5,3442
04 June 1996,37.45056619,27.96886625,76,3443
05 June 1996,30.95204112,21.70248347,72,3444
06 June 1996,27.00913658,26.20438361,69.5,3445
07 June 1996,48.03088643,34.40049628,74.5,3446
08 June 1996,46.54224379,22.13531532,82,3447
09 June 1996,52.02866341,16.25643406,80,3448
10 June 1996,55.52001788,22.43095687,77.5,3449
11 June 1996,52.06344957,20.73227218,77,3450
12 June 1996,37.6495181,25.2192598,76,3451
13 June 1996,45.67401378,26.52294979,79,3452
14 June 1996,38.44991176,24.74222353,79,3453
15 June 1996,43.23074664,24.0544275,78,3454
16 June 1996,23.70886424,13.71042195,84,3455
17 June 1996,31.68990204,16.28275669,81.5,3456
18 June 1996,30.19497511,19.73818172,67.5,3457
19 June 1996,29.71977773,22.01321626,63,3458
20 June 1996,56.40928541,34.82316406,70,3459
21 June 1996,51.21038694,11.59710945,74.5,3460
22 June 1996,17.20017221,17.70300605,68,3461
23 June 1996,24.21314051,22.48395497,71,3462
24 June 1996,49.35898578,9.257088215,82,3463
25 June 1996,37.48291792,21.56041386,72.5,3464
26 June 1996,63.36050492,19.4258954,76.5,3465
27 June 1996,25.80707838,20.90087212,70.5,3466
28 June 1996,16.45148273,17.7337399,68,3467
29 June 1996,18.57934958,25.11134698,69,3468
30 June 1996,27.09692369,26.56182417,75,3469
01 July 1996,47.56940464,34.58482125,79.5,3470
02 July 1996,51.43245614,31.57063257,85,3471
03 July 1996,53.0985533,24.80948216,89.5,3472
04 July 1996,35.62737174,16.71765255,84,3473
05 July 1996,24.73045343,20.49030592,81,3474
06 July 1996,15.77996369,21.47284781,78,3475
07 July 1996,24.84633389,27.70226842,78.5,3476
08 July 1996,45.65745614,24.85117842,80.5,3477
09 July 1996,33.97717705,26.48382296,83,3478
10 July 1996,42.15379294,29.92859463,85,3479
11 July 1996,47.14505306,32.64167455,80.5,3480
12 July 1996,61.22477551,33.41133872,79.5,3481
13 July 1996,41.32260202,28.08660034,81,3482
14 July 1996,32.14719602,26.35271492,81,3483
15 July 1996,41.16716919,28.97889397,78.5,3484
16 July 1996,32.81607333,19.95959898,74,3485
17 July 1996,29.82185368,23.51691974,74.5,3486
18 July 1996,33.74772734,21.17371918,82,3487
19 July 1996,40.09344752,33.13030164,77,3488
20 July 1996,26.66697995,26.23685425,77,3489
21 July 1996,41.6968958,26.07962002,77.5,3490
22 July 1996,42.58934243,28.32903808,78.5,3491
23 July 1996,41.08344136,29.46583116,78,3492
24 July 1996,46.58344136,27.65280994,81.5,3493
25 July 1996,48.59201074,32.12906187,82.5,3494
26 July 1996,38.35745614,27.91408295,84,3495
27 July 1996,45.01175622,14.01606863,88,3496
28 July 1996,23.52473857,20.65008864,81.5,3497
29 July 1996,28.02191632,21.7967291,80,3498
30 July 1996,30.55840031,30.80886834,78.5,3499
31 July 1996,46.40975584,33.33125611,81,3500
01 August 1996,67.98980206,23.78283859,82.5,3501
02 August 1996,50.93575008,38.89540325,83,3502
03 August 1996,29.93214282,22.42310343,75,3503
04 August 1996,15.03352439,17.09394487,70.5,3504
05 August 1996,48.69177365,18.85867545,77,3505
06 August 1996,33.81067996,21.31195859,70.5,3506
07 August 1996,43.36707153,32.88088013,68.5,3507
08 August 1996,69.63789065,44.09607848,77,3508
09 August 1996,60.75597458,37.4541018,77,3509
10 August 1996,41.97233709,29.83724891,79.5,3510
11 August 1996,36.52870614,29.39486064,79.5,3511
12 August 1996,71.48215852,37.42251529,84,3512
13 August 1996,71.34410449,41.2254361,84,3513
14 August 1996,70.24352757,32.30067292,84,3514
15 August 1996,54.04406328,36.27146476,81,3515
16 August 1996,60.07424784,36.50848504,83,3516
17 August 1996,56.80711716,26.81947201,83,3517
18 August 1996,27.027736,18.78714922,77.5,3518
19 August 1996,54.7119403,34.41617218,72,3519
20 August 1996,49.59603412,19.61250749,82,3520
21 August 1996,55.50653874,29.39760886,74,3521
22 August 1996,60.30107609,36.83819772,73,3522
23 August 1996,62.1562997,38.56750194,74.5,3523
24 August 1996,52.32231643,40.12947313,77,3524
25 August 1996,38.91936471,30.27309258,80,3525
26 August 1996,49.81677057,25.59545376,78.5,3526
27 August 1996,42.66429817,18.40434575,83.5,3527
28 August 1996,76.8327389,31.31395373,75,3528
29 August 1996,60.91345354,33.82243943,73,3529
30 August 1996,63.80070556,33.46943157,76,3530
31 August 1996,53.52774029,29.38858539,79.5,3531
01 September 1996,38.85277547,24.89448825,74,3532
02 September 1996,39.37430604,26.85270519,72,3533
03 September 1996,60.1701287,29.03446173,77.5,3534
04 September 1996,85.08896455,12.78460342,85,3535
05 September 1996,74.05272204,17.84475038,67.5,3536
06 September 1996,40.23050095,28.53699948,64,3537
07 September 1996,41.55628578,28.01202175,69.5,3538
08 September 1996,28.9607487,27.21302774,73,3539
09 September 1996,63.22863169,33.30343586,74,3540
10 September 1996,54.08661972,30.29091364,76.5,3541
11 September 1996,33.92887324,22.90527938,74,3542
12 September 1996,45.90915493,24.03999519,77,3543
13 September 1996,37.03346453,16.99785792,74,3544
14 September 1996,16.52429897,18.03953217,65,3545
15 September 1996,28.69944942,14.27596545,68,3546
16 September 1996,18.16419458,20.51551843,51.5,3547
17 September 1996,17.14257719,19.64292714,48,3548
18 September 1996,19.13649816,21.07553381,50,3549
19 September 1996,18.01875396,25.01901764,54,3550
20 September 1996,21.08628197,24.56706284,57.5,3551
21 September 1996,21.19299189,27.71793625,67,3552
22 September 1996,14.58500153,19.94943898,60.5,3553
23 September 1996,26.93268036,32.3407667,56,3554
24 September 1996,42,34.57939954,62,3555
25 September 1996,33.85207102,32.81663334,56,3556
26 September 1996,34.81885967,18.12076439,51.5,3557
27 September 1996,32.81153558,27.66518658,52,3558
28 September 1996,32.80578972,24.20956581,59,3559
29 September 1996,27.79526652,23.21435036,64.5,3560
30 September 1996,38.87317692,27.08228315,69,3561
01 October 1996,35.87317692,28.10511124,71.5,3562
02 October 1996,70.7182181,31.61522667,68,3563
03 October 1996,34.97802394,27.99631959,67,3564
04 October 1996,41.28379859,31.5444931,67,3565
05 October 1996,38.81393436,30.55406973,68.5,3566
06 October 1996,33.9745509,26.85909257,67.5,3567
07 October 1996,51.86438813,31.28717566,63.5,3568
08 October 1996,54.89731382,35.50770285,65.5,3569
09 October 1996,67.7399061,37.76127392,67.5,3570
10 October 1996,42.61128359,36.81735393,71,3571
11 October 1996,46.09975031,25.94509366,75,3572
12 October 1996,36,23.74954571,70.5,3573
13 October 1996,31.0530859,13.60525348,70,3574
14 October 1996,26.51302939,23.32801603,55.5,3575
15 October 1996,55.75041916,34.31754384,55.5,3576
16 October 1996,16.65018723,17.43802763,47.5,3577
17 October 1996,30.66359281,28.09820741,40.5,3578
18 October 1996,36.54682635,25.83483505,54.5,3579
19 October 1996,13.8313123,21.08001411,44.5,3580
20 October 1996,6.78817323,14.75425654,33,3581
21 October 1996,17.04927515,29.77187591,35.5,3582
22 October 1996,27.82619606,33.61252595,41.5,3583
23 October 1996,36.39821259,35.71165594,44.5,3584
24 October 1996,15.58726727,26.92073538,42,3585
25 October 1996,6.478237107,22.95758111,40.5,3586
26 October 1996,8.992600767,31.83775388,36.5,3587
27 October 1996,15.52217824,27.24961957,39,3588
28 October 1996,31.79624135,43.91542536,37.5,3589
29 October 1996,11.85219449,26.85746682,44,3590
30 October 1996,30.35659748,24.95073058,49,3591
31 October 1996,27.9512386,35.75244086,44.5,3592
01 November 1996,36.52765445,29.54089357,43.5,3593
02 November 1996,47.53234506,33.32261393,44,3594
03 November 1996,45.44743701,38.19307247,44.5,3595
04 November 1996,17.40067899,16.90235153,48,3596
05 November 1996,13,25.08717497,36.5,3597
06 November 1996,20.38387063,29.40322579,34.5,3598
07 November 1996,21.82828969,31.89992699,41.5,3599
08 November 1996,38.83115198,36.29903168,45.5,3600
09 November 1996,42.81660222,35.67443342,46.5,3601
10 November 1996,38.81556597,31.11480802,47,3602
11 November 1996,49,41.08834527,47,3603
12 November 1996,74.29697696,44.64167501,48.5,3604
13 November 1996,73.29829236,45.63415664,51.5,3605
14 November 1996,28.73792777,23.13318098,47.5,3606
15 November 1996,14.01577024,33.77528382,37,3607
16 November 1996,-0.890616421,25.48608502,36,3608
17 November 1996,12,16.08296788,39,3609
18 November 1996,13.28209854,10.17943902,54.5,3610
19 November 1996,19.21629894,13.13724833,60.5,3611
20 November 1996,37.22042888,25.3720916,53,3612
21 November 1996,22.80243815,22.40681382,53,3613
22 November 1996,7.244240461,24.57223533,45.5,3614
23 November 1996,19.52504083,26.24461126,43.5,3615
24 November 1996,16.29292478,29.07032392,40,3616
25 November 1996,15.80436949,31.09216286,40.5,3617
26 November 1996,18.5126532,29.15365725,35.5,3618
27 November 1996,30.84303409,35.98361784,34,3619
28 November 1996,11.02579112,30.15378542,37.5,3620
29 November 1996,2.805189895,17.22111883,34.5,3621
30 November 1996,12.77285859,30.75439378,30.5,3622
01 December 1996,7.970642035,27.02966876,35,3623
02 December 1996,9.232833365,27.59218623,28.5,3624
03 December 1996,13.71718332,35.99835763,28,3625
04 December 1996,17.85933173,39.32775336,23,3626
05 December 1996,11.61867585,25.10224357,38,3627
06 December 1996,9.388542619,37.56511088,32,3628
07 December 1996,18.95251609,41.09130414,33,3629
08 December 1996,28.54900954,38.53248222,38,3630
09 December 1996,15.66429167,18.62373317,46.5,3631
10 December 1996,5.117757623,8.122250953,48,3632
11 December 1996,9.000000003,22.32856309,43,3633
12 December 1996,8.236142833,15.28896753,50,3634
13 December 1996,14.34765175,25.4091416,44.5,3635
14 December 1996,6.705936701,19.00970005,30.5,3636
15 December 1996,21.73185844,31.32558369,27,3637
16 December 1996,15.67149038,30.92423323,34,3638
17 December 1996,36.20209791,24.22381751,21.5,3639
18 December 1996,40.70683342,38.18229893,19.5,3640
19 December 1996,41.81957517,41.78982809,27.5,3641
20 December 1996,34.38523139,37.58212362,36,3642
21 December 1996,41.44397562,14.33857498,40.5,3643
22 December 1996,33.42973061,18.10905801,38,3644
23 December 1996,12.39392557,28.73308966,35,3645
24 December 1996,13.49256267,39.49053871,36,3646
25 December 1996,13.52619338,37.08054077,35.5,3647
26 December 1996,3.551895614,32.27854017,43.5,3648
27 December 1996,11.0618948,13.89517429,43.5,3649
28 December 1996,0.04273504,10.13229337,45,3650
29 December 1996,5.52003828,14.92124924,48.5,3651
30 December 1996,13.94719356,31.19702254,48.5,3652
31 December 1996,9,14.8589555,55,3653
01 January 1997,4.685159124,14.51234403,53,3654
02 January 1997,4.897489988,16.57203828,51,3655
03 January 1997,4.232675418,21.28183391,41.5,3656
04 January 1997,14,28.33876719,33,3657
05 January 1997,9.682644148,25.19167124,28.5,3658
06 January 1997,18.66737419,20.00075702,27,3659
07 January 1997,23.35897436,40.18033412,26,3660
08 January 1997,28.32573744,46.38169164,32.5,3661
09 January 1997,25.04301162,39.62805055,34,3662
10 January 1997,9.999999999,27.45816642,39.5,3663
11 January 1997,14.58579037,31.32940137,31.5,3664
12 January 1997,13,18.659076,18.5,3665
13 January 1997,17.24638648,37.24481972,18,3666
14 January 1997,22.84561274,40.46081046,22.5,3667
15 January 1997,28.27237192,44.36630309,23,3668
16 January 1997,52.73666264,57.05512938,20.5,3669
17 January 1997,75.73100312,66.34753762,18,3670
18 January 1997,87.92088608,66.88141747,24,3671
19 January 1997,74.76029065,69.83799503,25.5,3672
20 January 1997,52,46.7402845,30.5,3673
21 January 1997,11.93924951,21.24624196,38,3674
22 January 1997,7.000000001,10.40547703,38,3675
23 January 1997,9.564503331,32.0020624,30,3676
24 January 1997,31.89695351,51.198279,27,3677
25 January 1997,8.567375495,23.31906094,35.5,3678
26 January 1997,7.000000003,14.42098722,44.5,3679
27 January 1997,11.08315693,33.04371892,39.5,3680
28 January 1997,18.80205016,41.1342352,36.5,3681
29 January 1997,18.0801864,37.58022229,36,3682
30 January 1997,37,41.0687168,37,3683
31 January 1997,55.57250289,47.25285494,38.5,3684
01 February 1997,38.49513705,37.61557881,44.5,3685
02 February 1997,10.1070826,33.21194091,38,3686
03 February 1997,15,32.80330463,36.5,3687
04 February 1997,17.70233329,33.71202971,35.5,3688
05 February 1997,14,26.41283849,29,3689
06 February 1997,14.99621956,25.24760283,31,3690
07 February 1997,35.44685774,47.19371125,28.5,3691
08 February 1997,44.5675474,48.98343047,33,3692
09 February 1997,47,46.88900936,33,3693
10 February 1997,62.74836902,54.4309602,33.5,3694
11 February 1997,59.84340946,56.06016327,35.5,3695
12 February 1997,22.4429322,42.29687063,34.5,3696
13 February 1997,17,36.34796063,30.5,3697
14 February 1997,23.61218714,43.31745278,33.5,3698
15 February 1997,26.86955143,37.5745596,44.5,3699
16 February 1997,26.77124364,36.43142844,42.5,3700
17 February 1997,16.69339357,31.41308414,47,3701
18 February 1997,9.984243221,30.31118831,39,3702
19 February 1997,27,37.33883923,41.5,3703
20 February 1997,6.659327839,24.88867122,35.5,3704
21 February 1997,23,37.98435425,33,3705
22 February 1997,23.86417914,32.31639013,31,3706
23 February 1997,17.17936424,18.54842896,34.5,3707
24 February 1997,25.7418925,25.50015392,32.5,3708
25 February 1997,24,41.4813949,30.5,3709
26 February 1997,31.10763365,39.93206067,38,3710
27 February 1997,6.00966581,31.92421089,33.5,3711
28 February 1997,9.27914527,27.43822665,30.5,3712
01 March 1997,21.47377659,38.64391663,29.5,3713
02 March 1997,13.44613871,18.02479289,42,3714
03 March 1997,14.06772079,31.83000338,30.5,3715
04 March 1997,11.24860596,27.99011634,31.5,3716
05 March 1997,25.05725234,54.64088607,35.5,3717
06 March 1997,41.34706282,43.98313275,46.5,3718
07 March 1997,38.0677208,42.93758156,43,3719
08 March 1997,22.62325791,35.40794398,43,3720
09 March 1997,17.59051564,31.15628462,42.5,3721
10 March 1997,24.75550536,33.88666155,50.5,3722
11 March 1997,27.73814558,31.37193076,58.5,3723
12 March 1997,40.8450002,33.02475167,54.5,3724
13 March 1997,22.71888758,26.28678837,39,3725
14 March 1997,29.77619653,39.02885186,38,3726
15 March 1997,31.67688793,34.14470762,49,3727
16 March 1997,23.61672811,19.36354516,52.5,3728
17 March 1997,18.8417836,23.02670535,50.5,3729
18 March 1997,31.62691517,36.40187788,51,3730
19 March 1997,37.74304547,38.01378315,56,3731
20 March 1997,48.5793898,36.39765429,59,3732
21 March 1997,19.35626692,27.51979481,54.5,3733
22 March 1997,29.28533954,32.05203814,52,3734
23 March 1997,26.79767991,26.73652897,53,3735
24 March 1997,39.24787556,16.89508406,43.5,3736
25 March 1997,22.33741987,36.78286417,43,3737
26 March 1997,37.40538314,39.33013308,50.5,3738
27 March 1997,28.45433419,23.45723392,47,3739
28 March 1997,26.19639423,32.65700998,42.5,3740
29 March 1997,17.83943644,26.75294836,40,3741
30 March 1997,24.18741663,25.24618513,52.5,3742
31 March 1997,NA,16.71842658,49.5,3743
01 April 1997,NA,12.02100594,35.5,3744
02 April 1997,22.02120776,7.987534588,40.5,3745
03 April 1997,19.97945693,23.94059044,47.5,3746
04 April 1997,18.96273923,17.00320624,39.5,3747
05 April 1997,10.53642947,14.52235991,35,3748
06 April 1997,15.5932853,22.69251529,37,3749
07 April 1997,17.91066282,24.67158554,45.5,3750
08 April 1997,21.41293902,20.92664758,46.5,3751
09 April 1997,9.987071536,19.32248091,43.5,3752
10 April 1997,12.10551984,9.394132305,39,3753
11 April 1997,15.59706794,16.17459449,37.5,3754
12 April 1997,15.21093681,17.73470186,35.5,3755
13 April 1997,18.68069942,30.07392922,40.5,3756
14 April 1997,24.63939066,44.72984659,53,3757
15 April 1997,20.97604167,NA,52,3758
16 April 1997,35.03854167,NA,58,3759
17 April 1997,37.96979167,27.6962519,64.5,3760
18 April 1997,35.68678161,29.81469473,61.5,3761
19 April 1997,24.85992859,24.01182358,60,3762
20 April 1997,16.56388152,16.95905138,61,3763
21 April 1997,14.81330854,15.08947856,51,3764
22 April 1997,12.40665427,20.2003946,56.5,3765
23 April 1997,13.71786859,23.55083786,45.5,3766
24 April 1997,7.43428469,17.64670099,46.5,3767
25 April 1997,14.74304547,22.43855065,49.5,3768
26 April 1997,16.59535983,24.97479463,54.5,3769
27 April 1997,16.59535983,19.83702528,60,3770
28 April 1997,14.7142886,20.14928434,56,3771
29 April 1997,9.595359822,14.00709584,51,3772
30 April 1997,12.59535982,17.818839,50.5,3773
01 May 1997,11.42189357,15.96296889,44.5,3774
02 May 1997,17.55689829,23.22589458,44,3775
03 May 1997,27.446898,32.65927122,55.5,3776
04 May 1997,25.23663751,25.49490552,61.5,3777
05 May 1997,38.55689829,32.90289847,61.5,3778
06 May 1997,31.48159832,30.86692441,62,3779
07 May 1997,21.73005846,24.78125677,60.5,3780
08 May 1997,32.9671547,29.53524138,58.5,3781
09 May 1997,34.7467543,30.91794722,62.5,3782
10 May 1997,33.79422266,28.22387944,65,3783
11 May 1997,29.85434924,22.23730485,66,3784
12 May 1997,33.89232392,22.95236726,66,3785
13 May 1997,31.7013809,30.2149182,69.5,3786
14 May 1997,31.84144758,27.79268379,70.5,3787
15 May 1997,39.97435897,22.77971701,71,3788
16 May 1997,46.98085037,30.48313881,72,3789
17 May 1997,31.92515262,20.78592861,70,3790
18 May 1997,18.69792393,16.53459378,67,3791
19 May 1997,34.0420845,23.39400789,65,3792
20 May 1997,27.15396377,20.58314202,69.5,3793
21 May 1997,19.97997521,19.89076025,64.5,3794
22 May 1997,28.15199935,23.76402886,69,3795
23 May 1997,30.97997521,15.38274953,68.5,3796
24 May 1997,10.97997521,11.9214232,52,3797
25 May 1997,7.067720794,8.879294704,50.5,3798
26 May 1997,6.067720794,14.09151567,53,3799
27 May 1997,20.1004884,22.68188887,62,3800
28 May 1997,21.0470696,23.56639935,67,3801
29 May 1997,14.15128206,21.90907615,68,3802
30 May 1997,27.16626095,20.7898039,69.5,3803
31 May 1997,31.10818034,16.27522427,78,3804
01 June 1997,20.27419787,14.32354698,72.5,3805
02 June 1997,25.36051607,20.75367664,71.5,3806
03 June 1997,40.02912264,20.95100023,75.5,3807
04 June 1997,29.04516317,17.85734675,78,3808
05 June 1997,34.61685388,19.92397368,68,3809
06 June 1997,20.35936322,24.44256465,66.5,3810
07 June 1997,18.17065726,24.83533734,69.5,3811
08 June 1997,19.49279572,19.09077145,67,3812
09 June 1997,20.32913703,21.33677236,66.5,3813
10 June 1997,16.80612797,11.35855958,64.5,3814
11 June 1997,22.44270596,4.502625433,66.5,3815
12 June 1997,18.32371006,9.620756068,60.5,3816
13 June 1997,17.61333948,19.72726258,63.5,3817
14 June 1997,18.27578673,16.39194023,58.5,3818
15 June 1997,20.83963058,17.17102217,62.5,3819
16 June 1997,25.85446875,22.51387046,67.5,3820
17 June 1997,24.19836677,21.26916341,72,3821
18 June 1997,32.79318521,19.82348924,78,3822
19 June 1997,30.3139377,NA,75.5,3823
20 June 1997,22.1480287,25.42738238,71.5,3824
21 June 1997,28.14303248,18.99518526,77,3825
22 June 1997,28.12229913,9.641288613,74.5,3826
23 June 1997,33.4669586,19.41499759,68.5,3827
24 June 1997,21.60460226,22.3805795,62,3828
25 June 1997,41.18648179,31.33713834,66,3829
26 June 1997,50.36077972,NA,76,3830
27 June 1997,32,NA,77.5,3831
28 June 1997,26.97043227,NA,78,3832
29 June 1997,22.92107106,NA,78,3833
30 June 1997,80.36961642,NA,73.5,3834
01 July 1997,22.58416443,20.35078492,60.5,3835
02 July 1997,46.75188264,30.68744136,64.5,3836
03 July 1997,27.80954064,24.80485324,64.5,3837
04 July 1997,48.85272466,28.50895619,69.5,3838
05 July 1997,36.36388889,28.85518362,77,3839
06 July 1997,23.91976749,27.58682296,76,3840
07 July 1997,30.62001206,31.09377405,75.5,3841
08 July 1997,56.39305596,31.74421438,76.5,3842
09 July 1997,50.31139498,29.08588624,81.5,3843
10 July 1997,46,10.27182105,80.5,3844
11 July 1997,22.78075977,16.67479102,70.5,3845
12 July 1997,15.48312751,16.29172177,63,3846
13 July 1997,14.93242571,20.08093166,66.5,3847
14 July 1997,36.73919414,34.65833065,75,3848
15 July 1997,42.22756681,45.18437629,82.5,3849
16 July 1997,49.49005425,28.92747634,81.5,3850
17 July 1997,40.56106495,16.86288506,88.5,3851
18 July 1997,38.30565287,26.60566816,79,3852
19 July 1997,30.22933868,27.01417947,75.5,3853
20 July 1997,26.35379214,26.28864871,76,3854
21 July 1997,50.2590812,40.47856128,79,3855
22 July 1997,55.32467949,36.04783063,80.5,3856
23 July 1997,23.01368841,26.02075842,75.5,3857
24 July 1997,26.73621214,22.30313482,77,3858
25 July 1997,23.51986125,26.21052421,78,3859
26 July 1997,24.3031139,27.94916058,77.5,3860
27 July 1997,24.2988115,20.44546111,80,3861
28 July 1997,28.53652597,27.7020782,73,3862
29 July 1997,22.03560149,20.83264647,74.5,3863
30 July 1997,34.61609477,24.38010388,73.5,3864
31 July 1997,29.58341503,27.59651917,75.5,3865
01 August 1997,26.60331179,27.95274216,79.5,3866
02 August 1997,26.60331179,30.35987932,83.5,3867
03 August 1997,35.95925633,22.50775944,82,3868
04 August 1997,21.47482976,31.07978143,71.5,3869
05 August 1997,20.63457293,23.50871927,73,3870
06 August 1997,24.48050801,19.17109705,75.5,3871
07 August 1997,31.69269103,28.16278047,77.5,3872
08 August 1997,39.66,28.93177361,80.5,3873
09 August 1997,34.60326886,26.72010139,75.5,3874
10 August 1997,17.35177008,9.409438408,73,3875
11 August 1997,26.55407651,12.49390637,74,3876
12 August 1997,21.06550481,24.24032479,73,3877
13 August 1997,21.73289462,28.93308131,72,3878
14 August 1997,30.37205763,28.3390691,75,3879
15 August 1997,39.75308388,28.43108855,80.5,3880
16 August 1997,33.22033511,26.37055906,76.5,3881
17 August 1997,25.63689829,20.45513508,77.5,3882
18 August 1997,28.49260317,24.1840316,79,3883
19 August 1997,37.66161299,24.44373157,82.5,3884
20 August 1997,32,25.81526094,81.5,3885
21 August 1997,23.22831894,17.1955241,82.5,3886
22 August 1997,26.74739583,26.34163076,84.5,3887
23 August 1997,24.64248387,25.87303693,84,3888
24 August 1997,21.38356496,20.76485933,82,3889
25 August 1997,36.61205535,22.89238285,79.5,3890
26 August 1997,36.29263746,24.19962142,85.5,3891
27 August 1997,37.48434296,16.32078847,83,3892
28 August 1997,37.48032171,17.75698221,82.5,3893
29 August 1997,36.42976714,30.50464303,79,3894
30 August 1997,38.40503262,31.6460566,77,3895
31 August 1997,23.07200141,18.89754603,77.5,3896
01 September 1997,23.35364257,24.35873978,79,3897
02 September 1997,24.52157889,23.85168092,75,3898
03 September 1997,21.27759009,21.08997321,70.5,3899
04 September 1997,28.49579139,28.59427563,72,3900
05 September 1997,33.08541294,31.20644192,75,3901
06 September 1997,17.31788804,25.38904425,75,3902
07 September 1997,21.07861546,26.86858277,76.5,3903
08 September 1997,32.63662651,31.11826813,77.5,3904
09 September 1997,28.9845614,27.24084631,76.5,3905
10 September 1997,27.29873945,33.92758671,77.5,3906
11 September 1997,33.47520422,23.57632496,71.5,3907
12 September 1997,29.24673734,31.17638216,66,3908
13 September 1997,22.6912249,25.01316706,76,3909
14 September 1997,22.3890298,14.61995259,77.5,3910
15 September 1997,20.15675089,15.66119974,70,3911
16 September 1997,22.55923695,25.72304184,59.5,3912
17 September 1997,49.87345355,18.81822681,67.5,3913
18 September 1997,23.32300056,23.98419658,64.5,3914
19 September 1997,19.95313483,28.54944777,58,3915
20 September 1997,7.239543417,26.29632993,55,3916
21 September 1997,17.59116413,22.96231009,56.5,3917
22 September 1997,24.76529848,27.27573814,59.5,3918
23 September 1997,26.66741144,24.73730374,62,3919
24 September 1997,29.64701486,32.15016923,65.5,3920
25 September 1997,33.83850626,32.93197384,65,3921
26 September 1997,18.71398143,25.85135562,65,3922
27 September 1997,12.47122163,20.35184734,57,3923
28 September 1997,17.64103268,22.92560465,55,3924
29 September 1997,40.37435897,35.76198892,60,3925
30 September 1997,46.37435897,37.79434972,66,3926
01 October 1997,35.3022013,28.13878145,70.5,3927
02 October 1997,44.25362486,22.35710806,68.5,3928
03 October 1997,26.22960362,24.95918114,60.5,3929
04 October 1997,24.50813757,25.91214874,68.5,3930
05 October 1997,22.19686378,23.16954768,60.5,3931
06 October 1997,41.1187926,23.96114124,61,3932
07 October 1997,18.6213668,18.87607895,58.5,3933
08 October 1997,25.05073557,22.16460234,49,3934
09 October 1997,24.94485294,17.87265801,60,3935
10 October 1997,27.76601888,16.55687424,67.5,3936
11 October 1997,12.34024121,14.27661108,50.5,3937
12 October 1997,15.38276247,21.03823388,39,3938
13 October 1997,22,28.75636254,42.5,3939
14 October 1997,33.44951514,33.28958018,49,3940
15 October 1997,42.44951514,40.66558653,49.5,3941
16 October 1997,46.48752683,42.88581085,54,3942
17 October 1997,48.05694444,45.22621268,55,3943
18 October 1997,30.11542398,35.4869098,54.5,3944
19 October 1997,25.94183667,30.66683835,57,3945
20 October 1997,43.13612736,42.2631148,56,3946
21 October 1997,39.04501713,36.01371227,51.5,3947
22 October 1997,37.11527778,NA,52.5,3948
23 October 1997,21.3654698,NA,43,3949
24 October 1997,11.30864197,NA,37.5,3950
25 October 1997,15,NA,39.5,3951
26 October 1997,18.23958189,NA,40,3952
27 October 1997,43.71196528,NA,45.5,3953
28 October 1997,47.25763483,NA,46.5,3954
29 October 1997,29.10509464,NA,49.5,3955
30 October 1997,27.59015235,NA,54.5,3956
31 October 1997,20,NA,51.5,3957
01 November 1997,16.46630365,NA,43,3958
02 November 1997,19.95995411,NA,43,3959
03 November 1997,29.02036082,NA,43.5,3960
04 November 1997,36.96981844,NA,48,3961
05 November 1997,43.49631232,NA,50.5,3962
06 November 1997,45,NA,51.5,3963
07 November 1997,46.05182132,NA,51.5,3964
08 November 1997,26.00754396,NA,44,3965
09 November 1997,13.0396478,NA,44,3966
10 November 1997,20.9026434,NA,41,3967
11 November 1997,13.92035589,NA,42.5,3968
12 November 1997,28,NA,39.5,3969
13 November 1997,29.51908385,NA,40,3970
14 November 1997,21.57992427,NA,33.5,3971
15 November 1997,17.96568731,NA,32,3972
16 November 1997,30.43779707,NA,34,3973
17 November 1997,35.91876105,NA,38,3974
18 November 1997,34,NA,38.5,3975
19 November 1997,24.94480176,NA,48.5,3976
20 November 1997,16.94391327,NA,41.5,3977
21 November 1997,18.34856073,NA,37,3978
22 November 1997,26.2770569,NA,37,3979
23 November 1997,33.82671035,NA,42.5,3980
24 November 1997,43.19143094,NA,43.5,3981
25 November 1997,30.64685833,NA,45,3982
26 November 1997,20.68987051,NA,47,3983
27 November 1997,12.24978369,NA,42,3984
28 November 1997,25.52411584,NA,38.5,3985
29 November 1997,38.52204137,NA,40.5,3986
30 November 1997,40,NA,39,3987
01 December 1997,32.65523547,NA,37,3988
02 December 1997,19.03207453,NA,36.5,3989
03 December 1997,35.37981219,NA,33,3990
04 December 1997,47,NA,33.5,3991
05 December 1997,72.28749353,NA,31.5,3992
06 December 1997,53.35718253,NA,35.5,3993
07 December 1997,22.15429877,NA,40,3994
08 December 1997,10.04465321,NA,38,3995
09 December 1997,11.72460376,NA,29.5,3996
10 December 1997,19.54235164,NA,23,3997
11 December 1997,41.01611587,NA,21.5,3998
12 December 1997,51.99272406,NA,22,3999
13 December 1997,69.99272406,NA,21.5,4000
14 December 1997,75.98687611,NA,22,4001
15 December 1997,50.56710688,NA,32.5,4002
16 December 1997,39,NA,31.5,4003
17 December 1997,54.46870157,NA,33,4004
18 December 1997,61,NA,30.5,4005
19 December 1997,21.9267707,NA,26.5,4006
20 December 1997,54.50035187,NA,24.5,4007
21 December 1997,44.41700876,NA,23.5,4008
22 December 1997,43,NA,24.5,4009
23 December 1997,52.96380818,NA,23.5,4010
24 December 1997,19,NA,24.5,4011
25 December 1997,19.85812434,NA,22.5,4012
26 December 1997,42.4210907,NA,20,4013
27 December 1997,44.37360913,NA,20.5,4014
28 December 1997,31.87506685,NA,22.5,4015
29 December 1997,31.85611642,NA,33,4016
30 December 1997,55,NA,27.5,4017
31 December 1997,73.89508875,NA,21.5,4018
01 January 1998,94,NA,33,4019
02 January 1998,20.85707556,17.48955287,43,4020
03 January 1998,13.08612817,31.5631257,42,4021
04 January 1998,10.99643192,16.89232225,44,4022
05 January 1998,13.98534288,29.5577843,28,4023
06 January 1998,38.93804348,48.38573662,24,4024
07 January 1998,37.15956221,53.82736718,28,4025
08 January 1998,39.62277885,48.69163457,34,4026
09 January 1998,45.1327862,52.2845023,32,4027
10 January 1998,21.06966021,26.60532879,35,4028
11 January 1998,8.860680509,10.71293188,40,4029
12 January 1998,17.95263934,23.74733293,36,4030
13 January 1998,13.27694256,24.11833678,39,4031
14 January 1998,22.98960802,33.75502063,36,4032
15 January 1998,11.42193131,24.07614593,38,4033
16 January 1998,21.93586413,39.12560993,35,4034
17 January 1998,14.4821343,25.20112018,45,4035
18 January 1998,24.08208093,30.88701839,43,4036
19 January 1998,12.01069364,21.5895154,42,4037
20 January 1998,17.13417402,28.16283657,35,4038
21 January 1998,28.95070649,32.26501734,34,4039
22 January 1998,51.88696211,41.23406743,33,4040
23 January 1998,48,39.0682078,42,4041
24 January 1998,41.72460776,35.71182178,44,4042
25 January 1998,19.3709744,27.23242477,44,4043
26 January 1998,50.13727825,36.20854099,46,4044
27 January 1998,41.87994664,31.69023828,44,4045
28 January 1998,59.70787016,39.65164385,42,4046
29 January 1998,54.43356643,34.78105427,42,4047
30 January 1998,18.63258242,29.8286696,39,4048
31 January 1998,28.77368686,30.75106365,38,4049
01 February 1998,22.89406886,26.39208162,37,4050
02 February 1998,14.18160145,17.7186137,44,4051
03 February 1998,22.11595322,27.6460939,49,4052
04 February 1998,22.80505314,29.35283919,48,4053
05 February 1998,17.78851064,25.06738803,41,4054
06 February 1998,20.55536714,32.7371176,41,4055
07 February 1998,9.424457338,22.99749196,42,4056
08 February 1998,4.090596168,18.21920058,39,4057
09 February 1998,12.47474743,36.60955556,35,4058
10 February 1998,21.92698259,32.79755982,37,4059
11 February 1998,10.47721236,32.02914958,35,4060
12 February 1998,24.41514847,32.4379411,37,4061
13 February 1998,38.78668061,35.0545119,42,4062
14 February 1998,17.96482657,23.63887243,40,4063
15 February 1998,0.50195749,14.69807607,38,4064
16 February 1998,12,26.29300734,36,4065
17 February 1998,20.99360195,33.6720881,37,4066
18 February 1998,9.944089757,27.66923064,36,4067
19 February 1998,28.40927898,35.91381142,37,4068
20 February 1998,36.87421177,38.15421806,42,4069
21 February 1998,25.85724638,21.61942425,44,4070
22 February 1998,9.37663043,24.25301531,39,4071
23 February 1998,12.93259234,35.10825275,37,4072
24 February 1998,13.84960407,25.31262672,38,4073
25 February 1998,15.8307971,23.43695438,27,4074
26 February 1998,NA,28.1667716,27,4075
27 February 1998,5.637334317,34.63040276,26,4076
28 February 1998,28.70082638,38.86738543,26,4077
01 March 1998,16.3321749,35.20600356,33,4078
02 March 1998,50.28981361,53.86385505,31,4079
03 March 1998,23.95810927,33.04572417,35,4080
04 March 1998,9.73499856,29.18296332,27,4081
05 March 1998,29.64592441,36.49289979,28,4082
06 March 1998,11.9499206,28.82646657,25,4083
07 March 1998,13.09714789,35.16668521,21,4084
08 March 1998,22.11569513,39.09682144,23,4085
09 March 1998,25.34528123,38.84314222,33,4086
10 March 1998,27.60053739,39.69404989,37,4087
11 March 1998,44.55620242,45.00784789,40,4088
12 March 1998,44,44.59648838,42,4089
13 March 1998,67.68786262,41.8523963,46,4090
14 March 1998,45.18375753,38.42799456,45,4091
15 March 1998,30.4208075,32.48164514,46,4092
16 March 1998,37.65215475,34.373958,49,4093
17 March 1998,15.80334294,36.59695217,39,4094
18 March 1998,18,30.96354165,36,4095
19 March 1998,24.15038434,31.07135952,40,4096
20 March 1998,49.47671287,32.89402561,44,4097
21 March 1998,34.47226225,33.71108148,49,4098
22 March 1998,24.22695928,25.49856156,56,4099
23 March 1998,36.69775467,20.79036518,60,4100
24 March 1998,28.18943191,16.36317135,62,4101
25 March 1998,29.17021805,16.48993714,59,4102
26 March 1998,26.21561119,22.48886014,53,4103
27 March 1998,7.916851602,16.41573648,43,4104
28 March 1998,1.668385955,16.71253111,40,4105
29 March 1998,1.138436985,9.737523019,39,4106
30 March 1998,13.00000001,24.76012012,37,4107
31 March 1998,12.43101381,23.29530387,43,4108
01 April 1998,32.14131872,30.75099141,47,4109
02 April 1998,20.32192798,29.41400998,44,4110
03 April 1998,14.23976899,21.11161071,48,4111
04 April 1998,9.259351432,12.70412766,46,4112
05 April 1998,12.57749857,11.58739188,41,4113
06 April 1998,12.71154111,24.00205086,41,4114
07 April 1998,12.76647215,26.91045018,42,4115
08 April 1998,15.63173255,23.9277039,43,4116
09 April 1998,7.786384615,24.97209419,47,4117
10 April 1998,14.59838462,19.92852489,55,4118
11 April 1998,24.64532714,10.73062356,58,4119
12 April 1998,7.552305423,12.12226408,45,4120
13 April 1998,8.887822663,25.46476122,40,4121
14 April 1998,14.59770115,25.74533732,38,4122
15 April 1998,9.474444095,26.86768529,38,4123
16 April 1998,11.59647895,19.60601831,42,4124
17 April 1998,17.54474588,24.72139694,42,4125
18 April 1998,7.347106262,24.8163667,42,4126
19 April 1998,13.40386199,24.84794396,48,4127
20 April 1998,29.43805419,27.34417136,49,4128
21 April 1998,68.95983096,30.69266922,53,4129
22 April 1998,60.53980417,33.45466918,59,4130
23 April 1998,58.51707718,20.58211511,68,4131
24 April 1998,25.64762918,16.21377683,54,4132
25 April 1998,9.600736287,15.99117055,48,4133
26 April 1998,14.03596059,11.62459965,49,4134
27 April 1998,20.18964146,24.40236939,50,4135
28 April 1998,40.19705433,27.64590446,55,4136
29 April 1998,35.35607786,28.84731168,58,4137
30 April 1998,48.79632347,30.98152722,59,4138
01 May 1998,37.80921745,30.06341985,64,4139
02 May 1998,39.77750019,23.05982202,67,4140
03 May 1998,30.88258332,12.86996275,65,4141
04 May 1998,31.38987615,17.86906594,59,4142
05 May 1998,19.47714494,18.27860838,55,4143
06 May 1998,18.36265426,18.65550865,54,4144
07 May 1998,19.39909745,17.6372884,59,4145
08 May 1998,26.36351585,25.34460346,59,4146
09 May 1998,13.26147333,14.85071759,63,4147
10 May 1998,12.31430832,13.89331025,57,4148
11 May 1998,12.91815024,19.27114253,53,4149
12 May 1998,26.27281,18.26075383,57,4150
13 May 1998,10.25555307,10.57822286,53,4151
14 May 1998,15.39682243,13.88954265,53,4152
15 May 1998,6.847140356,15.84450463,51,4153
16 May 1998,19.24414508,14.2583507,61,4154
17 May 1998,13.57212617,10.94199598,53,4155
18 May 1998,23.70982987,22.41938749,54,4156
19 May 1998,38.71559505,22.7832491,64,4157
20 May 1998,30.68035543,11.23984108,69,4158
21 May 1998,9.699771451,11.18522621,55,4159
22 May 1998,14.66396257,16.51595438,51,4160
23 May 1998,16.80817468,20.25918344,55,4161
24 May 1998,9.087305371,17.74708083,62,4162
25 May 1998,19.59432456,14.53387956,67,4163
26 May 1998,33.11861458,14.24690364,62,4164
27 May 1998,22.59424947,20.10204796,55,4165
28 May 1998,55.64051383,27.46202276,61,4166
29 May 1998,34.61094147,12.46099648,70,4167
30 May 1998,12.46818677,14.04893453,57,4168
31 May 1998,19.55863016,19.7904898,61,4169
01 June 1998,27.65097403,26.49583412,66,4170
02 June 1998,42.9079491,19.04453721,71,4171
03 June 1998,27.90210131,15.8260722,63,4172
04 June 1998,13.14398701,16.20345998,54,4173
05 June 1998,9.118047247,16.50098276,56,4174
06 June 1998,16.24580774,19.09705361,61,4175
07 June 1998,15.45764164,15.47501761,60,4176
08 June 1998,14.42172123,14.66418992,58,4177
09 June 1998,9.119418548,16.76516406,55,4178
10 June 1998,11,NA,58,4179
11 June 1998,18.74823095,NA,61,4180
12 June 1998,24.20946546,13.71052213,64,4181
13 June 1998,13.94906123,15.15351549,57,4182
14 June 1998,11.7998369,16.78374144,62,4183
15 June 1998,23.94706102,17.68468259,62,4184
16 June 1998,11.9502747,15.11080661,53,4185
17 June 1998,4.874796438,15.59701111,47,4186
18 June 1998,9.773507458,14.59120959,61,4187
19 June 1998,23.17460947,13.81568806,68,4188
20 June 1998,13.95693031,18.22781778,60,4189
21 June 1998,15.26063419,19.06056256,67,4190
22 June 1998,26.41215935,16.00185967,72,4191
23 June 1998,25.63035849,18.998166,66,4192
24 June 1998,22.60120397,27.82240381,67,4193
25 June 1998,33.35858355,19.17758474,73,4194
26 June 1998,21.39903545,19.14470733,64,4195
27 June 1998,16.10445453,20.30585216,61,4196
28 June 1998,21.64215441,25.58589472,68,4197
29 June 1998,41.65046975,31.83114526,74,4198
30 June 1998,57.60079119,35.97379789,76,4199
01 July 1998,49.36107106,35.45943905,77,4200
02 July 1998,49.50947761,30.47946473,80,4201
03 July 1998,31.01776407,25.19605283,81,4202
04 July 1998,42,18.92697529,82,4203
05 July 1998,40.97694704,11.40643141,79,4204
06 July 1998,28.03286102,24.18573132,78,4205
07 July 1998,31.8848012,25.88746956,78,4206
08 July 1998,26.06484709,27.90773895,77,4207
09 July 1998,29.92446394,33.41282189,79,4208
10 July 1998,30.02948355,29.18543438,81,4209
11 July 1998,17.37915992,24.20540683,80,4210
12 July 1998,15.86664798,26.64623558,77,4211
13 July 1998,34.1859135,28.86433351,83,4212
14 July 1998,41,32.7098469,80,4213
15 July 1998,53.13273609,38.4752165,80,4214
16 July 1998,40.44514944,36.09494791,82,4215
17 July 1998,31.91977006,36.5781969,85,4216
18 July 1998,35.70098441,31.14068941,86,4217
19 July 1998,44,22.04933266,87,4218
20 July 1998,40.93672882,23.20412515,88,4219
21 July 1998,26.10501219,21.79502925,84,4220
22 July 1998,32.19181456,24.78561944,80,4221
23 July 1998,28.98818117,21.71987305,78,4222
24 July 1998,20.57508356,19.4229989,74,4223
25 July 1998,16.48867866,15.21173857,73,4224
26 July 1998,12.9122677,15.77457293,78,4225
27 July 1998,21.99847545,21.49786315,80,4226
28 July 1998,28.57039835,25.55141248,76,4227
29 July 1998,43.60035194,19.94636996,76,4228
30 July 1998,37.61749524,23.85017331,77,4229
31 July 1998,31.13878242,21.7282228,81,4230
01 August 1998,17.03780998,24.35884723,72,4231
02 August 1998,13.18670718,20.72704003,72,4232
03 August 1998,29.08267005,26.1184891,75,4233
04 August 1998,32.24690268,24.35757303,75,4234
05 August 1998,19.25312994,28.37711879,80,4235
06 August 1998,37.17376922,34.90967055,81,4236
07 August 1998,52.19968086,25.87252538,83,4237
08 August 1998,32.20752897,22.40892445,83,4238
09 August 1998,26.28398058,18.423789,80,4239
10 August 1998,42.77604508,20.97273948,80,4240
11 August 1998,27.71517256,29.02324203,77,4241
12 August 1998,34.66275139,32.25648853,78,4242
13 August 1998,38.20180689,32.87530016,80,4243
14 August 1998,38.13158024,32.54673037,79,4244
15 August 1998,32.05929549,27.09339015,81,4245
16 August 1998,16.2134825,15.36425592,84,4246
17 August 1998,31.56643095,12.82795168,82,4247
18 August 1998,23.09099861,20.88672119,75,4248
19 August 1998,18.94679514,24.13891956,78,4249
20 August 1998,24.92919983,29.09154861,77,4250
21 August 1998,23.16821787,21.85888103,80,4251
22 August 1998,NA,21.44209958,82,4252
23 August 1998,19.12901892,19.94158305,81,4253
24 August 1998,38.21875,31.31041714,71,4254
25 August 1998,25.70210675,24.26176361,76,4255
26 August 1998,28.67571378,23.63975299,75,4256
27 August 1998,26.25412088,27.08786554,71,4257
28 August 1998,56.26020048,37.9166075,71,4258
29 August 1998,38.24305821,37.07063294,76,4259
30 August 1998,34.79876374,27.58126545,78,4260
31 August 1998,30.19102163,23.03318085,81,4261
01 September 1998,33.25749481,25.14593387,74,4262
02 September 1998,31.79345238,29.54062685,76,4263
03 September 1998,43.23086177,33.81712952,77,4264
04 September 1998,40.24211542,33.85739383,80,4265
05 September 1998,21.14874239,19.90181032,81,4266
06 September 1998,12.22786805,16.57296997,76,4267
07 September 1998,17.74560426,28.05900729,77,4268
08 September 1998,27.45708324,22.0901712,76,4269
09 September 1998,39.81792465,20.84286614,75,4270
10 September 1998,14.86734722,20.48042752,71,4271
11 September 1998,28.50393166,24.57887245,66,4272
12 September 1998,35.42162933,24.3334189,65,4273
13 September 1998,11.76190476,22.50826269,63,4274
14 September 1998,29.26751374,27.98250611,67,4275
15 September 1998,38.46597945,30.60199148,73,4276
16 September 1998,23.05298143,29.8639515,76,4277
17 September 1998,29.52001039,28.03526692,75,4278
18 September 1998,29.35311239,20.56292992,75,4279
19 September 1998,11.86184945,21.77876075,59,4280
20 September 1998,15.19111622,25.84367122,56,4281
21 September 1998,17.23953239,29.46757577,49,4282
22 September 1998,25.25853824,22.02587617,56,4283
23 September 1998,25.59458042,28.1043351,63,4284
24 September 1998,35.15492673,29.7196186,64,4285
25 September 1998,20.60126781,28.10921117,61,4286
26 September 1998,16.61774475,25.0130794,61,4287
27 September 1998,18.65993249,25.82438165,63,4288
28 September 1998,32.04870284,32.89231393,64,4289
29 September 1998,30.38732059,32.08635663,66,4290
30 September 1998,22.12399206,24.50059786,64,4291
01 October 1998,24.20154199,24.95581954,60,4292
02 October 1998,22.13883495,27.55168681,61,4293
03 October 1998,10.97301874,21.72030481,50,4294
04 October 1998,3.284807493,16.84855371,42,4295
05 October 1998,18,23.22539524,44,4296
06 October 1998,22.79854882,27.66432052,49,4297
07 October 1998,39.25435136,31.97124101,55,4298
08 October 1998,24.21764706,30.0243287,61,4299
09 October 1998,52.76071108,38.5385295,56,4300
10 October 1998,23.79929898,26.73465472,52,4301
11 October 1998,20.02863231,27.72319626,50,4302
12 October 1998,49.17294755,38.78607804,52,4303
13 October 1998,45.11159311,34.02921844,61,4304
14 October 1998,35.62612613,33.60878884,52,4305
15 October 1998,24.36640213,26.20308407,45,4306
16 October 1998,14.80970011,25.08676026,41,4307
17 October 1998,17.03089856,22.03007183,45,4308
18 October 1998,16.95556149,24.6290723,45,4309
19 October 1998,39.88081016,31.55281566,48,4310
20 October 1998,27.19031532,32.14752903,51,4311
21 October 1998,32.83568412,27.77872738,53,4312
22 October 1998,20.96554932,24.30041161,58,4313
23 October 1998,23.95122096,28.58434282,55,4314
24 October 1998,22.20454699,24.15983431,57,4315
25 October 1998,3.226865499,19.69805745,55,4316
26 October 1998,21.57762238,29.64565846,52,4317
27 October 1998,39.20451443,31.72026071,50,4318
28 October 1998,23.80782091,28.81294895,50,4319
29 October 1998,18.52602329,31.11759667,47,4320
30 October 1998,17.59941521,27.78176803,45,4321
31 October 1998,14.92888818,26.92407299,45,4322
01 November 1998,35.20183486,24.55358202,44,4323
02 November 1998,19.87880781,25.30282594,45,4324
03 November 1998,20.61050425,23.58531985,41,4325
04 November 1998,25.69774436,33.5342366,40,4326
05 November 1998,23.53987171,31.46968046,43,4327
06 November 1998,1.357732698,25.37736652,37,4328
07 November 1998,12.82219973,20.99797477,38,4329
08 November 1998,1.273917427,19.50095916,39,4330
09 November 1998,6.846962557,27.67214937,34,4331
10 November 1998,15.25893665,31.18383989,34,4332
11 November 1998,23.9242737,34.62554517,36,4333
12 November 1998,37.43031599,36.15825867,36,4334
13 November 1998,44.9228431,40.65262902,38,4335
14 November 1998,50.94081004,41.44518152,42,4336
15 November 1998,52.48715801,40.47846894,44,4337
16 November 1998,48.25889356,44.0391324,42,4338
17 November 1998,28.92995612,27.22097741,50,4339
18 November 1998,14.44188077,26.06538742,38,4340
19 November 1998,25.76771709,33.22005664,36,4341
20 November 1998,36.33281081,38.76034839,38,4342
21 November 1998,24.40260377,17.12659349,51,4343
22 November 1998,16.27436975,17.548778,49,4344
23 November 1998,25.33708116,16.34689753,51,4345
24 November 1998,NA,19.49325806,45,4346
25 November 1998,30.91356694,40.18148419,44,4347
26 November 1998,19.57422764,34.73803537,48,4348
27 November 1998,18.6059497,30.3710528,53,4349
28 November 1998,13.39273035,17.15348932,53,4350
29 November 1998,4.707466313,16.15567022,48,4351
30 November 1998,12.74350493,13.69861199,56,4352
01 December 1998,15.96904979,20.21022017,54,4353
02 December 1998,24.68527901,31.62663481,49,4354
03 December 1998,38.2014386,23.30428582,50,4355
04 December 1998,11.19737029,20.96205671,42,4356
05 December 1998,6.240095851,31.58315405,23,4357
06 December 1998,15.27473083,35.65734593,24,4358
07 December 1998,18.90062227,37.86561189,25,4359
08 December 1998,19.81992716,41.2361927,30,4360
09 December 1998,21.29734069,36.0184271,20,4361
10 December 1998,41,48.06375951,22,4362
11 December 1998,59.24710711,54.56580699,25,4363
12 December 1998,50.83064547,66.46294872,29,4364
13 December 1998,71.79746711,63.36483228,31,4365
14 December 1998,68.33313969,51.88308674,32,4366
15 December 1998,60.27254814,47.70169405,31,4367
16 December 1998,68.54344142,53.89923971,32,4368
17 December 1998,76.24802251,50.21444056,35,4369
18 December 1998,36.67729348,32.8326881,31,4370
19 December 1998,17,28.77549632,21,4371
20 December 1998,15.96171602,31.10231784,13,4372
21 December 1998,29.18678997,32.51284742,8,4373
22 December 1998,41.59665575,40.84183045,14,4374
23 December 1998,53.2294329,48.94784806,12,4375
24 December 1998,56.68824501,51.38518721,15,4376
25 December 1998,52.15608406,49.22208169,26,4377
26 December 1998,54.61181376,47.92712685,30,4378
27 December 1998,27.70551739,34.25643497,38,4379
28 December 1998,26.38471195,29.36653275,42,4380
29 December 1998,47.79467527,43.26818304,42,4381
30 December 1998,37.8709381,36.40793636,43,4382
31 December 1998,29.56044776,36.50388385,37,4383
01 January 1999,12.3452064,28.13880543,35,4384
02 January 1999,23.75087177,35.90661884,31,4385
03 January 1999,19.37348881,35.37882948,28,4386
04 January 1999,40.93886349,42.34964048,32,4387
05 January 1999,52.76327532,44.23011993,38,4388
06 January 1999,36.75976611,42.24387564,42,4389
07 January 1999,36.14913072,37.6676813,39,4390
08 January 1999,21.5043771,30.33777262,34,4391
09 January 1999,23.60323641,35.8753297,36,4392
10 January 1999,27.00504851,37.41008997,44,4393
11 January 1999,44.89762561,41.18128134,40,4394
12 January 1999,32.39339488,34.06309095,38,4395
13 January 1999,11.17451118,35.28946081,36,4396
14 January 1999,47.76095915,41.77118455,36,4397
15 January 1999,26.19072908,37.03631012,42,4398
16 January 1999,4.364562784,27.84807308,43,4399
17 January 1999,9.746116174,27.07006353,38,4400
18 January 1999,16.9423676,22.48097677,45,4401
19 January 1999,12.72493372,32.73417132,43,4402
20 January 1999,5.717110791,23.9800791,43,4403
21 January 1999,8.92137034,24.24358664,37,4404
22 January 1999,8.10921497,31.09578785,34,4405
23 January 1999,10.56429473,14.6016788,45,4406
24 January 1999,12.71323882,25.05276328,31,4407
25 January 1999,22.17561967,36.82586099,31,4408
26 January 1999,9.629538313,26.98932883,34,4409
27 January 1999,18.21278826,27.13579995,27,4410
28 January 1999,35.22663583,44.45407719,24,4411
29 January 1999,57.71810009,51.71146254,27,4412
30 January 1999,63.10150245,54.08686209,27,4413
31 January 1999,57,41.66888263,37,4414
01 February 1999,24.97758714,34.87420574,28,4415
02 February 1999,37,52.64436791,29,4416
03 February 1999,31.01011795,43.06882059,38,4417
04 February 1999,13.46201541,34.02972242,43,4418
05 February 1999,20.39631377,35.67789594,36,4419
06 February 1999,15.48851571,21.64213804,38,4420
07 February 1999,7.529571427,7.559666068,48,4421
08 February 1999,14.76142856,29.42091036,42,4422
09 February 1999,30.62881759,9.872667809,47,4423
10 February 1999,1.153904717,12.84298744,26,4424
11 February 1999,21.24525173,34.67740773,21,4425
12 February 1999,45.63379292,57.40714269,24,4426
13 February 1999,70.21457334,59.89658333,28,4427
14 February 1999,42.25354794,38.28853539,38,4428
15 February 1999,18.12326245,37.93260179,35,4429
16 February 1999,31.63758067,42.28545568,38,4430
17 February 1999,11.47288548,26.2772365,45,4431
18 February 1999,23.60326062,33.91037626,37,4432
19 February 1999,6.092095353,21.50438985,36,4433
20 February 1999,17.95617972,36.422883,32,4434
21 February 1999,13.57595788,20.16551999,43,4435
22 February 1999,16.55374538,28.18812273,34,4436
23 February 1999,21.24399861,37.02784875,44,4437
24 February 1999,28.38825988,33.13749735,50,4438
25 February 1999,40.34791968,17.16343293,49,4439
26 February 1999,13.82678674,29.66463404,35,4440
27 February 1999,22.30821297,36.76309295,40,4441
28 February 1999,23.48070101,34.65143918,50,4442
01 March 1999,18.72726562,31.54105106,46,4443
02 March 1999,25.79772168,33.39832721,41,4444
03 March 1999,27.24392051,20.95158064,51,4445
04 March 1999,11.48141796,23.99650073,36,4446
05 March 1999,23.09977802,37.13403051,31,4447
06 March 1999,24.08496678,38.31642578,37,4448
07 March 1999,18.23412333,25.89296688,40,4449
08 March 1999,14.28689662,21.58576694,38,4450
09 March 1999,20.76166049,14.50180575,42,4451
10 March 1999,20.64482879,35.98617889,34,4452
11 March 1999,26.73054388,38.05974812,38,4453
12 March 1999,13.22721047,27.87735284,38,4454
13 March 1999,33.63171727,36.75012682,41,4455
14 March 1999,27.41350139,34.62233001,51,4456
15 March 1999,35.39964668,33.56252011,55,4457
16 March 1999,32.35820295,24.71786307,50,4458
17 March 1999,34.15242944,34.00739914,43,4459
18 March 1999,61.62873513,41.5781578,47,4460
19 March 1999,44.59981974,39.45867695,51,4461
20 March 1999,34.13654074,25.6561978,55,4462
21 March 1999,22.64387212,15.04230127,51,4463
22 March 1999,13,24.49886034,48,4464
23 March 1999,28.06685279,37.17805388,49,4465
24 March 1999,35.5075625,44.01912133,52,4466
25 March 1999,27.76845294,39.20005027,60,4467
26 March 1999,42.05825429,27.16771863,52,4468
27 March 1999,27.47304937,23.87940639,38,4469
28 March 1999,31,30.88661793,40,4470
29 March 1999,37.4377137,30.11179063,51,4471
30 March 1999,41.02918605,14.10402756,54,4472
31 March 1999,10.38494093,31.51137634,36,4473
01 April 1999,4.315370386,23.27658925,31,4474
02 April 1999,11.21438512,26.348518,35,4475
03 April 1999,6.445335916,17.84107752,36,4476
04 April 1999,NA,28.20714895,37,4477
05 April 1999,11.5796437,20.17456266,42,4478
06 April 1999,16.48377711,19.06675199,47,4479
07 April 1999,24.74617737,29.70553644,46,4480
08 April 1999,1.68582005,13.76077264,47,4481
09 April 1999,6.851941605,12.80249655,40,4482
10 April 1999,6.784823831,26.97998052,34,4483
11 April 1999,19.78138907,34.35118562,41,4484
12 April 1999,23.85616814,38.35098904,49,4485
13 April 1999,29.75492641,26.08129293,51,4486
14 April 1999,26.20011819,29.3716656,44,4487
15 April 1999,14.34286732,22.66624873,41,4488
16 April 1999,31.52270672,36.29028615,42,4489
17 April 1999,21.98482643,33.8377335,52,4490
18 April 1999,19.78521045,28.70380493,59,4491
19 April 1999,35.99188533,30.99319579,60,4492
20 April 1999,20.52131454,22.70941503,52,4493
21 April 1999,6.94859813,18.79035492,46,4494
22 April 1999,14.6776441,22.34839064,42,4495
23 April 1999,10.06336267,17.64876938,48,4496
24 April 1999,3.276060392,19.91616865,49,4497
25 April 1999,-0.085931877,16.47866865,45,4498
26 April 1999,14.70901645,22.85864805,53,4499
27 April 1999,6.463465136,23.17320396,52,4500
28 April 1999,2.931543136,18.7951133,52,4501
29 April 1999,9.817099966,17.3825467,51,4502
30 April 1999,9.827102803,21.56566046,48,4503
01 May 1999,9.376377862,24.68182894,48,4504
02 May 1999,6.840702652,17.75262793,54,4505
03 May 1999,3.000000002,17.94602308,42,4506
04 May 1999,1.920091166,15.87872783,43,4507
05 May 1999,5.403010416,23.00813488,43,4508
06 May 1999,18.44973545,33.16615417,47,4509
07 May 1999,29.24716567,32.58282084,55,4510
08 May 1999,16.66152679,15.89894651,55,4511
09 May 1999,3.297421256,10.54123131,47,4512
10 May 1999,-0.873552865,16.71378318,42,4513
11 May 1999,13.06102607,30.63816721,43,4514
12 May 1999,22.0617284,28.1877259,56,4515
13 May 1999,5.101983828,14.93289219,55,4516
14 May 1999,15.4708661,15.83038532,49,4517
15 May 1999,3.000000001,13.06911014,46,4518
16 May 1999,0.26405423,18.23188486,48,4519
17 May 1999,16.31536495,25.30537387,53,4520
18 May 1999,25.11064959,25.82277314,64,4521
19 May 1999,31.16206131,26.43011892,61,4522
20 May 1999,28.16823415,27.09021403,62,4523
21 May 1999,41.01234568,31.16017193,64,4524
22 May 1999,23.12211081,20.83742697,65,4525
23 May 1999,32.65598221,14.18890362,68,4526
24 May 1999,25,8.214945278,69,4527
25 May 1999,20.30801725,18.04383514,67,4528
26 May 1999,20.28323408,17.44936982,66,4529
27 May 1999,30.52578747,24.22568273,68,4530
28 May 1999,31.48618376,23.43515329,71,4531
29 May 1999,6.425561724,17.01591107,66,4532
30 May 1999,20.69245414,10.28119266,67,4533
31 May 1999,4.400470097,11.37207348,58,4534
01 June 1999,16.30254867,21.07377757,66,4535
02 June 1999,11.73606784,9.068798173,61,4536
03 June 1999,14.5559633,13.47644669,60,4537
04 June 1999,13.4847244,20.38842013,52,4538
05 June 1999,13.41314474,17.02475255,51,4539
06 June 1999,7.775615196,16.84154513,59,4540
07 June 1999,14.49581507,19.77575042,62,4541
08 June 1999,16.87135158,15.57628842,59,4542
09 June 1999,13.9403461,21.34867953,58,4543
10 June 1999,20.89047429,24.28198897,63,4544
11 June 1999,21,25.45878613,62,4545
12 June 1999,18.63888889,25.81209428,67,4546
13 June 1999,15.99543105,23.89416846,71,4547
14 June 1999,36.36397194,31.93894139,72,4548
15 June 1999,42.83621396,26.56163641,77,4549
16 June 1999,55.32683486,21.14056269,78,4550
17 June 1999,34.00751665,16.88947523,78,4551
18 June 1999,30.88177152,27.89068296,79,4552
19 June 1999,21.38223569,23.40098516,81,4553
20 June 1999,29.21300544,21.24137575,77,4554
21 June 1999,50.87830285,15.1844673,81,4555
22 June 1999,25.84639954,24.057377,71,4556
23 June 1999,28.11652095,31.14617747,70,4557
24 June 1999,36.29544135,11.06064841,78,4558
25 June 1999,39.79631439,14.94951996,73,4559
26 June 1999,29.62285793,19.9602228,69,4560
27 June 1999,22.87338018,21.70534792,69,4561
28 June 1999,32.25873289,24.34521643,71,4562
29 June 1999,35.36450925,21.39005637,71,4563
30 June 1999,31.6873529,23.64680008,73,4564
01 July 1999,25.61563774,24.68075005,76,4565
02 July 1999,77.76857407,21.64503577,80,4566
03 July 1999,63.40596643,10.56576608,81,4567
04 July 1999,49.86747974,7.204537182,79,4568
05 July 1999,33.03675214,17.91203937,70,4569
06 July 1999,56.7660451,31.86552972,78,4570
07 July 1999,38.58796181,14.33954529,83,4571
08 July 1999,23.1362825,21.18361268,74,4572
09 July 1999,43.66789941,29.36381269,74,4573
10 July 1999,33.86820498,30.60064877,75,4574
11 July 1999,32.31985178,27.65748256,77,4575
12 July 1999,52.6812858,34.50441167,79,4576
13 July 1999,55.81216602,27.94868094,82,4577
14 July 1999,18.10372019,18.08882206,72,4578
15 July 1999,22.44349263,19.95157388,76,4579
16 July 1999,24.3345535,23.6226476,75,4580
17 July 1999,23.26647001,20.50102443,78,4581
18 July 1999,13.6149945,19.77414714,78,4582
19 July 1999,29.55897456,24.85530557,80,4583
20 July 1999,31.65018897,19.46676702,81,4584
21 July 1999,28.46355426,23.40000068,82,4585
22 July 1999,32.38635447,25.42558448,83,4586
23 July 1999,37.28348416,25.03881658,83,4587
24 July 1999,35.42226265,13.689694,83,4588
25 July 1999,27.86617754,19.01277491,74,4589
26 July 1999,51.66145276,27.807475,76,4590
27 July 1999,37.50447398,22.32984846,84,4591
28 July 1999,27.38487285,17.62168435,82,4592
29 July 1999,29.99831155,20.16588674,80,4593
30 July 1999,40.2083983,16.96909735,78,4594
31 July 1999,18.77448619,19.99498473,78,4595
01 August 1999,22.0261593,23.9359188,78,4596
02 August 1999,33.74698381,21.56283988,83,4597
03 August 1999,35.72431411,29.39838047,79,4598
04 August 1999,28.34065518,28.43060753,79,4599
05 August 1999,39.11176097,25.20144086,76,4600
06 August 1999,38.64745196,16.69359975,79,4601
07 August 1999,26.20615744,20.26737493,81,4602
08 August 1999,18.2210925,20.45115469,78,4603
09 August 1999,27.54288395,27.07043125,83,4604
10 August 1999,36.67007006,24.37288921,77,4605
11 August 1999,18.69185899,18.80003566,70,4606
12 August 1999,20.59368609,24.64847888,69,4607
13 August 1999,31.69457735,21.04745015,79,4608
14 August 1999,32.81004235,8.434354915,83,4609
15 August 1999,15.47078056,13.40499366,73,4610
16 August 1999,37.96718555,30.61111475,73,4611
17 August 1999,26.79474335,27.79643984,79,4612
18 August 1999,37.15200238,25.71894442,81,4613
19 August 1999,27.40092138,18.34154057,83,4614
20 August 1999,29.11720379,18.80909114,79,4615
21 August 1999,10.50020084,19.32774957,75,4616
22 August 1999,20.22588653,25.62347988,76,4617
23 August 1999,32.240508,32.66909572,80,4618
24 August 1999,34.78911592,30.76495095,79,4619
25 August 1999,23.84715335,29.03791191,79,4620
26 August 1999,42.26290616,34.0184522,79,4621
27 August 1999,40.84822584,25.08686726,78,4622
28 August 1999,23.7931806,25.75059506,76,4623
29 August 1999,16.20638592,26.2300479,76,4624
30 August 1999,22.25410896,15.82282989,78,4625
31 August 1999,77.65805471,20.33368204,65,4626
01 September 1999,50.26080877,30.13255527,65,4627
02 September 1999,24.20426829,26.03617248,61,4628
03 September 1999,20.78331486,23.51516745,60,4629
04 September 1999,17,21.22235609,57,4630
05 September 1999,2.022770402,23.74244538,65,4631
06 September 1999,25,26.77873698,70,4632
07 September 1999,25.01846932,27.35045173,64,4633
08 September 1999,43.04388477,36.26551583,64,4634
09 September 1999,52.59593755,29.43808782,70,4635
10 September 1999,29.55446884,24.18248609,76,4636
11 September 1999,20.56042312,25.01164131,67,4637
12 September 1999,27,25.19370404,63,4638
13 September 1999,42.08552397,34.57110539,65,4639
14 September 1999,40.08971069,35.06194788,68,4640
15 September 1999,39.05410849,30.95933175,67,4641
16 September 1999,31.59165571,31.23726736,71,4642
17 September 1999,31.76322122,29.47648444,71,4643
18 September 1999,42.19823155,NA,69,4644
19 September 1999,8.285187789,12.58437134,65,4645
20 September 1999,26.29010024,25.99630497,63,4646
21 September 1999,31.81433395,31.09028391,66,4647
22 September 1999,44.34056197,33.75313826,67,4648
23 September 1999,41.26543375,36.87889376,69,4649
24 September 1999,34.09756192,32.00812564,70,4650
25 September 1999,48.33144291,24.63369051,67,4651
26 September 1999,16.84783125,18.73454505,51,4652
27 September 1999,26.82127193,23.11509679,47,4653
28 September 1999,28.92367718,27.03732017,47,4654
29 September 1999,40.86584967,37.88225336,51,4655
30 September 1999,65.79287408,42.80790416,57,4656
01 October 1999,57.33371955,32.31519583,58,4657
02 October 1999,34.16086707,32.02587577,56,4658
03 October 1999,25.9329259,27.26992339,55,4659
04 October 1999,71.89912024,39.64923159,59,4660
05 October 1999,63.5127721,34.61267123,66,4661
06 October 1999,52.66216163,22.21864655,66,4662
07 October 1999,28.01961276,21.17730587,54,4663
08 October 1999,36.19873688,29.04001788,57,4664
09 October 1999,34.1573095,29.67440433,64,4665
10 October 1999,23.37113204,28.53753192,65,4666
11 October 1999,39.85520175,26.95822988,69,4667
12 October 1999,39.72200086,33.80015878,64,4668
13 October 1999,56.87345381,43.33928972,62,4669
14 October 1999,58.31852289,39.87727347,61,4670
15 October 1999,43.09656936,26.06728432,47,4671
16 October 1999,37.49988547,20.09435621,40,4672
17 October 1999,23.55905707,27.78511857,42,4673
18 October 1999,39.17434571,36.10754986,46,4674
19 October 1999,31.07306646,36.22678389,47,4675
20 October 1999,38.10017489,41.85508713,50,4676
21 October 1999,48.20020687,45.46755279,52,4677
22 October 1999,88.12465993,47.54481927,52,4678
23 October 1999,49.10658764,45.50246579,54,4679
24 October 1999,39.2378674,38.59243832,54,4680
25 October 1999,70.17865355,45.67008255,55,4681
26 October 1999,69.62201279,42.58371082,58,4682
27 October 1999,60.7771751,33.23223914,56,4683
28 October 1999,60.53123521,19.55046259,54,4684
29 October 1999,9.942284755,23.88544531,43,4685
30 October 1999,24.26696781,33.41750276,44,4686
31 October 1999,21.8499424,35.24549009,49,4687
01 November 1999,27.77256144,34.6055346,44,4688
02 November 1999,44.99833751,43.13245203,46,4689
03 November 1999,49.21754221,45.53144375,47,4690
04 November 1999,68.65840088,43.31896092,52,4691
05 November 1999,39.61391506,30.6551022,58,4692
06 November 1999,42.09352934,37.1190835,60,4693
07 November 1999,32.62646465,37.93462245,60,4694
08 November 1999,35.7113649,14.37477428,57,4695
09 November 1999,31.22575728,30.43402395,48,4696
10 November 1999,52.67212347,37.436877,48,4697
11 November 1999,49.01550126,45.6266691,49,4698
12 November 1999,79.15591482,49.32825527,50,4699
13 November 1999,70.65591482,48.06280783,46,4700
14 November 1999,49.85870567,43.471662,46,4701
15 November 1999,73.73046264,46.85441531,50,4702
16 November 1999,70.38015433,52.28231952,47,4703
17 November 1999,68.07466068,17.67375621,53,4704
18 November 1999,10.38020636,30.13155688,38,4705
19 November 1999,45.39660214,42.26490205,40,4706
20 November 1999,20.82163698,30.39883907,41,4707
21 November 1999,7.896417387,29.27046549,34,4708
22 November 1999,14.61430304,32.5905328,30,4709
23 November 1999,27.01570581,40.94067484,27,4710
24 November 1999,36.38706752,44.40201307,27,4711
25 November 1999,21.90193957,41.43357444,38,4712
26 November 1999,21.21352745,33.23394139,50,4713
27 November 1999,31.71198764,31.57041156,47,4714
28 November 1999,31.57458391,35.69721029,43,4715
29 November 1999,49.71846565,40.31521609,44,4716
30 November 1999,43.5373339,17.82079756,57,4717
01 December 1999,18.99869626,23.13041547,44,4718
02 December 1999,16.85455536,37.4462453,33,4719
03 December 1999,8.005806411,25.94788706,25,4720
04 December 1999,28.97760263,42.26772608,22,4721
05 December 1999,39.58399673,42.8359079,23,4722
06 December 1999,70.89288067,52.4233765,30,4723
07 December 1999,7.349795938,30.61238923,37,4724
08 December 1999,13.48931624,34.69358673,25,4725
09 December 1999,35.91466016,42.92076168,27,4726
10 December 1999,17.41322459,39.93188857,26,4727
11 December 1999,21.09409341,39.26835874,23,4728
12 December 1999,17.07104098,36.31144586,36,4729
13 December 1999,0.494942576,19.02305977,35,4730
14 December 1999,15.49893163,33.58849753,26,4731
15 December 1999,50.48456532,50.25747243,27,4732
16 December 1999,67.52022739,54.05624137,36,4733
17 December 1999,38.17239011,48.71184805,40,4734
18 December 1999,9.999999999,24.73967558,41,4735
19 December 1999,9.500552739,25.70280294,37,4736
20 December 1999,18.52457265,39.00347097,37,4737
21 December 1999,17.8073714,30.82431614,35,4738
22 December 1999,33.82199128,38.93290886,34,4739
23 December 1999,55.90210301,44.4893745,31,4740
24 December 1999,62.79964242,46.22782255,31,4741
25 December 1999,66.83765411,40.85436137,30,4742
26 December 1999,58.12820513,36.40348543,32,4743
27 December 1999,65,42.65657337,33,4744
28 December 1999,76.22289202,51.5580633,31,4745
29 December 1999,79.78520018,53.60728205,31,4746
30 December 1999,87.74426451,55.92957856,24,4747
31 December 1999,61.89137539,61.88708329,26,4748
01 January 2000,71.63035309,54.89862449,26,4749
02 January 2000,25,30.52794504,26,4750
03 January 2000,18,30.06333545,24,4751
04 January 2000,22.6025641,45.23676215,30,4752
05 January 2000,11,32.20870817,30,4753
06 January 2000,32.84551313,42.07476038,23,4754
07 January 2000,40.74553571,49.24268609,25,4755
08 January 2000,32,39.31063116,30,4756
09 January 2000,15,24.25831109,33,4757
10 January 2000,13.30128205,26.95794414,37,4758
11 January 2000,65.663899,12.28731204,47,4759
12 January 2000,21,30.78285697,36,4760
13 January 2000,42.61518607,43.6437708,40,4761
14 January 2000,57,37.96278122,43,4762
15 January 2000,32.76706096,33.94946445,43,4763
16 January 2000,19.03697748,10.36926796,47,4764
17 January 2000,36,27.99272913,46,4765
18 January 2000,19,23.41959263,47,4766
19 January 2000,26.13050528,28.28943483,46,4767
20 January 2000,41.41272369,35.03262017,44,4768
21 January 2000,25,32.1484464,41,4769
22 January 2000,15.94735696,30.06144356,35,4770
23 January 2000,25,33.25815336,34,4771
24 January 2000,49,38.70962116,40,4772
25 January 2000,25.59692961,33.66390297,39,4773
26 January 2000,15,26.20551045,39,4774
27 January 2000,14.08020645,24.615098,30,4775
28 January 2000,19.63639828,32.72015245,28,4776
29 January 2000,34.65618507,34.77489399,29,4777
30 January 2000,31.18332092,35.67498869,31,4778
31 January 2000,22.33986608,39.50844554,26,4779
01 February 2000,30,41.71489593,28,4780
02 February 2000,61,49.50220088,32,4781
03 February 2000,86.1679468,57.46627521,31,4782
04 February 2000,44.6643686,38.96935286,37,4783
05 February 2000,51.08032747,41.832279,39,4784
06 February 2000,49.08381715,38.70165637,39,4785
07 February 2000,49.58416415,41.23456357,42,4786
08 February 2000,74.1181808,45.58217864,42,4787
09 February 2000,57.04416199,37.29178271,44,4788
10 February 2000,30.07409007,31.36063616,45,4789
11 February 2000,5.000000004,16.40668256,44,4790
12 February 2000,4.489567294,17.55920387,40,4791
13 February 2000,8.000000002,19.70414942,39,4792
14 February 2000,12.94628704,8.623546341,49,4793
15 February 2000,11.37501926,23.43873964,40,4794
16 February 2000,20.17781334,37.15876341,39,4795
17 February 2000,10,27.16397175,37,4796
18 February 2000,19.421268,30.66355745,36,4797
19 February 2000,22,33.04779886,38,4798
20 February 2000,22.88925592,32.58952471,41,4799
21 February 2000,14.12540506,16.41045597,52,4800
22 February 2000,6.100875416,18.21674623,45,4801
23 February 2000,8.114246246,19.46917923,44,4802
24 February 2000,6.477782365,16.13465882,36,4803
25 February 2000,10.69605084,25.89753868,33,4804
26 February 2000,13.27639616,32.32381815,37,4805
27 February 2000,11,20.58479868,47,4806
28 February 2000,6.291268538,26.95659097,43,4807
29 February 2000,9.789762748,28.07347282,43,4808
01 March 2000,11.06653825,22.04095702,43,4809
02 March 2000,8.429719333,29.64340242,42,4810
03 March 2000,44.20830492,38.49501685,41,4811
04 March 2000,43.92205352,37.17468209,45,4812
05 March 2000,14.65319489,22.88841666,46,4813
06 March 2000,8.337279471,29.02546299,44,4814
07 March 2000,15,29.29143186,38,4815
08 March 2000,11.00269278,14.92373243,44,4816
09 March 2000,1.812406638,17.17968591,39,4817
10 March 2000,12.15184222,24.89900119,37,4818
11 March 2000,9.798471732,30.24069572,41,4819
12 March 2000,2.276373482,24.86272801,41,4820
13 March 2000,18.63441396,32.19696644,43,4821
14 March 2000,30.68424943,39.577218,46,4822
15 March 2000,18.62976297,24.32312256,39,4823
16 March 2000,18.63484,29.56288665,42,4824
17 March 2000,2.03657856,15.68207533,40,4825
18 March 2000,4.04850398,23.77371826,40,4826
19 March 2000,13.6474999,22.2093713,40,4827
20 March 2000,11.62898615,17.84239996,29,4828
21 March 2000,9.579132773,16.11768766,37,4829
22 March 2000,35.56123093,39.33525394,40,4830
23 March 2000,28.53348457,42.87182276,46,4831
24 March 2000,24.5242748,35.56106281,43,4832
25 March 2000,30.52969815,38.09692929,47,4833
26 March 2000,19.61926631,29.06641268,51,4834
27 March 2000,31.06540888,26.30688379,55,4835
28 March 2000,14.77888015,18.91957319,46,4836
29 March 2000,18.47047003,27.73864022,41,4837
30 March 2000,4.979003056,14.42428018,41,4838
31 March 2000,12.79062607,11.39138226,44,4839
01 April 2000,14.40456254,24.1465314,43,4840
02 April 2000,9.942329978,21.69766776,48,4841
03 April 2000,19.39494242,24.60740971,50,4842
04 April 2000,37.04307905,26.59290924,60,4843
05 April 2000,36.54627134,21.97451744,59,4844
06 April 2000,32.21334781,26.42196062,54,4845
07 April 2000,24.98717246,24.90360794,48,4846
08 April 2000,30.98165859,35.86207766,51,4847
09 April 2000,18.28048308,14.0724233,55,4848
10 April 2000,23.47420971,21.74484898,52,4849
11 April 2000,37.53899657,31.67270173,54,4850
12 April 2000,35.87278902,30.16192995,59,4851
13 April 2000,57.65067752,17.18731285,65,4852
14 April 2000,NA,17.21284759,49,4853
15 April 2000,6.879709927,16.25735516,51,4854
16 April 2000,11.71080153,15.95983427,57,4855
17 April 2000,23.39316541,22.51826737,63,4856
18 April 2000,19.35363211,18.33090111,49,4857
19 April 2000,12.38955748,20.00078696,49,4858
20 April 2000,30.85925816,27.63484236,53,4859
21 April 2000,32.02700075,26.52635514,59,4860
22 April 2000,9.314304631,17.98948251,60,4861
23 April 2000,-0.078660009,14.98411978,54,4862
24 April 2000,13.46345376,20.56204355,49,4863
25 April 2000,32.27146156,32.99447726,57,4864
26 April 2000,35.41666208,28.51946903,60,4865
27 April 2000,45.29075125,29.86372479,66,4866
28 April 2000,47.91492883,16.2275979,68,4867
29 April 2000,12.9061569,NA,50,4868
30 April 2000,14.4998247,NA,51,4869
01 May 2000,30.18636958,NA,58,4870
02 May 2000,39.25471371,NA,64,4871
03 May 2000,39.00864062,NA,67,4872
04 May 2000,53.74656823,NA,69,4873
05 May 2000,38.84511895,NA,62,4874
06 May 2000,27.94144118,NA,58,4875
07 May 2000,5.35612715,NA,54,4876
08 May 2000,11.43014552,NA,54,4877
09 May 2000,16.58980351,NA,59,4878
10 May 2000,30.97120702,NA,52,4879
11 May 2000,3.607552655,12.27915628,43,4880
12 May 2000,8.182109212,20.0911828,46,4881
13 May 2000,15.80911385,27.1520256,55,4882
14 May 2000,16.98898409,19.05152844,61,4883
15 May 2000,24.69198797,13.2655436,70,4884
16 May 2000,38.38048486,17.91285914,58,4885
17 May 2000,14.76167377,14.82178278,53,4886
18 May 2000,14.51217986,22.00602758,58,4887
19 May 2000,24.78581732,27.07337004,61,4888
20 May 2000,19.77992127,25.40989939,62,4889
21 May 2000,18.21351561,23.71967685,66,4890
22 May 2000,30.53794711,24.01088805,73,4891
23 May 2000,31.23370626,26.16607271,72,4892
24 May 2000,24.90617675,22.75402252,70,4893
25 May 2000,16.17582584,18.66655134,68,4894
26 May 2000,11.08625478,18.57315645,64,4895
27 May 2000,13.60914511,21.68880513,70,4896
28 May 2000,12.65008015,16.19901335,75,4897
29 May 2000,14.98420059,19.49307575,72,4898
30 May 2000,28.98255366,23.22930352,69,4899
31 May 2000,29.81621029,19.11220866,59,4900
01 June 2000,29.30329175,30.7840888,59,4901
02 June 2000,36.94303798,33.19148135,70,4902
03 June 2000,23.22898504,30.33334924,74,4903
04 June 2000,22.15259823,28.16147424,73,4904
05 June 2000,37.81608711,24.60761534,79,4905
06 June 2000,29.20362625,23.67617948,79,4906
07 June 2000,35.00030291,17.54898556,82,4907
08 June 2000,57.51715044,8.523818815,82,4908
09 June 2000,21.56506794,16.89082876,63,4909
10 June 2000,12.02330133,23.68894666,67,4910
11 June 2000,15.93226196,25.25470187,69,4911
12 June 2000,29,21.97684236,72,4912
13 June 2000,16.36478977,15.50221865,65,4913
14 June 2000,24.88461461,25.22209317,67,4914
15 June 2000,43.43179348,16.47872196,74,4915
16 June 2000,18.0690407,12.31258539,63,4916
17 June 2000,17.0912064,21.46128279,63,4917
18 June 2000,26.64346865,20.42229234,71,4918
19 June 2000,18.59824051,15.2826735,69,4919
20 June 2000,21.12756477,24.36050257,62,4920
21 June 2000,31.20499595,29.59463053,69,4921
22 June 2000,43.62875139,27.4568799,76,4922
23 June 2000,29.03107649,19.54595423,80,4923
24 June 2000,18.86840088,14.22132119,79,4924
25 June 2000,9.586707148,15.05897507,77,4925
26 June 2000,26.51818682,19.87815532,76,4926
27 June 2000,26.04399439,23.65951957,76,4927
28 June 2000,43.28359551,28.20933018,77,4928
29 June 2000,40.6375847,31.83066067,77,4929
30 June 2000,39.4926364,25.69654609,78,4930
01 July 2000,5.928912413,13.97750016,79,4931
02 July 2000,24.14732595,8.009980196,83,4932
03 July 2000,39.85285493,9.551646856,80,4933
04 July 2000,30.85285493,21.50998019,71,4934
05 July 2000,25.14732595,17.42664686,78,4935
06 July 2000,36.11446483,21.10088928,74,4936
07 July 2000,24.42642746,20.75998019,79,4937
08 July 2000,27.05723242,11.34331353,80,4938
09 July 2000,13.92642746,9.259980196,77,4939
10 July 2000,15.92642746,18.25998019,76,4940
11 July 2000,25.22089849,24.42664686,76,4941
12 July 2000,24.42642746,31.50998019,80,4942
13 July 2000,26.92642746,28.42664686,85,4943
14 July 2000,30.64732595,30.46831353,87,4944
15 July 2000,32.42642746,33.42664686,85,4945
16 July 2000,23.92642746,18.71831353,83,4946
17 July 2000,45.48365988,21.25998019,83,4947
18 July 2000,43.92642746,18.08140877,76,4948
19 July 2000,38.42642746,26.05543474,75,4949
20 July 2000,38.27813091,26.04844173,78,4950
21 July 2000,51.92642746,32.30164686,81,4951
22 July 2000,35.42642746,28.05164686,85,4952
23 July 2000,29.22089849,22.30164686,86,4953
24 July 2000,38.92642746,26.96831353,81,4954
25 July 2000,71.92642746,28.46831353,82,4955
26 July 2000,35.42642746,24.11867584,87,4956
27 July 2000,42.42642746,21.80164686,85,4957
28 July 2000,51.92642746,34.67664686,85,4958
29 July 2000,50.77813091,37.55164686,83,4959
30 July 2000,44.42642746,32.09331353,84,4960
31 July 2000,61.42642746,37.00998019,88,4961
01 August 2000,70,39.87361656,87,4962
02 August 2000,88.11446483,32.88498019,85,4963
03 August 2000,65.92642746,24.80164686,86,4964
04 August 2000,37.22089849,23.46831353,82,4965
05 August 2000,34.85285493,25.63498019,79,4966
06 August 2000,22.42642746,24.67664686,80,4967
07 August 2000,40.77813091,27.09331353,83,4968
08 August 2000,46.42642746,20.20563237,83,4969
09 August 2000,34.85285493,29.00998019,83,4970
10 August 2000,35.11446483,21.92664686,87,4971
11 August 2000,46.42642746,22.17664686,79,4972
12 August 2000,43,31.59331353,78,4973
13 August 2000,33,24.25998019,80,4974
14 August 2000,47,31.09331353,79,4975
15 August 2000,30.92642746,24.69179837,81,4976
16 August 2000,24.05723242,19.98824106,81,4977
17 August 2000,25.92642746,22.46831353,81,4978
18 August 2000,21.92642746,19.05164686,78,4979
19 August 2000,26,12.71831353,80,4980
20 August 2000,29.55723242,19.71831353,73,4981
21 August 2000,46.42642746,34.78270747,71,4982
22 August 2000,30.72089849,NA,76,4983
23 August 2000,28.42642746,23.10998019,80,4984
24 August 2000,21.92642746,30.25998019,78,4985
25 August 2000,29.85285493,25.34331353,80,4986
26 August 2000,11.92642746,18.71831353,76,4987
27 August 2000,10.92642746,18.42664686,76,4988
28 August 2000,24.05723242,26.30164686,78,4989
29 August 2000,20.92642746,24.4190711,77,4990
30 August 2000,10.42642746,14.2599802,68,4991
31 August 2000,14.11446483,17.05164686,68,4992
01 September 2000,16.42642746,13.55164686,67,4993
02 September 2000,12.92642746,14.7599802,67,4994
03 September 2000,16,17.80164686,65,4995
04 September 2000,6.42642746,13.09331353,74,4996
05 September 2000,22.42642746,18.46831353,68,4997
06 September 2000,21.11446483,22.59331353,59,4998
07 September 2000,39.92642746,33.7273715,62,4999
08 September 2000,26.92642746,20.80164686,68,5000
09 September 2000,28.11446483,18.64041498,63,5001
10 September 2000,26.42642746,27.42664686,67,5002
11 September 2000,39.42642746,26.14634383,67,5003
12 September 2000,54.85285493,29.92664686,71,5004
13 September 2000,56.92642746,38.25998019,72,5005
14 September 2000,59.42642746,38.46831353,73,5006
15 September 2000,45.72089849,35.63498019,78,5007
16 September 2000,25.92642746,23.92664686,81,5008
17 September 2000,29.42642746,15.5099802,75,5009
18 September 2000,39.27813091,27.59693671,68,5010
19 September 2000,32.92642746,17.3849802,69,5011
20 September 2000,36.92642746,24.84331353,64,5012
21 September 2000,39.22089849,31.73220241,64,5013
22 September 2000,9.42642746,19.10998019,53,5014
23 September 2000,1.92642746,15.0099802,42,5015
24 September 2000,14.55723242,17.05164686,46,5016
25 September 2000,27.92642746,25.71831353,51,5017
26 September 2000,39.92642746,32.05164686,56,5018
27 September 2000,36.22089849,37.33606715,59,5019
28 September 2000,53.92642746,31.17664686,66,5020
29 September 2000,33.92642746,30.50998019,64,5021
30 September 2000,30.14732595,28.92664686,63,5022
01 October 2000,20.92642746,25.59331353,67,5023
02 October 2000,30,24.38498019,63,5024
03 October 2000,25.42642746,28.75998019,58,5025
04 October 2000,45.42642746,30.20563237,57,5026
05 October 2000,35.42642746,30.13498019,52,5027
06 October 2000,34.55723242,34.34331353,52,5028
07 October 2000,34.92642746,29.20563237,52,5029
08 October 2000,22.42642746,28.55164686,54,5030
09 October 2000,28.48365988,24.75998019,61,5031
10 October 2000,16.42642746,14.0099802,56,5032
11 October 2000,5.42642746,17.6349802,46,5033
12 October 2000,17.55723242,21.90128454,44,5034
13 October 2000,6.92642746,25.96831353,46,5035
14 October 2000,11.92642746,24.30164686,49,5036
15 October 2000,17.05723242,24.42302367,48,5037
16 October 2000,33.92642746,32.92664686,51,5038
17 October 2000,39.42642746,34.09331353,52,5039
18 October 2000,35.72089849,34.11867584,56,5040
19 October 2000,29.11446483,35.63498019,56,5041
20 October 2000,32.92642746,34.00998019,57,5042
21 October 2000,14.05723242,15.0099802,54,5043
22 October 2000,2.42642746,20.11867584,47,5044
23 October 2000,10.92642746,24.96831353,48,5045
24 October 2000,15.11446483,23.00998019,53,5046
25 October 2000,7.85285493,25.17664686,53,5047
26 October 2000,17.92642746,25.73725292,57,5048
27 October 2000,8.98365988,27.59331353,49,5049
28 October 2000,9.42642746,23.84331353,48,5050
29 October 2000,0.42642746,8.218313526,52,5051
30 October 2000,3,22.71831353,47,5052
31 October 2000,4.42642746,28.64041497,44,5053
01 November 2000,6.92642746,21.13498019,41,5054
02 November 2000,16,25.88498019,38,5055
03 November 2000,25,32.92664686,37,5056
04 November 2000,33.85285493,30.05164686,39,5057
05 November 2000,8,14.59693672,39,5058
06 November 2000,6.42642746,24.00998019,33,5059
07 November 2000,15.92642746,31.42302367,30,5060
08 November 2000,20.27813091,33.67664686,32,5061
09 November 2000,4.92642746,29.13498019,31,5062
10 November 2000,11.92642746,31.59331353,27,5063
11 November 2000,20.72089849,36.13498019,23,5064
12 November 2000,7.92642746,31.13498019,24,5065
13 November 2000,26.42642746,39.80164686,25,5066
14 November 2000,17.72089849,35.29258889,32,5067
15 November 2000,3.42642746,24.88498019,28,5068
16 November 2000,13.92642746,34.92664686,24,5069
17 November 2000,25.42642746,41.67664686,23,5070
18 November 2000,32.42642746,40.30164686,26,5071
19 November 2000,46.42642746,47.25998019,27,5072
20 November 2000,69.85285493,59.20563237,27,5073
21 November 2000,98.11446483,70.30164686,28,5074
22 November 2000,99.92642746,67.34331353,29,5075
23 November 2000,59.92642746,47.64041498,32,5076
24 November 2000,52.42642746,48.84331353,30,5077
25 November 2000,41.42642746,40.13498019,30,5078
26 November 2000,52.27813091,42.55345845,36,5079
27 November 2000,88.42642746,45.80164686,39,5080
28 November 2000,66.42642746,50.33606715,37,5081
29 November 2000,37.22089849,29.17664686,44,5082
30 November 2000,22.92642746,32.55164686,37,5083
01 December 2000,52.42642746,44.34331353,33,5084
02 December 2000,52.55723242,43.80164686,33,5085
03 December 2000,54.92642746,46.34331353,34,5086
04 December 2000,73.42642746,51.84331353,34,5087
05 December 2000,75.05723242,50.68389324,34,5088
06 December 2000,77.42642746,47.71831353,35,5089
07 December 2000,76.92642746,50.30164686,34,5090
08 December 2000,70.92642746,48.96831353,35,5091
09 December 2000,31.42642746,35.80164686,37,5092
10 December 2000,NA,22.71831353,35,5093
11 December 2000,23.44179698,43.75998019,25,5094
12 December 2000,27,43.46650193,30,5095
13 December 2000,12.42642746,25.84331353,33,5096
14 December 2000,12.42642746,16.6349802,40,5097
15 December 2000,10,18.34331353,35,5098
16 December 2000,35,36.21831353,31,5099
17 December 2000,22,25.75998019,32,5100
18 December 2000,24.42642746,36.34331353,29,5101
19 December 2000,39.85285493,43.21831353,26,5102
20 December 2000,50.85285493,44.90128454,32,5103
21 December 2000,58.42642746,45.71831353,39,5104
22 December 2000,62.42642746,40.80164686,35,5105
23 December 2000,44.27813091,40.46831353,35,5106
24 December 2000,33.42642746,38.17664686,30,5107
25 December 2000,14.42642746,27.59331353,26,5108
26 December 2000,30.22089849,40.05998019,23,5109
27 December 2000,55.42642746,46.17664686,25,5110
28 December 2000,72.92642746,56.55164686,22,5111
29 December 2000,80.98365988,62.71831353,20,5112
30 December 2000,83.42642746,69.80164686,24,5113
31 December 2000,82.92642746,61.7273715,23,5114
