"","l_Pigs_density","Dist_to_edge_cult_areas","l_Travel_time_urban_areas","l_Distance_to_conflicts","Avg_precipitation","Proximity_national_borders","Avg_EVI","l_Land_surface_temp","Urban_rural1","ID","LONGNUM","LATNUM"
"1",3.36282948172029,0.476333332,-2.13424977254103,3.08775349976604,1397.136084,172.9169627,2337.957194,3.45496985602514,"1",1,8.506936,7.720049
"2",1.16304029338647,0.263428568,-2.40596346328946,3.16009005904429,1398.486598,169.5452619,2478.01716,3.40005388845626,"1",2,8.552142,7.717922
"3",3.22585713034612,0.032625,-0.644357044961942,3.24324628371897,1559.936859,106.4249797,2486.744881,3.46244923606043,"1",3,8.991185,7.346602
"4",0.643050151940044,0.080357143,-0.169899041536138,5.25111579804208,1564.864868,162.4461005,2853.301147,3.46609282659485,"1",4,8.14976,7.210132
"5",0.849533705592865,-0.005499998,2.10369851683302,5.26758169920234,1712.156625,118.607739,2918.783988,3.41006275022915,"1",5,8.408131,6.880904
"6",0.479563515692336,0.318215054,4.43206090581168,3.98429375097129,1372.916115,222.1088003,3268.185899,3.39964777230418,"0",6,7.950712,7.804954
"7",0.38995125689008,0.183376342,3.87446349529677,4.5096715398451,1430.458409,215.5576042,3375.351641,3.40115434106926,"0",7,7.837529,7.594634
"8",0.524679415894637,0.289488638,1.99759500649347,3.25195688076259,1438.24822,186.0383852,2995.54,3.43686420099123,"0",8,8.208648,7.591315
"9",2.08881677031223,-0.087032259,1.90487211602185,3.42827901923406,1408.686342,171.372837,2930.944272,3.45468036208645,"0",9,8.503305,7.688504
"10",0.650832898131752,-0.754478723,2.79831867891975,4.20448923587412,1365.478308,176.0230054,3048.640015,3.45625620523759,"0",10,8.581907,7.844626
"11",0.676212733798659,-0.691734045,2.93212240108873,3.16570821082997,1347.011267,179.9226222,2923.801534,3.46035570420273,"0",11,8.611178,7.929715
"12",-0.17798525296379,0.372095746,3.9416799181965,4.23816562780734,1382.305773,152.0415604,2590.955218,3.30936970197565,"0",12,8.814243,7.777492
"13",1.59636388477801,-1.267776602,2.87408289339866,5.10701841687922,1503.3768,86.55424077,2938.447858,3.4362358389268,"0",13,9.448457,7.504597
"14",1.77841933211641,-1.378084219,3.02791283016685,5.22193222568951,1507.018808,84.52656909,2959.051855,3.43814825208068,"0",14,9.46817,7.495041
"15",1.4866194000178,-0.627510869,3.88626753122043,3.59491120062361,1393.773447,111.6166907,2859.489491,3.46941120247903,"0",15,9.450834,7.769019
"16",1.95040773175016,-0.777582417,3.11533904341795,3.5675203801726,1457.808729,83.77535524,3000.235309,3.45608084234996,"0",16,9.641061,7.602343
"17",1.9379122054589,-2.679829782,3.23297804311188,5.52741135126595,1558.777476,70.7614156,2979.144297,3.44694334775253,"0",17,9.495226,7.37347
"18",0.6625652830749,-0.095255318,3.51460917869385,4.78344505932523,1475.91086,115.6475062,2739.398754,3.34330517595691,"0",18,9.073775,7.56082
"19",1.66609570321657,-0.620157892,2.5024815630938,5.53273028691676,1652.907008,70.51354667,2904.499277,3.41087669130394,"0",19,9.23547,7.138297
"20",0.984341991864112,-1.722891305,2.65049209280684,4.20891556467041,1428.718613,138.1409609,3038.03341,3.43911420505643,"0",20,8.868452,7.656589
"21",1.29855262339087,-1.510955553,3.12256681247665,5.22842660422058,1503.193487,116.9436687,3005.738517,3.44432780985799,"0",21,8.973756,7.483658
"22",1.10521927405899,-0.633861704,3.63658481591739,4.57803236822622,1551.552282,120.3386375,2886.32498,3.43878690489182,"0",22,8.829189,7.348579
"23",0.564727599194451,-0.091797871,2.70370566860656,4.9036662031524,1519.2696,143.4953448,2946.891737,3.43979044147202,"0",23,8.565865,7.397016
"24",0.362566968222175,1.031215058,3.36775457198965,4.92852229751946,1629.964416,154.4268891,3382.925529,3.36061430130797,"0",24,8.08577,7.028856
"25",0.392907992502025,1.591840425,3.51515910346403,4.94346452086529,1474.988441,185.5286289,3199.887236,3.41802657306826,"0",25,8.098329,7.472208
"26",0.23620810042722,0.684494736,2.42202757323256,4.28747658369842,1553.125482,186.7264465,3491.308483,3.36655508087199,"0",26,7.81318,7.193478
"27",-1.06709570607155,0.643234043,3.15220168646926,5.35175177900546,1552.960608,196.0599654,3420.334112,3.39116130227269,"0",27,7.670084,7.177278
"28",1.60447474185409,-1.141576087,3.92740410687561,5.71826904706516,1750.975777,125.0340528,3084.570257,3.39481470229873,"0",28,8.124977,6.720312
"29",0.563535718387925,-0.30655319,3.46046104233999,5.01926190235043,1692.619128,141.724561,3261.644238,3.36889389963408,"0",29,8.047246,6.852231
"30",0.534149207566389,0.483542553,3.15092723963879,5.12134304477661,1708.941761,126.0611615,3135.810362,3.37686108841584,"0",30,8.305948,6.872812
"31",0.364476046160702,0.168391304,2.98569566437396,5.37848579324168,1735.024319,108.9802093,3116.298929,3.38787713307585,"0",31,8.474276,6.835894
"32",0.432938366239861,0.900966669,4.0997189875904,5.68739349229862,1715.974571,101.1960086,3006.174086,3.38397575914569,"0",32,8.617369,6.907392
"33",0.907308919895129,-1.029659571,2.88541712785187,5.06799658102273,1625.643757,91.40191845,2960.558739,3.42168112171961,"0",33,9.052941,7.189491
"34",0.0205431393239676,1.767021053,3.12795441598439,3.87979016660743,1748.443983,35.95431513,3317.943418,3.39745698174664,"0",34,9.461769,6.877036
"35",-0.268332677261521,2.999322578,4.15997455967013,4.81757226084797,1851.947474,14.37786737,3507.554357,3.38191585570908,"0",35,9.456597,6.584889
"36",2.09683185273335,-1.644606389,2.67094285428297,6.10791946921187,1751.683581,63.03366511,2927.039639,3.41010789023929,"0",36,9.07281,6.864172
"37",0.788804604159074,-0.110935484,2.69803607065389,6.04399334956601,1796.903171,50.95912556,3010.924222,3.41243150921769,"0",37,9.097812,6.748346
"38",1.43471571061889,-0.645372337,2.80218303355961,5.9490091988185,1759.445341,57.28395961,2922.219142,3.41359533543304,"0",38,9.130269,6.848383
"39",2.11761898256862,0.149266665,2.50341485471358,5.63742965587556,1178.22557,381.6198446,2764.73877,3.46677696383259,"1",39,7.368583,9.271858
"40",2.21971831139996,0.0052,2.51789805471131,5.67704078574212,1177.264372,382.6837056,2759.570817,3.47308385814436,"1",40,7.365453,9.284394
"41",1.64017765534307,0.032428571,-0.217578703839515,5.47269047797829,1185.121704,375.8167092,2631.119489,3.46238204333287,"1",41,7.340065,9.172708
"42",1.81216771016209,0.227285721,-0.25719905535719,5.1862592055431,1189.651934,369.5374843,2258.789769,3.48132798947236,"1",42,7.380255,9.133583
"43",2.1519178299862,0.162812497,0.610953740468641,5.52625043578781,1186.497719,375.696867,2438.074799,3.49012358384222,"1",43,7.316459,9.145108
"44",1.82537211021751,-0.030133336,0.112584354790333,5.42882507726284,1185.699797,374.8599243,2636.151115,3.4592145040027,"1",44,7.352134,9.170229
"45",2.40700168869957,0.119666664,-0.781978396452353,5.38827206176539,1187.314038,373.3495524,2222.789494,3.48623273852599,"1",45,7.348596,9.149126
"46",2.35751513140422,0.136571,-2.28488270888104,5.43717364240932,1186.467233,374.5212141,2123.829189,3.49208208803376,"1",46,7.343456,9.155869
"47",2.23332825810039,0.162667,0.341419976345146,5.50830500509695,1186.582014,375.2106585,2242.294992,3.50061164273739,"1",47,7.324846,9.148613
"48",0.123727494963241,0.256687501,0.143829741996379,4.52198688184187,1192.488235,361.4318409,2378.93885,3.44293877772326,"1",49,7.497145,9.146652
"49",0.357542751684644,0.317400001,-0.303359888331281,4.50859536957788,1192.802759,361.9564026,2612.984782,3.41264286187901,"1",50,7.477958,9.13586
"50",2.33010745027286,0.637466661,-2.99573227355399,4.35349104839454,1203.318734,345.7794454,1966.368156,3.53712593671228,"1",51,7.584135,9.03398
"51",2.90892167767921,-0.094875003,0.0708661056211791,6.21479819755221,1195.292236,378.6037025,2452.800224,3.53459846850558,"1",52,7.091405,8.946523
"52",2.52461566838026,-0.90387501,1.71548568359775,6.20165328623378,1193.84906,380.0107918,2848.587936,3.52359927322091,"1",53,7.091869,8.96287
"54",3.00502725654533,0.087533332,-1.03095364206345,6.24623436664251,1196.169393,378.0284241,2388.155233,3.53284912656353,"1",55,7.083928,8.933183
"55",3.10201900454194,0.1724,-1.96611284922998,6.24926263320159,1195.467887,378.8322306,2378.486776,3.53366702145157,"1",56,7.080057,8.938501
"56",2.77295964094093,-0.070466667,-0.471337845316282,5.82839655837536,1187.111076,380.1305664,2470.105387,3.50535704238222,"1",57,7.218724,9.09662
"57",2.77167695545675,-0.054666667,-0.570929530136581,5.8128719314631,1187.023804,379.9657084,2482.118929,3.51428783204585,"1",58,7.222119,9.102789
"58",1.81794434978375,-0.11185714,0.868749791959088,5.89335134500461,1241.740932,332.2206138,2938.178083,3.45951125638518,"1",59,6.947977,8.469179
"59",2.00480757525384,-0.171933334,1.35282375846889,6.325503673616,1205.326921,371.1673686,2955.754232,3.49723447871326,"1",60,7.040249,8.809633
"60",1.32246729617067,1.100870971,3.16298795239569,5.14776216307531,1186.593314,369.1981733,2840.520191,3.38759989442236,"0",61,7.461923,9.208599
"61",1.65156885349393,0.857765956,3.0388962029627,5.57913031121881,1179.0433,379.3856474,3026.457561,3.43563298814962,"0",62,7.404444,9.281133
"62",1.5498210386565,0.296439559,2.85527743768357,5.65954803589308,1179.251916,381.890902,3156.142516,3.43329211619305,"0",63,7.333726,9.243819
"63",2.03225885845784,-0.231389473,2.70774313329505,5.41010809256958,1214.244448,334.5910853,3152.769963,3.44974691497754,"0",64,7.578489,8.876743
"65",1.27794274936864,-0.395734045,3.5853309768336,6.47400404255181,1181.588432,378.6128913,3161.362666,3.4404384811461,"0",66,6.941166,9.036931
"66",2.46454154578145,-1.515989363,2.06034412075718,6.27183524617769,1191.367826,383.5332742,2942.781943,3.50748509064337,"0",67,7.059622,8.977539
"67",1.29917700933331,0.780010747,3.10446612859933,6.12640225110046,1234.640679,332.5666944,3241.138289,3.41430815233389,"0",68,6.870419,8.507374
"68",1.32286962296238,0.369778948,2.47699164108576,6.11876800031596,1231.18345,338.4648627,3160.623792,3.42863502515666,"0",69,6.910109,8.544896
"69",1.0229276198222,0.657115793,3.74193058057152,6.09595080378777,1208.90001,363.1050344,3450.885077,3.36236899823084,"0",70,7.171345,8.821334
"70",1.42517733888161,0.393333333,3.79286099219407,6.59801381337263,1196.207584,366.8650267,3086.172114,3.45827529844749,"0",71,6.870043,8.842792
"71",1.86266851494666,-1.213043468,3.28650907937473,6.44132784464182,1196.562122,376.9195606,3118.145041,3.46943149692195,"0",72,6.991321,8.889065
"72",1.15465456906651,0.616557897,3.47972071505556,6.21709162790822,1210.113062,365.6616368,3299.102619,3.40754905533993,"0",73,7.076441,8.769739
"73",-1.52879429918664,1.139250002,2.32880092538369,5.78697830784667,1256.072525,253.1612816,3542.077133,3.41304350578228,"1",74,5.704419,8.265911
"74",-1.04901481902888,1.151285709,2.15859097738936,5.14995483485813,1376.472717,227.6607165,3147.518049,3.41340814722586,"1",75,6.092684,7.80854
"75",-0.362422730863096,0.079214284,-0.550284467936879,4.26903068214519,1433.857256,211.6615132,3092.463205,3.44128770505636,"1",76,6.203646,7.603829
"76",-1.01715223882178,0.811714279,1.32484630517148,4.69699285239011,1431.32966,211.1087439,3238.799003,3.40205409357968,"1",77,6.157495,7.61453
"77",-1.21311963264041,0.426312502,-0.118466850779662,2.66138858915732,1452.144966,207.4506865,2806.191055,3.42763649262622,"1",78,6.225019,7.545942
"78",-1.16327612325708,0.33557143,0.0273024566655834,2.60614743608407,1453.47004,207.0966296,2803.343698,3.42528595364534,"1",79,6.226769,7.541176
"79",-1.3356052201963,0.384857144,0.616632487035899,2.87572631785304,1451.019688,208.403777,2628.335658,3.44023490271628,"1",80,6.240519,7.547091
"81",-1.04839803898996,0.82935715,0.493715819916151,2.67304582498742,1355.869376,257.1613225,1685.640533,3.31361437805243,"1",82,6.738795,7.791464
"82",-1.41998050151549,1.005733338,2.07735603514706,5.01578654757889,1457.66709,250.9796661,3508.362305,3.37082975761242,"1",83,7.260513,7.453183
"83",-1.23348441624763,0.135933333,2.5545104449564,5.75370393073705,1550.10791,202.3141571,3428.206641,3.35041864890015,"1",84,6.763185,7.170306
"85",-1.51647829303363,2.820510644,3.58648439408745,5.7087147831328,1275.799853,241.3292801,2296.897552,3.35328760303961,"0",86,5.631871,8.187417
"86",-0.831836166159152,2.358462366,3.05278314630605,5.18175773141945,1408.781383,211.9125937,3544.012614,3.34768309321857,"0",87,5.971755,7.705241
"88",-0.774823055959515,0.439936168,1.69814997097802,4.43876370220438,1428.449372,213.6700082,3158.588075,3.42994332061012,"0",89,6.211213,7.619268
"89",-0.956701292815647,0.377217392,0.185373967611111,3.71910542452599,1447.136402,208.2410917,3002.889863,3.41823968249874,"0",90,6.209558,7.562246
"90",-1.19330691766271,0.761138298,2.77085850001823,4.10946446307337,1453.292995,208.3699266,3190.075312,3.42272976598725,"0",91,6.276362,7.536485
"91",-1.16171988846211,0.508095744,3.29207190594704,5.55594949904239,1460.127223,211.7015912,3016.533536,3.39809320134251,"0",92,6.459602,7.486279
"94",-1.28607001744006,1.442322574,3.48160808992286,4.90153290264139,1386.828926,252.2181186,3326.79054,3.37700752635982,"0",95,6.847014,7.680123
"96",-1.38987033931535,0.275442105,3.84300288249845,5.65206916540809,1433.523508,243.2785299,3662.480605,3.34469754126804,"0",97,6.903369,7.526654
"97",-1.49186315624416,2.295893626,2.7602287439417,4.9464783854687,1449.570041,254.5064082,3412.023419,3.39212799785117,"0",98,7.112143,7.477631
"98",-1.44176593447555,1.738468086,3.64862522494692,5.45440357103835,1405.617928,239.8571242,3656.300563,3.38593246845117,"0",99,7.602588,7.66187
"99",-1.64270899737846,1.924212767,3.43572728547217,5.37100948099097,1498.473124,226.7696809,3396.256758,3.34300455099755,"0",100,7.438251,7.328636
"100",-1.49418538247497,0.8863656,3.9991251045524,5.33885443840168,1407.095569,233.9651182,3594.030888,3.36324609500602,"0",101,7.676732,7.66276
"101",-1.65714725789856,1.02079788,3.17850253216623,5.29036649446926,1500.406712,222.1208196,3438.21428,3.34858178288906,"0",102,7.493895,7.326972
"102",-1.50488701442822,1.860063841,2.33067100524023,5.80931937345761,1554.165349,207.3119286,3232.958387,3.37222856196668,"0",103,7.517288,7.161844
"103",-1.28204339678654,1.267641306,3.13041873745177,5.8816227052905,1582.301268,198.202338,3290.51579,3.33586235957969,"0",104,7.563911,7.083654
"104",-1.43593796856846,0.275819148,2.31352240098144,5.9394994102427,1469.227579,220.7893282,2745.575678,3.2641339377295,"0",105,6.718851,7.414482
"105",-1.48761418914039,1.096893621,3.53834645200904,4.15323855795697,1502.037755,243.9604742,3425.396921,3.340754421011,"0",106,7.179357,7.297121
"106",-0.943729687903199,0.018000001,2.97283090107225,5.7363152018523,1592.461012,194.6210803,3326.203238,3.327932667405,"0",107,6.773135,7.062804
"107",0.572112017527767,0.527500002,4.28009551205882,5.90051325154963,1707.441857,164.1734983,2550.611131,3.2323085725877,"0",108,6.651264,6.789302
"108",-1.02894417920564,0.268225808,3.59361933945633,5.82190980451801,1673.872397,174.7399676,3079.433964,3.3153661705482,"0",109,6.711177,6.865538
"109",0.968257502805458,2.897071396,3.65156228602862,7.17274553558914,1045.731907,55.25438172,3068.112427,3.46000527469634,"1",110,3.710396,9.332164
"110",1.26858497015792,1.934384612,3.69825840715793,7.28730645274004,1052.842323,28.41786179,3169.915095,3.39688034063542,"1",111,3.295692,8.945371
"111",1.03013082210565,0.978285711,3.78937099269256,7.46883688636484,1035.059012,24.02957494,3139.249006,3.40793641759832,"1",112,2.988734,8.833585
"112",1.99122862189942,-0.994499998,0.677852230374716,6.95028019934077,1142.688625,233.7280633,2852.278721,3.53088799308712,"1",113,5.423537,8.866395
"113",1.15180231226034,8.713933341,3.93484394890401,6.2971110608164,1167.186629,215.2154358,3333.601628,3.42304571768303,"1",114,5.025965,8.611656
"114",1.13998679996286,4.441125065,2.48861072538869,5.61437742384111,1215.653358,198.8743963,3410.10022,3.40044702888458,"1",115,4.702849,8.304263
"115",1.06131597890227,9.825399971,4.69790129010678,6.42683780144615,1220.531689,246.8550629,3400.460791,3.38826980546919,"1",116,5.284705,8.405182
"116",0.462111435150343,-1.857600013,3.87532442958691,6.55181633641365,1098.281038,174.1338684,3018.8382,3.4962246020433,"1",117,4.886129,9.03899
"117",-0.524808566027865,0.468285718,-1.23418658145004,3.99161060875741,1168.312195,178.4386553,2340.771545,3.49642086649646,"1",118,4.593865,8.509142
"118",1.05030667723404,0.771266669,-2.52572865680826,4.14566627249758,1175.201831,180.3896016,2110.712891,3.47155226274834,"1",119,4.596335,8.471637
"119",-2.99573227355399,1.179666667,-2.99573227355399,2.44062024271186,1167.485091,174.8708466,1730.50603,3.56081896675838,"1",120,4.555154,8.50099
"120",-2.99573227355399,0.686687505,-2.99573227355399,2.96309616173353,1168.980103,176.2321577,2123.859634,3.54103193328526,"1",121,4.567571,8.495643
"121",1.4530410001479,0.785466674,-2.99573227355399,3.43778075470474,1165.556193,172.2289775,1846.814071,3.52581123702064,"1",123,4.521756,8.49942
"122",1.5545878478108,0.522200006,-2.99573227355399,3.44246232766492,1168.319629,172.8131053,2025.508659,3.50839617255625,"1",124,4.520125,8.481314
"123",1.70933756719544,1.425214267,1.47611058058776,4.71277627036817,1153.564488,164.4034184,3029.964774,3.45397032055234,"1",125,4.466461,8.551048
"124",1.22073437346497,0.123,1.846343472049,5.34324529090976,1262.756348,194.6370893,3467.052264,3.37973045072067,"1",126,4.699412,8.09724
"125",1.28567485409881,0.781249994,0.958511751142749,5.68060752227841,1243.111176,202.7119703,3404.425079,3.38578756056947,"1",127,4.687353,8.176691
"126",1.88010626890764,0.685066661,-1.21234103382839,5.66916727943201,1247.52994,202.8704702,2821.183651,3.42152272689267,"1",128,4.715412,8.169858
"127",1.81553450650338,0.725428565,-0.196710297202576,5.52883774921333,1255.87827,199.1101957,2530.903791,3.4213734588251,"1",129,4.718317,8.13574
"128",1.65985223009477,0.857562498,-0.801985947214306,5.55116100837456,1252.883934,199.5340958,2591.339554,3.41403138999189,"1",130,4.70336,8.142097
"131",1.41217200323656,0.694562502,2.16753469148804,5.64077775939233,1296.66687,210.0236607,3389.922318,3.42083653710081,"1",133,5.229009,8.08012
"132",0.948626369118877,1.322098905,4.80645008648353,6.57120885936943,1076.444329,130.9521839,3207.935759,3.45362294309338,"0",134,4.473373,9.140771
"134",1.41645797654157,-0.472500003,2.72114669639752,6.98196458942953,1140.236806,236.119176,2796.40013,3.44378798247587,"0",136,5.477151,8.913982
"135",1.56803418790842,-0.607978719,2.67115444160175,6.39541157017459,1123.664816,192.4832924,3058.450928,3.48692595229075,"0",137,4.962312,8.851741
"136",1.57141649264096,0.286755321,4.77319566830713,6.67898137795496,1200.177037,312.1208753,3148.757285,3.45473811573078,"0",138,6.122806,8.663881
"138",1.47640335042595,0.587097824,1.47089398281015,5.75007870679889,1243.234873,204.4174209,3196.604528,3.41225909898695,"0",140,4.723922,8.190512
"139",0.753023094399794,0.226365591,3.03951761781311,5.87849961827357,1279.110559,201.0749515,3974.157993,3.3124719029847,"0",141,4.937972,8.093141
"140",0.789661490562976,5.03657447,3.6263601676159,6.0974666155518,1260.150167,217.3136345,3755.597513,3.32891637876278,"0",142,5.098203,8.196233
"141",0.814251766643911,2.407978497,3.4240743753062,6.29236693216308,1234.90202,223.3030353,3568.319131,3.34875644020763,"0",143,5.003631,8.284009
"142",1.20199719419275,1.592382967,2.63881983713044,5.58259609769822,1301.056099,208.9220674,3607.076208,3.38319223548842,"0",144,5.237564,8.066681
"143",3.29440158277426,-0.049,0.937929916763569,5.08042923006758,1207.593079,338.0770931,2463.331795,3.52374687170505,"1",145,7.661177,9.004072
"144",3.96432550383796,0.166857143,-0.0808614947048356,5.24973301124851,1216.330959,309.1473454,2211.211722,3.54401881871689,"1",146,7.883199,8.847763
"145",3.91988701608153,0.111399999,0.217125485427278,5.31421821778677,1217.045483,309.4948751,2239.759717,3.53821168345242,"1",147,7.8721,8.843967
"146",3.38791782502509,-0.441857138,0.840643120067968,5.35292867161998,1201.753505,280.2211435,2784.229021,3.47303063021178,"1",148,8.399236,8.931034
"147",4.24496911714297,0.41807143,-1.1405509658214,2.9686235803275,1242.755641,232.9592721,1903.884513,3.55657172764737,"1",149,8.51706,8.493242
"148",4.33727089423032,0.555733336,-2.30258509299405,3.23842801727877,1241.684725,233.2451101,1945.203597,3.57204596065589,"1",150,8.521593,8.497829
"149",4.05413504954099,0.174066666,-0.0592193448058599,2.70878435021546,1243.832975,232.1494253,2125.651782,3.53863776725056,"1",151,8.520061,8.48664
"150",3.56314952421655,-0.337999993,2.66993720060867,2.78829355326068,1259.669258,237.0211048,2564.678055,3.53248136341636,"1",152,8.35954,8.403848
"151",2.19789865254092,0.235933335,2.83917592308676,5.27065275672079,1255.996916,331.3434224,3096.379297,3.45496979190098,"1",153,7.077008,8.380083
"152",2.79629480995984,-0.072913978,0.95473570883729,4.65763598197691,1204.790107,343.2880679,2536.635421,3.49828504111617,"0",154,7.602031,9.020472
"153",1.9978005641094,-0.893244685,3.96252396744329,5.53533156886216,1223.805603,326.479275,3188.319209,3.44946052380527,"0",155,7.553804,8.743818
"154",2.86364511979997,-0.754419353,2.65612475326355,5.57914456683096,1214.951123,327.5015177,3031.137627,3.49729574773575,"0",156,7.703937,8.909251
"155",2.1542971771476,0.367126317,3.90542497018799,5.4205760413504,1227.034487,272.6871945,3287.347677,3.43064027168452,"0",157,8.16043,8.665443
"156",2.88058288280831,-0.475031578,3.24500001674759,3.87428707432025,1212.618392,297.471654,2969.254174,3.49861694726835,"0",158,8.026738,8.844916
"158",3.16586166833058,0.925955556,3.65886043864803,5.55065534188145,1197.237764,295.261791,3003.229978,3.46624269467153,"0",160,8.249653,8.990228
"159",1.48611530868816,0.224382976,3.44190447774184,5.54829621511707,1202.172118,278.7388932,3238.840023,3.43051515162151,"0",161,8.529457,8.989813
"160",3.31906448189163,0.023715787,2.13187480799616,5.30043986046335,1202.662361,279.7487481,2986.251388,3.45801535466981,"0",162,8.368342,8.905246
"161",3.18928255451664,-2.505166681,3.14613785180625,4.8286344842575,1224.756581,252.179401,2851.083011,3.50199408294392,"0",163,8.414877,8.633581
"162",3.12390769107947,-5.044569892,2.83473812040546,4.3293569940826,1235.951836,228.6694846,2727.842666,3.51004208817145,"0",164,8.629011,8.518723
"163",3.36953096813413,-2.411457454,2.99084669201236,4.80919858205905,1228.59075,248.0563255,2797.227908,3.52977768622808,"0",165,8.436978,8.602536
"164",3.30135225417575,-2.761308522,2.8710898306122,5.04247834758425,1229.817204,250.7429227,2814.325899,3.51189465426612,"0",166,8.396064,8.601509
"165",3.65126941500851,-1.926144444,2.57078698301371,3.47765901045838,1229.902096,239.1095718,2744.816062,3.55373402677875,"0",167,8.540349,8.57451
"166",2.86091403100745,-0.860602147,4.59223881383123,4.75684535025354,1241.678084,177.1062346,2955.050424,3.47065654095338,"0",168,9.246382,8.358045
"167",2.98793668576371,0.012444444,4.1656461878617,4.19787405708401,1295.887368,161.3031457,3019.636711,3.45662501820044,"0",169,9.176257,8.132661
"168",3.33790466978187,-1.035186815,2.46666667406563,3.63079249230673,1250.413221,225.4685263,2675.794705,3.48662202133859,"0",170,8.567198,8.434911
"169",3.18245009302508,-3.596793802,2.82554300264475,4.04277787450109,1262.078568,221.5391962,2786.051436,3.47890905335035,"0",171,8.529601,8.362669
"171",2.27566367324477,-0.861141308,3.15394882465574,3.88711616119181,1271.011116,196.6467814,3058.482955,3.46018382537765,"0",173,8.783475,8.269734
"172",3.33456482565203,-3.454936168,3.65834827393616,3.99963693731178,1261.611267,244.3223096,2774.53491,3.5222783228746,"0",174,8.262251,8.405053
"173",2.96829777670718,-1.511760857,3.77649583078351,5.05900941681181,1237.016595,316.6443153,3033.835797,3.50437500364022,"0",175,7.56643,8.630218
"174",2.0604637195983,0.169505377,2.97059365566804,5.82774077560891,1232.397473,303.0316894,3132.030476,3.48176264600994,"0",176,7.791209,8.688665
"175",2.0969117989085,-0.399880434,3.593496918542,4.86638629850439,1249.482048,321.9315434,3192.700543,3.45868665890892,"0",177,7.357001,8.492765
"176",2.9257019394459,-1.20734737,3.97302897626298,4.49341226651026,1254.963381,311.1810107,2988.300152,3.49073009064342,"0",178,7.470044,8.460143
"177",2.49591361115437,-0.5018,3.86528946920888,5.26849163517908,1256.81909,319.5978746,3131.761461,3.45775969948328,"0",179,7.323845,8.425334
"178",2.90106735387457,-0.480187496,-0.190479752964227,3.17135016591496,999.5584335,177.2873812,2135.767326,3.56218187030748,"1",180,5.463445,10.413061
"179",2.67173065602147,-0.711000003,4.07654384485641,5.66112754752138,1048.881714,268.1422501,2748.450745,3.53416083353886,"1",181,6.263087,10.184972
"180",3.52530747299894,0.263214283,-2.99573227355399,6.81761083144875,1119.267657,314.7350856,2121.883527,3.56092421551947,"1",182,6.53455,9.600453
"181",-2.99573227355399,0.095599997,-2.99573227355399,6.79207508940683,1118.670361,316.3723063,2437.67146,3.55183715059115,"1",183,6.5564,9.621986
"182",3.21495173368336,-0.092733334,-0.458075047313268,6.73356265522376,1113.932756,310.6217855,2602.498763,3.55637600440359,"1",184,6.519565,9.660682
"183",1.9955118352802,-0.343533328,3.83604147886695,6.93311817517494,1078.15883,174.2808319,2668.582642,3.53794022418186,"1",185,5.052374,9.296277
"184",3.84277737714374,0.433499987,-0.771108706894522,7.09760992319151,1144.062352,279.8389522,2240.431327,3.54953520150676,"1",186,5.991771,9.086517
"185",3.43773118381374,-0.672749997,2.96575620294811,6.96334234890762,1136.865715,331.2336845,2741.41803,3.57357381592271,"1",187,6.632927,9.429812
"186",2.43043509516564,0.202866663,-1.11372592140202,5.97365547047355,1178.564559,388.4683431,2302.388542,3.48394407488487,"1",188,7.186596,9.182522
"187",2.02358644108456,0.014214286,-1.73788021362222,5.9469596242378,1178.227007,388.4409419,2610.505511,3.49784855012097,"1",189,7.198997,9.193378
"188",0.811955520190299,4.246754723,5.12909873940667,7.62140597057363,969.2853244,2.675206891,3190.278845,3.46718532219626,"0",190,3.59977,10.292724
"189",2.11011662186486,-1.386354842,3.87437138308776,6.65741079887794,1062.624815,191.5073603,2638.483561,3.51549841818959,"0",191,5.381427,9.704211
"190",1.02261695888264,-0.041473685,4.03656908362508,6.93297184209134,997.0087724,93.71451063,1889.511206,3.342608800915,"0",192,4.590067,10.097041
"191",1.09734550964226,0.533666664,4.1150341411584,6.93137225474599,1003.140532,100.2548532,1863.195204,3.30709015695047,"0",193,4.617553,10.024526
"192",1.49999843957414,-1.7335,3.25091554320735,5.76590038034164,979.7738771,151.4861088,2935.108946,3.52540880010532,"0",194,5.23889,10.575949
"193",2.29555056048524,-2.928450548,2.74984754125823,4.43508298310538,1006.221205,185.4735366,2786.906816,3.54432357309268,"0",195,5.532312,10.365885
"194",2.06278547458176,-1.659351056,2.30608958418513,4.46002880575257,998.2375586,183.8536315,2856.55062,3.51872813186761,"0",196,5.527763,10.442769
"195",1.61422792398962,-2.935308504,4.41998389375511,6.29133670754809,986.5547206,223.8305745,2983.825172,3.49903815801649,"0",197,5.896844,10.650578
"196",2.97010071173873,-1.477477781,4.11941425151499,6.13532783224958,1047.831226,249.7736191,2671.041466,3.54296698559632,"0",198,6.083379,10.131478
"197",2.00560264016952,-0.206808508,4.34351697259386,6.04217406528135,1058.722833,266.503567,3038.273482,3.49925683994672,"0",199,6.221551,10.069543
"198",1.77325690428448,-0.243294737,4.64045223450604,6.39895023929385,1101.493452,328.0655148,2678.142282,3.42854618605125,"0",200,6.803707,10.014984
"199",2.42477056413917,-0.981139779,4.77931096713382,6.35080693263404,1097.021822,324.0466417,2881.227815,3.4928383828013,"0",201,6.764429,10.04334
"200",1.24130024810605,1.25754945,4.59730555348116,6.39843864944479,1106.198225,332.6259209,2067.822333,3.31244220149479,"0",202,6.841321,9.976416
"201",1.97164152076391,-0.615444442,4.19203616706036,5.92069912218313,1117.059831,328.0563256,2892.30473,3.45994829152915,"0",203,7.101935,10.024812
"202",2.43735531307986,-3.004109879,4.17688836754169,6.907031350309,1111.372506,285.0118559,3020.378874,3.51128953683717,"0",204,6.218183,9.517549
"203",1.40482752759939,0.220097823,4.15083661610282,7.09554623132608,1108.81591,246.7118708,3111.774454,3.45677598831918,"0",206,5.77382,9.351146
"204",1.3360643893623,-0.199829785,2.97417850702809,6.86672304600916,1160.607469,271.7002768,2641.245628,3.4137144091289,"0",207,5.812242,8.873274
"205",1.29668943533373,0.672212768,4.33604013300462,7.0423169852762,1092.078051,198.8000995,3191.642835,3.41862612293095,"0",208,5.261026,9.255843
"206",1.40981501284208,0.080912087,4.76382913513774,6.90654684131537,1109.872089,204.6084244,2950.540114,3.43732082726899,"0",209,5.24227,9.08138
"207",1.67557070710449,-0.356499998,3.76511377662441,7.08188359347997,1136.3916,257.8256826,3032.393565,3.4499740193909,"0",210,5.767205,9.079961
"208",1.38414282873313,0.007184783,4.06702037339953,7.07594769119689,1131.974811,244.2803522,3080.531009,3.45593253802464,"0",211,5.625663,9.056089
"209",1.9141434717404,-0.900563829,3.95974117216598,7.01121289988359,1103.334723,259.5030873,2861.907523,3.4762126869456,"0",212,5.968479,9.495264
"210",2.06401832994149,-1.763255315,3.92866827547447,7.15912294884568,1133.10608,295.0527568,2921.913239,3.50144055603532,"0",213,6.214221,9.263804
"211",3.16842732385801,-4.229576072,3.34513012335425,7.03904001200591,1160.489713,300.8582707,2705.535467,3.51874845471359,"0",214,6.157271,8.990428
"212",2.93466296294065,-3.968638315,3.44377528167766,6.98872953693564,1139.263397,328.5574513,2928.064409,3.51249763579533,"0",215,6.586759,9.370982
"213",2.49428175912738,-0.712088885,2.93875031461555,6.41240970328642,1165.347,375.3686852,3066.58052,3.51322227633198,"0",216,7.001867,9.249702
"214",2.14684216364337,-0.040553189,3.04457942895653,5.89480481489232,1172.592908,390.4524835,3097.025411,3.47134510147723,"0",217,7.294169,9.309445
"215",-2.99573227355399,1.062625005,-2.99573227355399,2.79247874706472,1158.727203,320.6786079,1388.301941,3.5007032602297,"1",218,8.887685,9.933706
"217",2.88511547168484,0.535733334,-2.99573227355399,3.55649061224393,1157.318612,318.9525289,1654.262524,3.47295970755646,"1",220,8.875891,9.949291
"218",3.04668290223835,0.328,-1.67397643357167,3.60824717236325,1165.763208,324.4145203,2207.745549,3.43015190459998,"1",221,8.869875,9.901066
"219",4.61748041128677,0.333714287,-1.1833535171232,3.7099570738989,1161.730669,320.7862549,2098.10049,3.44325282285421,"1",222,8.855647,9.935493
"222",4.73450635357409,0.065214283,-0.300863832700287,4.05547586069212,1174.11697,328.2759552,2165.831909,3.44894384009035,"1",225,8.83933,9.864935
"223",4.35662121682632,-0.281500005,-0.625196520520051,4.15981007325924,1185.272583,292.2354088,2251.399681,3.49620438581642,"1",226,9.140867,9.486995
"224",4.29145385450071,-0.749799994,1.41017363035328,5.9506514975998,1151.731095,213.3747762,2328.35057,3.5505363503236,"1",227,9.525587,8.867659
"225",4.40795411608518,-1.71635483,2.31447648233806,3.8396666610169,1156.535847,314.9492611,2575.002881,3.44437356482448,"0",228,8.818725,9.987408
"226",4.36883415925915,-1.594849451,2.09894104877502,3.96796778693644,1154.562617,314.1974628,2605.284126,3.44683524795407,"0",229,8.829459,9.993064
"227",3.59826527673522,-0.449659574,3.32469156209696,3.33328029702326,1180.518069,331.0125739,2803.906853,3.42954354831101,"0",230,8.679559,9.852678
"228",3.76969017040872,-0.051000001,4.0412275595733,5.26519884632664,1146.322297,325.8215205,2983.10244,3.40583195906448,"0",231,9.11067,9.873778
"230",4.34840241647737,-0.437536844,2.38567981790581,3.43653563962537,1200.926027,322.8556824,2396.922132,3.45428241505959,"0",233,8.802858,9.635312
"231",3.96525246115506,-0.432548384,2.96523149664859,4.51761296379753,1197.173801,272.3094148,2632.138677,3.48459588097856,"0",234,9.220037,9.31774
"232",4.3510133875262,-1.615276599,2.92643778069103,4.24858562082222,1192.660402,286.8708428,2583.838924,3.47892640591017,"0",235,9.110265,9.422687
"233",4.24777309836636,-3.260894763,2.24400771045873,4.2313192256258,1181.503886,295.2935823,2647.746295,3.48720760761173,"0",236,9.151913,9.521572
"234",4.50288336435589,-1.96595699,2.32828690056606,3.99209871317256,1208.940612,277.470519,2470.085985,3.46345503923193,"0",237,8.990552,9.263157
"235",4.1731665729944,-2.922872328,3.32496905046852,5.00028080222769,1205.106766,266.6912705,2521.516282,3.46159168425127,"0",238,9.057946,9.188224
"236",4.38508093155674,-1.803569894,3.18661364413763,4.21401156949636,1200.733783,288.5830265,2489.996065,3.45463956110817,"0",239,9.000594,9.38849
"238",4.65658294813908,-6.07339779,4.06665053034671,5.74528038181603,1197.379809,209.7671217,2703.162805,3.54667152468746,"0",241,9.124868,8.636956
"239",3.39453278348238,-0.063968085,4.26235955503947,5.7932734721776,1164.866299,250.6623746,3040.387565,3.45956658066878,"0",242,9.429832,9.190284
"240",3.75690350894956,-4.509677765,3.70384332485946,5.47659980373668,1087.942735,261.6936195,2457.743991,3.59387859339053,"0",243,9.726025,9.382937
"241",3.96184256834674,-5.218212771,3.42486023105763,5.27209562039112,1087.119004,256.9025809,2403.47176,3.60700568335879,"0",244,9.755449,9.342909
"242",3.74686685115512,-3.423808503,2.98371217980863,5.26543175277057,1068.0852,245.1296281,2515.262503,3.59085599574621,"0",245,9.927947,9.28407
"243",3.3023705604162,-5.751000004,4.23291477331827,5.66141560792125,1051.335661,276.9050936,2481.682235,3.55357136839026,"0",246,9.831816,9.562762
"244",3.95029512804242,-1.793621055,3.61521874807566,4.06872692091622,1096.63422,218.2038672,2770.218313,3.55614169904723,"0",247,9.923322,9.027924
"245",3.56890180004327,-1.744063154,3.9344949222931,5.33415657510355,1041.409593,236.2741696,2782.198635,3.561518373046,"0",248,10.131049,9.254965
"246",4.87591344687605,-3.309483529,2.52005322634845,4.8431937806953,1084.889713,239.0976339,2226.311554,3.59927928418051,"0",249,9.867166,9.210539
"247",3.96737479288988,-0.844702128,3.90701313375179,5.94066458154007,1163.938916,236.5349149,2789.33034,3.50676419044009,"0",250,9.425658,9.05374
"248",4.38965760821793,-3.390150542,3.24101601245008,6.08843202465361,1162.786099,209.717018,2798.96917,3.54104657095583,"0",251,9.396439,8.784194
"249",4.06952473979507,-2.723755311,3.74859628236339,5.54425901855869,1135.630761,205.3051201,2733.091059,3.53666398385182,"0",252,9.705987,8.8435
"250",-2.99573227355399,0.109687499,-0.129966326460026,2.52118838169709,849.1184425,18.82286704,2064.567642,3.57609557137506,"1",253,13.254831,10.278143
"251",-2.99573227355399,0.025857141,0.035953021405306,3.18576913940955,852.2459978,15.90874556,2063.460781,3.58236748467646,"1",254,13.264719,10.252632
"252",2.72575629298741,-0.251933331,0.454784229497913,2.66698676076959,873.5683309,57.6213679,2191.261068,3.58300023117297,"1",255,12.73432,10.15705
"253",2.71495218352812,-3.524428572,2.91026191349671,4.96666099530932,897.2074585,115.8554388,2480.430856,3.59793827802329,"1",256,11.824585,9.651779
"254",2.64660349129736,0.225333335,-0.367447013483821,4.1827214891461,925.7104696,43.93833974,1905.91897,3.5150815263635,"1",257,12.44229,9.292566
"255",2.66289321852826,0.605642857,-2.99573227355399,4.28322837827227,927.0465873,43.74777603,1847.556178,3.57754862516221,"1",258,12.447658,9.273746
"256",2.91772792143819,-0.514249998,2.63424666978116,5.17701494348163,928.0935478,67.79402256,2322.518684,3.56186243055138,"1",259,12.23095,9.295915
"257",3.98325447256243,0.173500006,-1.52802252884983,3.00210443017231,940.2875977,43.31374822,2016.734637,3.58925643997036,"1",260,12.474082,9.209997
"258",3.76914686323252,-0.161533331,-0.207639367239783,3.62271755441012,924.7790487,39.89837621,2286.817643,3.5395283087391,"1",261,12.478365,9.297535
"259",3.44090234485515,-0.260374999,0.337030114549808,3.01007249777934,1161.513,20.69022834,2472.608963,3.5421541803469,"1",262,12.06203,8.441353
"260",2.49866278300966,-2.640957433,2.61403174413128,3.58153826293499,805.5155653,26.47275411,2642.561342,3.55944904722621,"0",263,13.302209,10.560227
"261",2.83344644512135,-4.342684233,3.14332957267006,3.61637160849772,837.7826737,21.68612269,2444.686729,3.56899283528958,"0",264,13.279271,10.346993
"262",2.70208429844194,-1.636444433,3.1749819899904,3.94138257947556,854.8836148,4.660340038,2713.136504,3.55193267626706,"0",265,13.35018,10.160391
"263",2.69317042697607,-0.699575335,2.99140394383511,4.70699429763387,863.148407,3.439444435,3016.501462,3.45580031509725,"0",266,13.255523,10.087416
"264",2.47258636328217,-6.859052628,3.83139218546714,5.07793865703373,863.3220112,19.09693502,2665.676146,3.56738949272767,"0",267,13.120059,10.152116
"265",2.23138795317741,-4.997157908,4.02517075847504,3.95430687194865,858.8359664,48.0341886,2696.015101,3.55716290252587,"0",268,12.885515,10.295062
"266",2.42818861896521,-3.265022221,4.00579665446435,3.94138257947556,865.9143039,90.30117213,2712.456567,3.53277124227881,"0",269,12.417863,10.099825
"267",2.68311334482011,-4.387945053,4.57249798617724,5.16304502964479,889.5154151,73.61842011,2587.371045,3.57953664910144,"0",270,12.274426,9.723663
"268",2.63926201866503,-7.696168403,3.62352656813798,4.56282144804633,892.0554675,47.81528866,2594.143388,3.59737570515114,"0",271,12.619506,9.739747
"269",2.73836550288632,-2.470463161,3.42712158382733,5.00915457971293,872.9720665,104.3375889,2442.751442,3.61301526032077,"0",272,12.064478,9.919993
"270",2.51069484655964,-2.495021273,2.55816493909919,4.60433879457801,872.0713033,108.6392292,2348.944771,3.57738904929354,"0",273,12.019682,9.928356
"271",2.03788513483652,-2.163585113,3.81303105600038,5.35061520875843,890.2713104,111.3830511,2436.979464,3.56297231968356,"0",274,11.883345,9.703692
"272",1.54105958943068,-1.393095747,2.9218667077867,5.06918649947753,883.9419315,108.2209145,2195.579544,3.61073383894694,"0",275,11.935317,9.764575
"273",2.38084394716196,-1.309472534,3.88525020982152,5.15408673551479,901.1748825,89.59912747,2498.782931,3.47369857330184,"0",276,12.059365,9.607415
"274",2.98794205695823,-1.271978027,2.69245300274078,3.58745397437027,917.0936937,84.04560533,2232.105795,3.50249028559276,"0",277,12.082847,9.457352
"275",3.39342077710321,-3.966858702,3.52933721985966,3.85955273488635,922.5211931,87.45109699,2612.598601,3.57907065728474,"0",278,12.04488,9.416813
"276",2.09504235985451,-1.192141306,4.46055743545351,3.57284566422845,908.5108649,61.41521346,2650.691672,3.4677176715482,"0",279,12.301879,9.507444
"277",2.45170234118876,-0.552074471,3.90990640681285,5.99167547286158,1046.025448,17.73480734,3055.841228,3.52881057256073,"0",280,12.59273,8.855974
"278",2.72734502105469,-8.707445632,4.37213239888361,5.72527703518525,907.8676745,19.67390281,2641.411817,3.57805714889057,"0",281,12.736472,9.516899
"279",2.2168831266066,-0.757712763,4.4538508196573,5.80405678155604,918.0659381,5.599837157,2532.198981,3.51323340803596,"0",282,12.794358,9.360243
"280",3.16022980278169,-7.261677739,3.39210525291153,5.8223892707806,1020.162795,67.20963181,2695.324756,3.57381764605696,"0",283,11.950408,9.002004
"281",2.62729763681785,-0.948252875,4.01175911542851,5.80002897294723,1127.007487,4.413826322,3106.640965,3.49482028244785,"0",284,12.356557,8.508942
"282",3.067343997385,-2.284999994,3.42034358833269,5.75775516756408,1087.633389,24.59530136,2972.293891,3.54227200325626,"0",285,12.213347,8.678917
"283",2.55479893423738,-1.124290321,3.54496019739539,5.33982261048024,1128.453852,7.121897744,2994.370411,3.52055623225493,"0",286,12.243806,8.506785
"284",1.85300821655137,-1.220912084,4.53497613948633,5.51431691170981,1212.775227,12.84417149,3018.889707,3.47936507844707,"0",287,12.133915,8.207304
"285",0.277174332762669,-1.213437481,1.09965342416507,5.67860032447852,788.5570488,128.0510783,2139.307861,3.59792840032441,"1",288,9.934839,11.679127
"286",-0.0928905685260659,-1.163499995,2.98899084862573,5.74168277542297,773.7011528,164.4593315,2097.89045,3.62314023082195,"1",289,10.4369,11.523985
"287",0.545352858221372,-0.677571427,1.09890984172814,5.51071446907127,803.5315901,188.4782933,2115.675624,3.61230694667881,"1",290,10.466166,11.301945
"288",-2.99573227355399,0.579642856,-2.99573227355399,2.83133003468307,984.4605451,276.7675934,1591.81604,3.59028167562442,"1",291,9.836023,10.309583
"289",-2.99573227355399,0.544785714,-2.99573227355399,2.64556731645104,983.4186489,276.6234349,1420.625488,3.59594141071804,"1",292,9.83984,10.31103
"290",1.16591601622102,-1.061066658,1.61624801118271,6.28611965862803,930.0479574,290.7599691,2149.919661,3.63540836848061,"1",293,10.336329,10.256081
"291",-0.173772906846547,-1.493033324,3.82974586047458,5.38416814743148,615.7479268,83.93320431,2121.871437,3.62107627831905,"0",294,10.398881,12.458115
"292",-0.401514929845507,-0.462446805,2.9617573524627,6.23263706645942,682.0977965,103.775841,1971.334179,3.62528229775348,"0",295,10.303132,12.124553
"293",-0.863695312119925,-0.652389469,3.98031597940397,5.95854353299646,637.5654804,115.6222569,2008.579735,3.65757341032951,"0",296,10.760037,12.272915
"294",-0.378767927957726,-2.647488895,3.32817856370307,6.22463314707797,699.4668688,141.13819,2207.522951,3.63402424917439,"0",297,10.617051,11.949521
"295",0.247598626231327,-4.073010412,2.94723113693707,6.11449008303655,790.5927448,117.8289483,2210.488116,3.62363508712578,"0",298,9.788241,11.746265
"296",-0.0733815300766719,-0.885899995,3.3088028523815,5.96729818160032,709.7318061,101.6344449,2048.689646,3.6160816674845,"0",299,10.141889,12.024972
"297",0.398105582445652,-3.831411102,2.65295828352847,5.90896000071971,804.503734,134.2358029,2312.714019,3.60186802157885,"0",300,9.865469,11.616978
"298",0.0229815251245721,-3.122347361,3.21847574884846,5.38275376044579,763.8783987,154.0054667,2209.080205,3.63360035775014,"0",301,10.385486,11.611349
"299",-0.0409320912056727,-3.159893595,4.27373444725167,5.10129337936637,748.4658229,139.8176731,2232.607448,3.63250039887751,"0",302,10.336358,11.732428
"300",0.539944924003784,-5.430414895,2.56633955453579,5.36815560061533,827.1199516,164.7689816,2291.190547,3.61651462718404,"0",303,10.045861,11.36676
"301",0.424961799068112,-2.731968096,2.22939936213736,5.65730271240161,818.2998196,154.7716634,2280.537229,3.5816436473074,"0",304,10.003575,11.448793
"302",0.339105133219311,-1.691589479,2.53114552090548,4.95997418860712,781.1504414,151.7284117,2142.393999,3.62209843458865,"0",305,10.227938,11.55664
"303",0.375691736174857,-0.4423617,3.00229975187943,5.79363640617363,788.5953707,170.6302578,2034.403349,3.62016765321223,"0",306,10.386718,11.441087
"304",0.557855246520024,-2.840083328,2.97430645272168,5.3274209899687,732.3620923,179.2678302,2146.574153,3.62740289584643,"0",307,10.870248,11.704763
"305",0.341266127542391,-1.130361697,3.03498494773497,5.06295908067763,795.629827,196.0014017,1984.962589,3.63066976308159,"0",308,10.594416,11.298347
"306",0.263517065122023,-0.678189469,3.49831613319605,5.62642867964237,771.3092799,197.4257645,2039.770853,3.62383551140573,"0",309,10.78505,11.401931
"307",0.0949536526196971,-5.611085109,3.58503226862749,5.60925583450449,883.5041095,226.9153465,2451.271835,3.58510748133128,"0",310,10.222734,10.835651
"308",-0.104771771224069,-6.465148946,4.13720490318203,5.84991507427677,932.19825,248.5146497,2859.110907,3.53741307598975,"0",311,10.000658,10.581106
"309",0.552147673717686,-8.311042088,3.39498955089094,5.70792886913574,895.6784591,189.16274,2398.874318,3.55034302832397,"0",312,9.719284,11.090764
"310",0.504925897354779,-9.333829839,4.34352733994574,5.60445682767695,909.3363368,176.6177334,2297.945635,3.59412438718095,"0",313,9.403091,11.212448
"311",0.243857115738015,-0.500393616,3.9461057494875,4.91576612756461,935.2708799,188.7862341,2784.161618,3.51220571065434,"0",314,9.323125,11.101121
"312",0.393313458295966,-1.870814437,4.60293314547775,5.7125846833029,991.3511875,212.4701807,2887.666947,3.49602004598345,"0",315,8.979244,10.912867
"313",0.0900455422511779,-10.84106314,4.85944921903802,5.65217168425809,994.5198602,259.7065958,2764.694991,3.52597036204205,"0",316,9.610268,10.455204
"314",1.0031358152711,-2.338957442,3.88456160168579,4.91221425264214,1089.682615,295.9801353,2759.231409,3.49692011877725,"0",317,9.269309,10.13672
"315",0.937576741943307,-0.497288886,4.01236093253859,5.76563356068528,1071.955863,268.2748922,3006.993834,3.45224251639398,"0",318,9.041844,10.398432
"316",0.568289911288481,-3.360922225,3.72972811547863,5.43055746718881,1028.938266,310.4499532,2734.883751,3.54542592347882,"0",319,9.709532,10.00017
"317",-0.0573894180487782,-1.672494741,4.33319567847872,5.65108859148087,977.5226582,301.5048526,2695.992072,3.53099985976852,"0",320,10.045855,10.096297
"318",0.908933912317223,-7.859178942,4.08939153068809,6.00068537357118,886.7164063,261.0999377,2559.31139,3.58169855088894,"0",321,10.695555,10.405068
"319",0.636473435895973,-1.590106381,4.22607052576909,5.7855588942746,984.8977239,275.9435834,2773.059035,3.54854685160575,"0",322,10.168343,9.827818
"320",0.360972164446977,-0.874452632,4.73395100460818,5.72309254242956,977.8423732,251.1065995,2733.005397,3.54931483296966,"0",323,10.348012,9.671545
"321",0.715815918692484,-2.594666665,3.81964535315871,6.33724448310362,949.6692951,277.3010746,2721.806496,3.57972435255715,"0",324,10.318288,10.042962
"322",0.763823781645002,-7.53117205,3.78396661336921,4.96998895914695,1043.051633,307.5329029,2767.163448,3.53200550668221,"0",325,9.712439,9.814348
"323",0.729470348438193,-3.593347819,3.90971327946361,5.42510922903565,1089.526516,308.8006459,2786.089541,3.52802789114064,"0",326,9.369002,10.016687
"324",-0.229158533855814,-0.156153843,2.12329738350778,2.75137251362063,437.6458693,0.886028675,2330.131244,3.50915451748203,"1",327,12.499019,13.104633
"325",-2.99573227355399,0.566142854,-2.99573227355399,3.68151240064222,638.7006444,109.3398176,1963.023071,3.64190010364381,"1",328,13.122577,11.823061
"326",-2.99573227355399,1.681266665,-2.99573227355399,2.64902946716135,637.0641479,105.0414551,1776.642375,3.6484392273361,"1",329,13.165804,11.821781
"327",-2.99573227355399,1.638499998,-2.99573227355399,2.71426180044554,637.2118645,104.9507427,1799.112984,3.64766663505464,"1",330,13.165624,11.820996
"328",-2.99573227355399,1.518687487,-2.99573227355399,3.05765462096021,635.1731834,108.141397,1671.601021,3.65396444225058,"1",331,13.146027,11.840712
"329",-2.55133550688531,-0.44646666,1.15583243949118,4.324224121211,629.3515055,114.1447378,2095.259969,3.66639524078261,"1",332,13.113692,11.889306
"330",-2.99573227355399,0.918866672,-2.99573227355399,3.87796969120263,632.2974406,111.3161163,1592.500106,3.66020560810809,"1",333,13.12766,11.86896
"331",-1.73155547421561,0.124199997,0.414314724486468,3.51313437908017,637.5842285,101.3333669,2207.904785,3.63481029716123,"1",334,13.196846,11.807397
"332",1.2490818979465,-1.028214277,3.68937039958049,3.82435476460524,805.3452628,69.16037151,2405.082084,3.58272496056129,"1",339,12.916436,10.651396
"333",-2.98416307555581,-0.174787232,2.82077713396395,4.43525235162343,449.674108,6.581039703,1945.853196,3.67229047954485,"0",340,12.535695,13.035956
"334",-2.4166698544546,0.061702128,2.7035542923,3.43437783592069,479.2532134,46.0287687,1928.856348,3.69087741011992,"0",342,13.660892,12.94151
"335",-2.16121059930498,-2.179552097,3.4191430338861,4.6442285148039,530.3395596,56.06445849,2185.594963,3.70536263770663,"0",344,12.665463,12.58657
"336",-0.190337306851861,-2.350861699,3.12807196382074,3.57091030123257,683.8973058,143.3169049,2114.102712,3.64736457820055,"0",347,12.249018,11.777313
"337",0.00307496145646752,-2.314757887,3.68795138859433,3.41905420207069,654.0707918,72.78594666,2575.548677,3.61425230736625,"0",348,13.389911,11.636284
"338",-0.576920243886716,-1.404066659,2.55915267372166,4.28321843935323,622.8493523,113.0502263,2156.56451,3.66588370063724,"0",349,13.148919,11.924579
"339",0.838109619922231,-1.880978013,3.62251141536249,3.45141359171925,800.1394432,120.4188556,2286.567992,3.60020434024496,"0",359,12.458002,10.818065
"340",0.910630666281483,-2.937452629,4.01112503127089,3.5302524248672,779.0783704,36.46246262,2449.081196,3.59927136850189,"0",360,13.234419,10.737235
"341",1.07504453818308,-12.91650537,4.03853959306255,3.89986826191177,801.9853279,55.74663117,2511.965033,3.60074128298471,"0",361,13.044532,10.638556
"342",-0.309023784651739,-1.854208333,3.7901554708264,3.42624290985667,825.8812294,107.1254337,2383.128548,3.59614141623955,"0",362,12.437193,10.579486
"343",1.22868439410209,-2.451052633,4.18631183968875,4.72084720287627,828.8837743,183.2818722,2282.006953,3.62485164760611,"0",363,11.659983,10.560323
"344",0.411788829170393,-3.77131579,3.35647983431913,5.02070079521476,838.6070235,130.9886361,2477.14236,3.55465002534743,"0",364,12.114601,10.40532
"345",1.25910681000039,-0.698142856,3.14860661492203,2.67304582498742,787.6969343,234.7742582,2286.137922,3.56517705457127,"1",365,11.344065,11.098026
"346",3.02036271006513,-0.316499996,2.81455293178402,5.63693749622312,880.2750854,192.8160804,2374.372637,3.56715561825694,"1",366,11.223411,10.039671
"347",0.711532540772134,0.033187497,-0.788144893787036,3.46324911643301,859.9067459,205.5795221,1766.342606,3.60641445539414,"1",367,11.196024,10.268114
"348",1.34705456218448,-0.150562492,0.0737730937310586,3.11657271014876,858.2082443,206.9068842,1832.517456,3.60532803537758,"1",368,11.195735,10.291286
"349",0.235345921847084,0.61971429,-2.99573227355399,2.76711703545245,860.8901978,209.788075,1526.529641,3.62254888234572,"1",369,11.161958,10.287669
"350",1.1507047406275,0.034933336,-0.739191102307426,3.14395324938449,858.6770549,206.3876821,1805.003377,3.60124971070247,"1",370,11.196185,10.285877
"351",-0.850610890415475,0.324857147,-1.48374969853045,3.16009005904429,862.1151297,209.5704193,1795.252319,3.61492526705776,"1",371,11.1571,10.274906
"352",3.38665804726704,-1.645785719,3.70712712529812,5.74029854220464,862.9461408,177.7321766,2215.800241,3.59864200211757,"1",372,11.427606,10.150647
"353",3.48364947581616,-0.725571441,0.359171824037569,6.06609279253894,895.0310582,188.9574029,2147.977234,3.5611677121387,"1",373,11.210021,9.899165
"354",2.03942681966493,-10.00428723,3.87217848302633,5.14203995583098,833.9405583,256.3654154,2679.024882,3.57157432474215,"0",374,10.925896,10.852291
"355",2.18256223418052,-2.058326324,4.22666661568237,5.09181472591557,819.2626722,226.5768399,2134.502899,3.64201948301025,"0",375,10.735224,11.051258
"356",2.62567576740055,-9.06589773,3.48745326964738,4.49819073322516,853.67197,259.8267666,2482.942447,3.58760773763437,"0",376,10.816615,10.750596
"357",1.92723468103637,-5.035117042,4.30334602419547,4.47623181077734,798.2590352,239.0778115,2436.214602,3.57493011011817,"0",377,11.298931,11.001922
"358",1.96097381462891,-8.189734063,4.80392620990871,4.58962841654277,801.7238802,245.2534478,2470.97161,3.55763718515976,"0",378,11.229534,10.989317
"359",2.49643906923782,-0.519884204,2.28908650663119,4.54076734535217,802.5031147,217.1348438,2137.441625,3.63677689683517,"0",379,11.47765,10.918881
"360",2.78020809408691,-2.586093747,3.81136784420665,5.55315411599922,835.8627446,211.7171329,2359.63962,3.61158769531675,"0",380,11.321537,10.545622
"361",3.37730325275715,-15.61065957,3.94520825502741,5.4817738965162,873.6875104,240.9305095,2159.945763,3.59834345228913,"0",381,10.892646,10.379669
"362",2.48647224776633,-5.568695677,3.68017318606114,5.09205796303128,830.018083,208.0526592,2319.114836,3.61883592418222,"0",382,11.414428,10.608386
"363",2.87415359718365,-2.212547367,3.45489611715515,5.2835389390462,835.2929289,206.0033108,2207.016832,3.62357143992585,"0",383,11.3817,10.538236
"364",3.13738565255632,-4.643755323,3.79621507666335,5.49756037667049,882.8013676,205.7316154,2500.598517,3.57495392292986,"0",384,11.1077,10.078813
"365",3.101346352212,-6.734638321,4.21300191806769,5.71338040381923,887.1070219,201.1386297,2530.144422,3.57116154552424,"0",385,11.128436,10.019192
"366",3.33123660833788,-2.648827947,3.78208576187617,5.72643336695513,889.3485836,214.0919463,2239.079302,3.58924913889832,"0",386,11.019165,10.058947
"367",3.47968666401048,-4.359861695,3.80178655748741,5.90004854160506,894.3717892,216.1475653,2344.583364,3.57620498184291,"0",387,10.984703,10.01856
"368",3.15017789630988,-1.273074466,3.69622277084509,5.94266680544734,860.1111879,171.539617,2184.757898,3.60140179552284,"0",388,11.497533,10.160617
"369",2.0834127613137,0.783329784,4.95434165352621,4.51711958937858,835.307188,193.1410073,548.1228467,3.37403756231869,"0",389,11.502768,10.505428
"370",3.32720213664167,-4.019811102,3.90841372159249,5.98639827168001,859.0949985,155.4393897,2346.31629,3.62318471094254,"0",390,11.648522,10.12487
"371",3.2552088665547,-2.095247309,4.35311988567691,5.98892016816947,874.187374,153.7512235,2337.29121,3.59889586301427,"0",391,11.57657,9.968071
"372",3.1072723030266,-4.850547364,4.18000305168029,5.7407826932454,908.5018741,155.9249412,2568.936164,3.58347797095029,"0",392,11.451404,9.672152
"373",3.03733337968796,-1.044085105,4.92681804027775,5.67370108341881,921.295966,152.2882005,2652.069764,3.56685004391972,"0",393,11.427296,9.5772
"374",3.24232151871988,-3.425774192,4.72643817679471,6.07231714311802,879.7089798,156.8438701,2414.123614,3.59287757008739,"0",394,11.527517,9.925305
"375",3.09067111760355,-7.882393583,3.69616996687419,6.29298574199941,909.3162167,204.4145701,2549.246704,3.54472030816888,"0",395,11.010089,9.820237
"376",3.29968423464013,-2.071189467,2.86349327514246,5.82241402932959,886.315341,191.8277887,2483.766573,3.56305362664971,"0",396,11.210167,9.986788
"377",3.39247860838054,-2.60061956,2.85569686243967,6.19205230128969,901.830926,189.3351842,2428.130082,3.55691200874325,"0",397,11.184415,9.840702
"378",3.56586949288284,-4.544191493,3.80073181626342,5.93424016300381,933.363689,187.5572049,2526.473557,3.59123725408793,"0",398,11.022482,9.601388
"379",3.16336523671159,-2.002073695,4.10116990515172,5.98470035621342,918.772416,173.5617419,2536.014458,3.56112376083702,"0",399,11.253923,9.661857
"380",3.4753353726034,0.304266665,-0.760355925975321,5.48730262523143,1042.490552,111.0754893,1946.024048,3.5428896499039,"1",400,11.368968,8.9053
"381",3.48903192353637,0.368133332,0.1995336763918,5.51398971339022,1046.509115,109.2205541,2059.315137,3.54412330582753,"1",401,11.380338,8.889032
"382",4.33783215829189,-0.268199992,-0.017654924042792,3.28461007708434,1349.327808,99.74744568,2768.810531,3.49480897240781,"1",402,9.786843,7.865158
"383",4.34985064327616,-0.21973333,0.571450234664779,2.9656794273078,1352.094938,99.56960907,2810.295947,3.50363358187446,"1",403,9.774573,7.858761
"384",1.9893781653474,0.59657143,1.18522676993283,4.09846603892334,1670.020037,15.95101009,3055.991263,3.31064744881637,"1",404,11.249224,6.718072
"386",2.57523051858053,-3.757808499,4.19249965898562,5.10866830665506,944.3400295,157.9999148,2684.233609,3.55336432260844,"0",406,11.237655,9.444207
"387",2.53286812465754,-0.752188892,4.05860703272184,5.63433871939358,953.8326999,178.98016,2795.802528,3.5304046118492,"0",407,10.991716,9.448746
"388",2.54200230702917,-1.860010876,4.05335979317007,4.91923095196729,967.1696837,163.0384926,2782.314875,3.54816079341722,"0",408,11.067942,9.315307
"389",2.61457975754487,-3.87051137,4.07825704239024,3.0139947551403,956.5773135,116.4709296,2812.870109,3.54978717035489,"0",409,11.591771,9.267411
"390",2.76383403845944,-1.515279574,3.34539478616734,4.85497167123655,1004.142812,113.7436363,2842.623491,3.53684296256481,"0",410,11.452149,9.078936
"391",2.66117151010338,-2.284414888,3.3529556066499,5.24974749763682,1066.293457,150.1638753,2735.662143,3.48585130715645,"0",411,10.944585,8.804806
"392",2.70590308503069,-0.570515464,3.27085187290642,5.25251455237696,1016.630566,115.569019,2888.273989,3.49879788122615,"0",412,11.387628,9.020984
"393",3.08434128926396,-2.294147375,3.99452665253547,5.46412880329014,1033.301862,101.7038347,2600.23456,3.55354790589543,"0",413,11.506702,8.971678
"394",3.28029983833303,-1.890425525,3.96295373751793,5.70839466546664,1080.926376,76.12526435,2493.113988,3.52769251418288,"0",414,11.713636,8.848444
"395",3.84785178045575,-1.195178948,3.39058866974373,4.77785552739778,1191.362111,128.9248656,2788.120228,3.51095446513598,"0",415,10.44395,8.321614
"396",3.74971120318392,-5.58823917,3.03409037245486,5.48953249428837,1125.142817,156.5706848,2672.579858,3.54504040595196,"0",416,10.734532,8.576749
"397",2.10119678099562,0.114591401,5.25624781342089,4.70136184444866,1130.615202,162.5309015,2980.94132,3.40373893451212,"0",417,10.302636,8.613506
"398",3.09687598472543,-1.325548392,4.51080190068184,5.60136152165489,1167.932642,146.1320282,2934.110278,3.46689113151601,"0",418,10.25621,8.448234
"399",0.841064718945709,1.018944441,3.73596181081,4.09509162959777,1369.890299,136.6279468,2755.667156,3.39958122171227,"0",419,9.165392,7.867278
"400",2.42407907722221,0.301010988,3.87095773027589,4.71388095188503,1286.661529,113.3600193,3023.445696,3.43051422162348,"0",420,9.911453,8.041281
"401",3.21641709627083,-1.121556823,4.06645935530497,5.60262415922643,1234.426473,122.4656862,2929.645999,3.5013990847994,"0",421,10.141413,8.183691
"402",2.35127836961289,0.57308696,4.48821951432067,5.94540518990132,1132.804453,98.00086635,3175.667021,3.44826757196866,"0",422,11.371459,8.517873
"403",3.17113960248695,-0.972723405,3.18522002423464,5.68395778567666,1120.348829,124.3670692,2896.648443,3.49516554651863,"0",423,11.125554,8.53627
"404",2.85130246896655,-0.041536844,2.88516083402881,5.21386000909028,1331.812846,88.56561544,3171.768334,3.43079018882714,"0",424,10.993725,7.846643
"405",2.64468792729221,0.048819149,4.74747744629145,3.93986324129465,1278.164813,97.03226763,3246.678708,3.45325134210325,"0",425,10.477247,8.038581
"406",1.36668950592052,1.040255319,3.88379589136017,6.5238464223192,1359.507019,62.98631956,3618.44304,3.32748979406179,"0",426,11.440627,7.719388
"407",2.04212559716243,1.511638305,3.07778400962398,4.32988687832267,1673.328511,13.07145635,3379.513555,3.28417736670642,"0",427,11.229425,6.686463
"408",1.7187407511345,1.73640426,4.44800454907525,3.48511788955574,1586.676336,17.30848085,3627.391168,3.262424321948,"0",428,11.420429,6.952546
"409",2.28314987088032,0.897478265,3.58421691120534,4.96698799619027,1659.833941,11.25878373,3562.075633,3.31797326611747,"0",429,11.088357,6.816143
"410",1.41451473967386,0.987815222,4.65966094513248,5.39186269719457,1587.44177,20.61718428,4124.361673,3.23178340014669,"0",430,10.957251,7.078375
"411",1.95333346479969,0.95614131,3.08692082747955,3.88424631512539,1610.608881,20.40639075,3392.763539,3.39362524694079,"0",431,10.059254,7.205986
"412",-0.0322142931386434,3.202204303,3.73387338192576,5.50195984230277,1708.24544,22.14628689,3563.823339,3.3474335203921,"0",432,9.706037,6.97905
"413",1.85279255851225,2.462195657,4.01226418891733,5.08690238215696,1548.516185,33.84661701,3331.447064,3.41002785600705,"0",433,10.176093,7.347914
"414",2.17694403467668,0.516406593,3.57907531991298,5.27441493849212,1480.607861,43.21435157,3325.387051,3.40070636846824,"0",434,10.364797,7.490651
"415",0.411094745918808,0.132857142,-0.976078656319479,5.8968002955221,532.7946821,42.99350493,1862.572379,3.62525468258001,"1",435,10.449406,12.880599
"416",0.550224892900281,0.319142865,-0.122369438516165,3.18576913940955,520.9636405,54.28302629,1632.960493,3.64227432099951,"1",436,11.027213,12.875985
"417",0.0644692453005557,0.545500007,0.579943492480463,2.86261007034292,519.7395363,53.7040956,1520.939064,3.64606971685181,"1",437,11.039241,12.879475
"418",-0.39739061673039,-0.775124994,4.61636509747492,4.21048245559593,675.7234917,142.8278446,2047.035378,3.64822007762065,"1",438,11.433409,11.979564
"419",0.945290826999981,0.258124996,-0.863046224466454,3.14872603326432,728.5331039,184.6891956,1623.310936,3.6176184774199,"1",441,11.092289,11.704193
"420",1.01151863811228,0.36666666,-2.21487951868181,2.69928254798328,728.3234294,184.2289408,1583.810815,3.62156380565889,"1",442,11.07798,11.706426
"421",-0.78453939761389,-0.110578946,3.92833140029266,6.72236704674211,505.7389,4.633917644,1869.836155,3.65936931828316,"0",443,10.04331,13.135971
"422",-0.735536640412372,-0.208130433,5.29943427107789,6.69328488697273,553.2642053,12.02972094,1976.240124,3.64580742391085,"0",444,9.917797,12.91761
"424",-0.960958680311469,-0.208074465,4.02520682952899,6.73364723019183,511.3203365,5.736845616,1902.878661,3.66313054116597,"0",446,10.02851,13.109803
"425",-0.615456135571108,-0.039326315,4.94035211695145,6.75631617093567,530.5900024,4.792945808,1919.411639,3.65706282523406,"0",447,9.93968,13.034557
"426",-0.631920042880888,-0.128810526,4.90999849889784,6.67462233654817,529.3050826,10.9490843,1944.882386,3.65795891574796,"0",448,10.003563,13.019619
"427",-0.7935183260738,-0.210431578,5.28834012903289,6.69475242678605,549.1659707,11.60889432,1971.066244,3.65035745918022,"0",449,9.926675,12.936364
"428",-0.906714701260602,-0.051642105,5.25563509382441,6.70802822246379,542.0360274,9.872755302,1947.297064,3.6562964499275,"0",450,9.939095,12.972527
"429",-1.73348171774696,-0.030858694,4.99370657787868,5.72627222141746,467.407882,27.70373937,1775.01565,3.6829925753954,"0",451,11.15756,13.126393
"430",-1.54854929723169,-0.022425536,4.46341357019897,5.73973219876065,505.9598295,42.96779064,1815.162965,3.62554871318279,"0",453,11.627846,12.896129
"431",-0.63890376007682,-0.243033331,3.26530871494414,4.39986560953065,518.54927,50.75517235,1905.985489,3.6613768892341,"0",454,10.809145,12.900187
"432",-0.999441324021379,-1.049621052,4.12976885854456,4.91175198854115,529.427054,55.30547903,2198.514379,3.63673257974115,"0",455,10.760718,12.848928
"433",-0.396236350892985,-1.955749996,4.06770202007083,5.47485396058137,548.9227786,66.29442887,2403.779906,3.60548600977876,"0",456,10.775035,12.747958
"434",-0.697549870190192,-0.922446808,4.68805092387218,5.91981299114601,662.5670185,135.1576342,2011.848582,3.64830122389117,"0",457,10.861106,12.118236
"435",0.187108720021651,-1.55617021,4.46480700034742,5.71426254833917,682.5021226,146.202347,2166.46361,3.60248680758022,"0",458,10.842807,12.006383
"436",-0.400130158293662,-2.776860204,4.18359208392552,5.20988329965125,676.5078289,136.0866552,2248.955916,3.63302569713311,"0",459,11.655323,11.942837
"437",-0.163401971028919,-3.092947352,5.33409148016807,5.02396533698613,680.8160028,152.3453592,2111.74603,3.64225109591972,"0",460,11.120416,11.988879
"438",-0.18150498707777,-3.17306593,5.00453337720956,4.99369662814481,680.8664571,151.7703084,2110.04819,3.64022000862545,"0",461,11.074694,11.993305
"439",0.395014359440218,-2.401376341,4.05119571406528,4.72692740831496,735.9574329,184.7897457,2270.28555,3.60286463893704,"0",462,11.396762,11.575125
"440",0.36380546146642,-1.108881717,4.50937991487838,5.39117555950628,732.999051,178.2337181,2101.21004,3.62831289561179,"0",463,11.603747,11.550595
"441",0.800369448880272,-2.9294421,3.58993834601036,4.89206680104896,745.3312031,197.7361815,2090.144074,3.61692538188222,"0",467,11.203245,11.535812
"442",1.02811077153309,-1.099442101,3.41713547839419,3.89888180625907,728.8321655,184.7823395,1935.75861,3.62532847799323,"0",468,11.185774,11.686466
"443",0.956380272103246,-6.637863139,2.81483339167799,4.77985889070765,725.1344168,178.658358,2201.352002,3.62356022643764,"0",469,10.973497,11.746966
"444",0.322257243494984,-0.685312506,1.46224216549387,6.07001881098306,679.8376579,39.13672996,2001.253822,3.61580471491423,"1",470,8.420137,12.662082
"445",-0.883295883296187,-0.201508725,1.88261343012403,7.11496796118182,599.3998291,0.87348603,2001.706885,3.6413160723142,"1",471,9.43197,12.814334
"446",-2.99573227355399,-0.468599995,1.5968591267842,6.34190298412662,636.1335124,58.83023122,2117.768465,3.59840756217044,"1",472,10.056111,12.445259
"447",0.420173728049548,-1.041249995,1.46639715437287,6.6509815351624,736.8803406,81.18577957,2259.27652,3.62690424435156,"1",473,9.616621,12.075629
"448",0.869137640689217,-2.769125022,3.21787532453462,6.63982805765259,817.0285568,120.4902954,2289.618576,3.61466087011218,"1",474,9.387906,11.727902
"449",0.416284053026027,-0.84533685,3.38938668583601,5.5151506286,656.0944856,30.17000144,2092.442974,3.62255402701042,"0",475,8.282886,12.813899
"450",0.111970436518887,-0.352287235,2.97089853198039,5.80628361619746,662.435217,31.61603311,2149.392098,3.63148694066893,"0",476,8.420254,12.750955
"451",0.056037089279373,-1.266351068,3.43624958047832,6.1911985739421,676.3991491,32.99596866,2221.608427,3.63113199926457,"0",477,8.533277,12.655922
"452",-0.52521144189868,-0.779191489,3.91065771143832,6.64795637668749,652.086207,16.82893972,2164.559614,3.62622846646369,"0",478,8.930362,12.683395
"453",-0.123632633115278,-1.117776594,3.72013777761287,6.32439740375713,698.5833617,42.2357543,2262.500987,3.62355759798294,"0",479,8.871851,12.465663
"454",-0.407026149900145,-0.446531914,3.82953715191951,6.50413615659343,706.5782666,52.58694608,2100.506749,3.6171433803608,"0",480,9.143183,12.353519
"455",-0.945278087497424,-0.30008602,3.36695743308153,6.79138814198049,669.9574375,35.98612677,2060.938185,3.63296879688419,"0",481,9.30378,12.491161
"456",-0.68585424279677,-0.049094737,3.70108752692281,6.91223884177594,639.6459871,28.02673029,1879.275517,3.63585610114297,"0",482,9.643095,12.552448
"457",-0.860678330273276,-0.097542553,2.91870474062733,7.03005397656213,634.5183742,21.24509793,1984.349682,3.64576090630358,"0",483,9.502144,12.614017
"458",-1.09830614153593,-0.071084209,3.69534534759763,7.00743854833124,620.1669549,14.77703274,1964.497135,3.64866030128561,"0",484,9.553023,12.671571
"459",-0.803484968981534,-0.209085106,3.86781819312622,6.92086847497701,666.1038474,41.99029407,1970.929403,3.63757492150534,"0",485,9.640889,12.423001
"460",-1.0208967711098,-0.156075267,4.1143777653846,6.19398418526709,588.798857,47.27666112,1915.594405,3.65074195519223,"0",486,10.125247,12.660677
"461",-0.821839536800693,-1.399720434,4.74805138190797,6.60758133929733,600.564247,28.73033093,1894.522028,3.6421202399686,"0",487,9.895749,12.674323
"462",0.0274338607147076,-1.560126313,3.99858209076599,5.87735022174664,593.7878643,61.731936,2576.111588,3.5562378517943,"0",488,10.244496,12.599223
"463",-0.71669598799491,-0.539231583,3.42161041608604,5.88956932953003,556.1213495,53.52446759,2154.013712,3.57367530907125,"0",489,10.319498,12.776919
"464",-0.141896822611139,-0.460694738,3.1677265647388,6.5869882791194,687.9812892,66.40203436,2106.964451,3.60520024573352,"0",490,9.868791,12.246422
"465",-0.295019688365755,-2.057750009,4.04719740789748,6.4894287123635,660.0862765,63.75624694,2147.562905,3.60362936886625,"0",491,10.00646,12.341793
"466",0.118545639910939,-0.12939785,3.16200958749349,6.12809501195613,727.1135385,93.62552315,2082.431079,3.63301995440789,"0",492,9.950691,12.010458
"467",0.103305837351319,-0.762852636,3.3531352334248,6.62119632346502,703.9507164,67.88538553,2181.083959,3.61815759602285,"0",493,9.756634,12.203209
"468",-0.054358117743219,-0.216021276,4.05953696987067,6.49149769576385,716.8698971,58.37007466,2109.168309,3.62862113396648,"0",494,9.170066,12.296732
"469",0.271162445178771,-4.160840447,3.78257142327592,6.51663738516328,752.4682435,80.11212288,2271.109941,3.60176745488024,"0",495,9.262097,12.092828
"470",0.395483021777463,-2.12917708,3.78560612453975,6.70938207516369,748.9956474,82.17002877,2266.778577,3.61841785439496,"0",496,9.407559,12.070864
"471",0.51052934928104,-2.128967736,4.07533207777083,6.70930996036446,772.2059438,94.92368883,2298.968338,3.61355315868264,"0",497,9.431187,11.945818
"472",0.43720029112308,-0.601729169,4.50876682773187,6.1348736487656,753.985356,100.6664023,2134.304218,3.63151510177599,"0",498,9.845655,11.91208
"473",0.849834148858081,-2.817537636,3.46318308087081,6.61339984322393,820.4719829,123.4238321,2295.361625,3.61503028685195,"0",499,9.419941,11.699004
"474",0.866061165842728,-2.194568427,3.03635003009909,6.60834635756159,821.0912174,122.9924503,2256.121295,3.61214045530459,"0",500,9.390769,11.704144
"475",0.899668835182851,-2.545957898,2.91159236576598,6.55413123958327,827.9835944,126.6836846,2281.14452,3.61213481030222,"0",501,9.371704,11.672697
"476",1.05014623247001,-6.024106376,3.25246491283885,6.11676668157869,874.7325504,150.1937214,2270.054243,3.56827926929779,"0",502,9.278166,11.454995
"477",1.02908798528195,-3.959117027,3.17999122280726,6.20330433877533,868.5252523,157.9495252,2266.795969,3.59700900995509,"0",503,9.552283,11.376517
"478",1.01190378835216,-5.977021268,3.25869987482338,6.06141404761278,880.4003815,152.2021202,2288.656016,3.56898109339044,"0",504,9.241687,11.43827
"479",0.962808921252835,-6.79476839,3.82808346804988,6.10590207055169,837.0311909,144.8577654,2280.692072,3.60329857311323,"0",505,9.709164,11.496467
"480",0.828874057780931,-1.620284214,3.50669868030959,5.04363952748005,875.2362735,196.8389088,2714.24385,3.54357976622846,"0",506,9.994185,11.051038
"481",1.07956478425487,-4.193989119,4.00388108540457,5.62579077885798,850.1920418,159.8485361,2287.77011,3.59181769554078,"0",507,9.799045,11.368141
"482",1.05746343483239,-4.764228268,3.76124119043138,5.82256479634143,852.7574158,157.4723823,2310.970764,3.59800881300797,"0",508,9.741026,11.385071
"483",1.61665889010804,-10.51393735,4.12589874905805,5.90136449844277,1002.235565,205.9852409,2464.887283,3.51381893993042,"1",509,7.397075,11.170654
"484",0.719032613652118,-0.2658125,0.131576357788719,4.21048245559593,1001.191582,218.6394367,2237.155685,3.51035063399263,"1",510,7.73723,11.131987
"485",1.77102270010723,-0.850000001,1.69943094797528,4.96952498232213,997.7663086,211.3128794,2703.186458,3.51575546006283,"1",511,7.62125,11.171391
"486",2.05207393750315,-4.043500015,2.40428713218048,5.67386981538131,967.7856402,198.9429659,2431.23162,3.53343632113715,"1",512,7.772875,11.334476
"487",1.25580957914624,-0.612125009,3.06269705144874,5.74404668068137,1003.206074,217.0320921,2681.182846,3.50499414109028,"1",513,8.379064,10.957506
"488",1.42268374170631,-1.00692856,3.63391400191613,6.3084554393447,1033.080758,240.7608065,2641.044538,3.50774295106634,"1",514,8.151352,10.807925
"489",2.13785333700061,-1.445875004,2.661897185797,4.49559418341503,1015.927208,230.7632961,2523.997955,3.50270043025122,"1",515,7.769566,11.021001
"490",2.03130625264537,0.287999998,-2.99573227355399,3.15688048076606,1010.227173,222.9243589,1928.857465,3.53801491874474,"1",516,7.697287,11.075812
"491",-0.278762319986891,0.255999999,-2.99573227355399,2.87572631785304,1007.532227,221.6446457,2060.557687,3.53376997378435,"1",517,7.714493,11.092634
"492",2.26798319392547,0.357333337,-2.99573227355399,4.1208085026456,1086.36381,273.9065613,1892.489372,3.51329497883627,"1",518,7.388972,10.544025
"493",-2.99573227355399,0.370071431,-2.99573227355399,2.83133003468307,1090.07843,279.1883698,2106.967564,3.52606630722082,"1",519,7.439473,10.502695
"494",-2.99573227355399,0.211312496,-2.99573227355399,4.28970723858894,1081.058006,270.447897,2016.112358,3.52034985402673,"1",520,7.453853,10.583253
"495",-2.99573227355399,0.303000001,-1.55725216739912,4.01460824749434,1083.427569,273.2275064,2004.852173,3.5112895269839,"1",521,7.466542,10.560661
"496",0.58276450326681,0.716125004,-2.99573227355399,3.83654344917516,1087.573692,275.4900227,1579.989563,3.51586443613203,"1",522,7.399642,10.528914
"497",2.12752740217136,0.4328125,-2.47248411793759,3.99707656970258,1090.191101,277.9817562,1878.149971,3.50028836491016,"1",523,7.388649,10.504862
"498",-2.99573227355399,0.4022,-2.99573227355399,3.98222799482994,1093.1389,281.4868978,1817.544816,3.51420848827257,"1",524,7.406049,10.477337
"499",-0.362623639538982,-0.151142849,0.63383306999215,4.46473924095555,1097.300537,286.5241612,2070.189863,3.5166919599073,"1",525,7.442128,10.436118
"500",1.78408762944485,0.080666662,3.64054230575485,6.19072567004394,1136.705078,344.5404989,2985.555794,3.44761450159438,"1",526,7.443144,9.90982
"501",2.38423190263858,-3.130071419,3.24891995242715,4.27331079969492,1171.168379,354.4701516,2841.108451,3.50521399899302,"1",527,8.123556,9.549958
"502",1.85405707373018,-0.202266664,0.139037035345709,3.25417736578147,1177.90061,343.4890157,3057.596273,3.45104505821424,"1",528,8.370006,9.595699
"503",1.63553867925611,-2.755547358,1.9358408274516,5.52422584831669,979.9248432,199.0703538,2571.186642,3.51527754763206,"0",530,7.622017,11.285849
"504",1.32346477438842,-1.665322212,3.13855113444126,5.15933022176469,989.4479709,213.142308,2581.506977,3.49929822122356,"0",531,7.825136,11.190378
"505",1.35485941280644,-4.495166678,3.21448285549211,4.46867785594022,966.9560242,194.5511531,2566.554696,3.53017026919697,"0",532,8.368154,11.175139
"506",1.20688582745123,-4.260484237,2.94251192200497,4.9170535261938,964.8204352,193.4910563,2707.37497,3.5203423842352,"0",533,8.285278,11.211813
"507",1.41807942539041,-6.499936837,2.94111628829585,5.14046041254732,980.8641004,202.7397737,2589.816907,3.51634770766666,"0",534,8.346881,11.098255
"508",1.44590200033772,-3.737084218,3.27821664847413,5.66708566609445,1002.741054,219.5166849,2608.627082,3.50524753306762,"0",535,7.976752,11.052925
"509",1.35859575101764,-4.045357891,3.79737386217215,5.44274664386318,993.4234195,214.3222223,2646.085773,3.51141347340755,"0",536,7.912226,11.135321
"510",1.66286836958155,-3.113778934,3.55189097063109,4.8072247573612,1049.945752,249.4317969,2657.216586,3.51702293143327,"0",537,7.606386,10.811476
"511",1.65649106868791,-1.478702127,3.0631050409808,5.45326974435814,1078.873146,262.3619255,2870.943242,3.47180783500232,"0",538,7.251149,10.630765
"513",1.31754812394834,-2.9724421,4.52305493922171,6.11316154786675,1072.644396,270.9602115,2926.608082,3.47977496363994,"0",540,8.185515,10.503197
"514",1.5478669634288,-7.519585117,3.99910308449107,5.89233813619792,1061.167508,263.1975935,2819.391363,3.48547981115385,"0",541,7.909744,10.662002
"515",1.90293159079242,-1.168311119,4.32041161208028,5.8124990751559,1097.515161,284.5423459,2861.692513,3.43962002644357,"0",542,8.392637,10.324917
"516",1.50035879823978,-4.005309271,3.06948442494673,4.95731516812522,1080.482256,264.3480413,2729.875662,3.49255721273954,"0",543,8.571276,10.471021
"517",1.7629883138446,0.014436171,3.34869487998684,5.21352972232187,1157.896722,344.3447311,3169.175742,3.4166098490382,"0",544,8.230133,9.802852
"518",2.03846253457333,0.044000001,3.49678264241613,4.63968612305708,1166.23273,355.9937269,3064.187397,3.45618377899223,"0",545,8.227153,9.688273
"519",1.37572907856268,1.8923085,4.08521614588297,6.47495279478032,1151.430502,372.0499761,3257.350376,3.41672164922726,"0",546,7.398041,9.646247
"520",2.14426451911369,-0.919351061,3.61373524321178,5.75204620123406,1127.108257,327.1256383,3067.060142,3.4809585047714,"0",547,7.385901,10.055733
"521",1.5653147055284,0.183933335,3.56655094307541,5.91326372322873,1182.0856,359.4293779,3309.423739,3.41609326572224,"0",548,7.82389,9.408184
"522",0.959632804009721,0.371293477,3.27157655527286,3.80809075708856,1177.698626,335.3548186,3467.510798,3.38790644618751,"0",549,8.314328,9.46653
"523",2.12128610172172,-0.257159574,2.8300402881759,3.63101463659435,1175.757058,340.7845566,3180.575159,3.48749221691373,"0",550,8.151409,9.423168
"524",0.867910210189782,0.890382983,3.26349824824956,5.05942495667826,1205.478295,288.8646172,3495.171639,3.38041546990343,"0",551,8.614523,9.153694
"525",0.646929435855639,0.423499998,-2.66437512529186,4.31336289397281,811.7992249,106.9595152,1992.547703,3.5632350427522,"1",552,8.449086,11.972943
"526",-0.620624152481056,-0.068249997,-1.76098781637948,3.47255588656397,791.9182739,96.57408905,1891.593979,3.57420494479193,"1",553,8.47227,12.071351
"527",0.207759472065076,-0.835999994,2.47204653602801,4.3724466274662,783.5725464,90.60449422,2412.679215,3.57212090277549,"1",554,8.621366,12.08741
"528",-2.99573227355399,0.432428564,-2.99573227355399,3.87983754346234,811.9940098,106.6694848,1678.214966,3.56307325973,"1",555,8.481971,11.966603
"529",-2.99573227355399,0.897857142,-2.99573227355399,3.18576913940955,801.4482422,100.8416018,1181.384962,3.56832474833244,"1",556,8.515725,12.014909
"530",-2.99573227355399,0.659062501,-2.99573227355399,3.50553661418785,800.6149254,100.7628293,1374.443542,3.56833477672671,"1",557,8.502862,12.021427
"531",0.24984349343092,0.465928576,-2.81639133773399,3.82000807902772,794.7130999,98.17668588,1560.620492,3.57726935962338,"1",558,8.468549,12.058365
"532",-2.99573227355399,1.031357136,-2.99573227355399,4.24448924661075,796.0642569,98.17543575,1400.078561,3.5932335660659,"1",559,8.569218,12.033556
"533",-2.99573227355399,1.065466664,-2.99573227355399,4.15427407929351,796.5770955,98.57155406,1397.187142,3.58599728287748,"1",560,8.555014,12.031117
"534",-2.99573227355399,1.169571429,-2.99573227355399,3.96530402715612,803.4147208,101.3801787,1756.596889,3.5630731361172,"1",561,8.562832,11.996111
"535",-2.99573227355399,0.281285715,-2.84669669931658,4.03592575701078,798.158565,98.62993186,1647.453962,3.5900452269424,"1",562,8.591491,12.018581
"536",-2.99573227355399,0.727499996,-2.99573227355399,3.0795584245096,808.3779182,104.3075881,1483.649635,3.59112870421477,"1",563,8.515623,11.979462
"537",-2.99573227355399,1.045642849,-2.99573227355399,2.60614743608407,804.5606297,102.2449744,1060.001997,3.58336013751457,"1",564,8.509344,12.000243
"538",-2.99573227355399,0.286666665,-2.99573227355399,2.8096873825461,813.5973958,107.1760834,1736.717936,3.56802918508422,"1",565,8.545689,11.946333
"539",-2.99573227355399,0.302333337,-2.99573227355399,3.42525515831528,813.7076742,107.2597717,1683.333423,3.56791622280416,"1",566,8.527757,11.94865
"540",1.00490614913639,-0.203133334,-0.893632721830858,5.30004505273838,830.5548462,114.2704834,2144.064974,3.4693543280833,"1",567,8.847854,11.802123
"541",1.35988811356421,-0.3715,2.54958467369461,6.03583520869457,870.3587298,145.3738523,2012.931399,3.53477045533468,"1",568,8.009207,11.777082
"542",1.6619638037918,-2.122214262,3.69037386367752,5.6100376068782,868.4241943,142.3346285,2302.749651,3.56590433008307,"1",569,8.135443,11.747139
"543",1.59537759947955,-1.13212499,2.76523755285679,4.14033799091624,879.180584,145.9973726,2482.825714,3.55345327293941,"1",570,8.391017,11.633352
"544",1.34742947937111,-4.101733335,1.02454706488271,5.94111049754451,858.8837118,135.9892893,2366.459245,3.5915973404003,"1",571,9.003357,11.606066
"545",0.707714261565031,-0.691666669,1.72008443359547,6.17342443913412,861.5819214,138.943338,2391.083301,3.5993192217323,"1",572,9.099179,11.570085
"546",0.856383680742285,-0.254466666,2.92334078025336,2.89427469263896,950.6265422,184.3386668,2019.539917,3.5126591807782,"1",573,8.409747,11.25646
"547",0.454589142885808,-1.056726315,2.31323866760246,5.57614449920678,741.7082397,68.2199342,2140.459848,3.57996285753299,"0",574,8.518197,12.322821
"548",0.451193447450062,-2.77258512,2.71406928932459,5.64453128672667,740.9641931,67.1649816,2093.271203,3.62449409431324,"0",575,8.636519,12.30296
"549",0.533678912470961,-1.912095756,2.87534362178889,5.89465770123254,751.2538634,71.98582897,2258.202367,3.62336453111784,"0",576,8.92825,12.183662
"550",-0.0535431623908989,-2.727833329,1.89620159019055,4.43232206868933,783.3722318,91.05417824,2364.135254,3.58698514117308,"0",577,8.576195,12.096951
"551",0.664835644044016,-1.176294735,1.72494936947492,5.23879855728297,760.8512336,77.45285018,2157.354684,3.60302912675434,"0",578,8.676234,12.193544
"552",0.742945007343026,-1.355263161,2.44402754513005,5.14658735969314,774.8460282,88.58942486,2228.758163,3.58614115133777,"0",579,8.368916,12.179631
"553",0.703415605370321,-1.636499999,3.24789627911967,5.93631648368822,747.8219777,78.04648922,2155.390527,3.595326955832,"0",580,8.26609,12.340013
"554",0.734786524639025,-1.81693478,3.11243984844304,5.86881133791658,750.3807672,78.63987699,2168.395812,3.59365458299572,"0",581,8.282116,12.323947
"555",1.06173518373179,-1.081712771,2.85956062251272,6.38111408125884,789.8224435,105.8852759,2081.628584,3.57897549708467,"0",582,7.968057,12.204612
"556",1.04807560096398,-3.422488897,2.62052353646561,5.79674048421519,799.243988,106.0519115,2212.051337,3.58768921740918,"0",583,8.193116,12.091596
"557",0.771227058065172,-2.337510639,1.6978335272743,4.8773324483053,811.0891737,107.213218,2406.12826,3.56918497716077,"0",584,8.397586,11.986242
"558",-0.514338267548611,-0.846457445,0.92148996202235,3.53707064829121,796.1001587,96.29185997,2244.672288,3.58395616757975,"0",585,8.651072,12.018597
"559",0.808803805451021,-1.490063826,1.56066104686624,5.16064467973276,824.4047111,110.6360284,2277.093814,3.49246322901662,"0",586,8.835432,11.835039
"560",0.528563587581244,-2.168115799,3.15414079461064,6.22640831460767,786.2324482,95.85312227,2255.491869,3.60383166983187,"0",587,9.134053,11.952728
"561",0.853101022281174,-4.564729157,2.65808095819256,5.8488681414094,834.6033529,120.3531675,2390.124557,3.60086750526465,"0",588,8.968911,11.748748
"562",1.00499086098556,-1.656265965,1.31542377953465,5.40812012163391,827.6569448,113.2189409,2316.514063,3.49588191882323,"0",589,8.871571,11.809315
"563",0.806295886725246,-1.798094731,1.45616404079817,5.12516211195095,830.0168483,113.6927089,2307.633296,3.49508384512984,"0",590,8.819604,11.811138
"564",1.3151768361186,-1.337705255,2.99965221304243,5.24213069805766,844.6105533,127.4156111,2327.353367,3.57226870933726,"0",591,8.29331,11.829188
"565",1.48646106480714,-2.753366652,3.01357218922653,5.67145337947082,844.7913534,129.2412095,2412.726986,3.57996320404073,"0",592,8.175424,11.858399
"566",1.43108211106673,-2.590999982,2.59280052477954,6.21116975649355,836.5044335,128.5485586,2175.977861,3.55983033336898,"0",593,8.009904,11.951385
"567",2.02812651534562,-3.548168422,3.72304248816679,6.11296774769521,939.6740254,184.829952,2349.012204,3.54514272228152,"0",594,7.811008,11.47293
"568",1.67995127746465,-2.152431576,3.51060233544282,5.75606135664269,870.9160824,144.1677421,2198.293747,3.55778119102754,"0",595,8.09461,11.747655
"569",1.73590646972863,-1.765833341,3.68687223224127,5.27291896146973,904.1140359,159.2527499,2278.453893,3.52844780208907,"0",596,8.353703,11.512035
"570",1.37100368479681,-1.30566316,2.12971869853697,4.72460819186991,850.9052767,128.9853651,2632.553113,3.47203178550929,"0",597,8.430563,11.774219
"571",1.05025114815487,-3.313978744,3.30179327760743,5.24660279027584,854.3717041,127.9893345,2435.098074,3.5735461991991,"0",598,8.744801,11.700447
"572",1.46569090415094,-3.43552128,3.4379899923077,4.44789883758585,880.7713318,143.9725326,2440.883641,3.555980072871,"0",599,8.616304,11.580457
"573",1.29685634832062,-4.558351058,3.44447168297864,5.19140705390836,901.7770996,156.9625046,2397.645983,3.54275233939224,"0",600,8.794486,11.421425
"574",1.22757579080641,-3.836389487,3.21211618066428,6.15877806648044,875.4199161,146.804846,2313.884717,3.57845343682709,"0",601,9.100285,11.495946
"575",1.20081413387473,-3.16528722,3.76967781659307,5.74056252688233,920.4625426,172.502002,2426.712343,3.55773424343435,"0",602,9.019598,11.271319
"576",1.31047732504037,-3.192589462,3.43653065330417,4.81418752898062,959.15255,189.1206323,2456.549211,3.54495441072163,"0",603,8.49738,11.184631
"577",1.37482308540125,-3.815294727,3.57729346143566,5.74811440294575,1049.372555,241.9033539,2737.70771,3.49868693369655,"0",604,8.585591,10.675997
"578",0.430781124390849,-0.041124998,-2.99573227355399,2.66138858915732,612.6725731,8.869622916,1673.991798,3.62836619672125,"1",605,8.312171,13.04297
"579",0.451779510424269,-0.842625001,2.61631176149942,5.15318907826051,590.5670586,4.316785574,2026.354881,3.63955793896507,"1",606,8.224928,13.171088
"580",-2.99573227355399,1.002599986,-2.99573227355399,2.88715667226507,638.9025065,20.17234446,1207.654167,3.59804257630874,"1",607,7.595273,12.98891
"581",-2.99573227355399,1.125199982,-2.99573227355399,2.70878435021546,639.9940999,20.86269722,1131.818302,3.60179533166024,"1",608,7.596339,12.986719
"582",0.0521511127061896,-0.00711111,0.563576176945986,6.04814251252329,623.8769531,1.140672604,1970.805366,3.62042209528591,"1",609,7.223943,13.100828
"583",0.599991685803646,-0.631200002,2.41977535210423,5.85976631692828,658.281661,49.31590678,2045.869515,3.62455423475926,"1",610,7.891334,12.857335
"584",1.02386596670993,-0.5943125,3.55880191976236,6.75279046003354,799.6071815,85.81138515,2181.164276,3.59243730632553,"1",611,7.325024,12.262106
"585",-0.215380184381709,-0.595133325,1.94698100634007,6.45830603690011,940.4317057,165.1296499,2592.786084,3.50923424440594,"1",612,7.338532,11.527619
"586",0.243758903162263,0.100250002,-1.83160539026306,6.48937955832637,941.2230225,164.8028641,2030.626175,3.51549276147419,"1",613,7.312883,11.521983
"587",-0.198944500749441,-2.17889584,3.87301955988655,6.31665777778523,643.5749003,12.07039775,2253.029533,3.630908205425,"0",614,8.752206,12.784809
"588",-0.271222027980781,-1.518697913,3.34847763423369,5.79412550402341,622.5424468,5.20056562,2165.500846,3.63321254889239,"0",615,8.594604,12.940976
"589",0.598269736661931,-0.798244687,3.40802684337497,5.32656110106889,648.0421285,27.24320917,1987.420479,3.62741702308961,"0",616,8.256053,12.860663
"590",0.267543431704404,-0.196223404,2.11817625021354,5.76408887455129,661.0893918,40.89902135,1889.311803,3.61199259793604,"0",617,8.127723,12.809935
"591",0.315643978002138,-0.611842107,1.67256095994888,3.54755579073712,612.7035086,8.425181755,1832.519101,3.62792748108331,"0",618,8.319235,13.040923
"592",0.215691724893721,-0.719505266,2.02693560114985,3.79950590349824,614.1180921,11.77109599,1833.377264,3.62557521413788,"0",619,8.278751,13.039859
"593",-0.264760405922896,-0.742905265,3.57866066139423,6.08288148123884,582.2899902,8.389040816,1987.92244,3.63142310548406,"0",620,7.963383,13.239833
"594",0.243540235848932,-0.589020834,2.82491461050622,5.74803636196986,632.888656,33.9732766,1954.391665,3.60817201801574,"0",621,8.032596,12.969828
"595",-0.38266620941385,-0.935421055,2.64472731553578,4.90848927972214,619.2327354,15.60871348,2064.688402,3.62007069219564,"0",622,7.669692,13.078683
"596",0.417713459195341,0.030115789,3.56219300389966,6.00294749943129,709.9648682,44.92693658,1963.408098,3.60926642996738,"0",623,7.38748,12.689135
"597",-2.57107409644158,0.310831578,0.637690101746095,4.00888700470224,643.9705142,25.16429837,1784.23082,3.5987935032806,"0",624,7.636282,12.961927
"598",0.20320822375774,0.148468083,2.96759407662472,5.54841274586838,689.7178111,41.30960428,1866.314078,3.60531857176941,"0",625,7.549493,12.756096
"599",0.373727972393404,-0.198263157,2.89082487078057,5.46855309471903,629.2310952,29.98529649,1949.543648,3.63143988766606,"0",626,7.814229,13.014804
"600",0.568623007721048,-0.653200004,2.5449325363198,5.79611660526442,656.417095,47.2924944,2018.886919,3.62495263091769,"0",627,7.874867,12.869157
"601",0.482682030701371,-0.686831579,3.4896017941771,6.17806643291789,682.7586034,58.86209014,2116.540752,3.60990456316281,"0",628,7.981018,12.72187
"602",0.694049506841114,-1.032642105,3.54178278663803,6.49232285036248,729.4173333,74.91700038,2180.53997,3.60015745520819,"0",629,8.035051,12.48472
"603",0.684759254561397,-3.349852625,3.10662025061152,6.1140289918099,696.2919177,66.15576437,2268.118069,3.60391189147577,"0",630,7.877001,12.672857
"604",0.436914182852586,-0.008652632,3.48681963743618,5.63799862446263,694.1782708,45.89912993,1965.637045,3.59712184081592,"0",631,7.589587,12.728598
"605",0.962267612183211,-0.556410524,4.06870956376729,6.59326505777052,767.9993852,92.6855211,2059.163717,3.57548082532094,"0",634,7.801971,12.351279
"606",1.15225896499544,-0.526231582,3.85716658749075,6.68470361182145,794.3957263,93.29501407,2085.70046,3.59412904116091,"0",635,7.545483,12.263714
"607",1.20491323328397,-1.357468089,3.8764454300781,6.83419830573909,818.6584031,106.1141861,2203.642202,3.59185875613216,"0",636,7.523318,12.142913
"608",1.46623426727876,-3.579777768,2.88563059354012,6.76711079897018,877.5529453,136.8011624,2322.553826,3.54561833137926,"0",637,7.518208,11.842138
"609",1.11389963479333,-1.308610535,3.62365298332659,6.6597824590468,789.5239772,103.0108516,2145.129105,3.57720659161539,"0",638,7.796473,12.252311
"610",1.17912097790922,-2.48364584,2.4186652947625,6.65235236259818,889.2787196,148.2985334,2294.172058,3.55068237694829,"0",639,7.629875,11.770316
"611",1.60422126958235,-2.238410531,3.13739172538842,6.07036950894797,946.3432553,181.2271926,2481.134365,3.53183769777449,"0",640,7.655086,11.462703
"612",1.46033653191232,-3.509105273,3.42269705476249,6.49646967254045,908.4739868,158.2272739,2496.799083,3.5405564573902,"0",641,7.613407,11.670319
"613",1.77280348952463,-2.838776581,3.01966564775192,6.48335587347824,920.6706264,158.8743648,2556.908536,3.51930183291827,"0",642,7.464828,11.619163
"614",1.71424746706077,-2.088659576,3.70103598244355,6.83221597050899,890.2753237,134.7944316,2325.160813,3.55754012715697,"0",643,7.280434,11.800265
"615",1.14729049291947,-8.261157892,2.87591839331552,6.65362764470245,963.8400911,177.0363601,2666.698273,3.50876374993724,"0",644,7.081756,11.390044
"616",1.21549993869751,-3.090287241,2.23449417184186,6.41470035745861,956.9389493,173.6116284,2731.771962,3.50401637027449,"0",645,7.29537,11.440383
"617",1.80449585634378,-7.32868422,3.32027270561327,6.25535326112696,956.8189203,177.2115591,2524.011315,3.50602508880273,"0",646,7.401504,11.43125
"618",1.15344354388484,-0.531857142,-2.71701887973362,6.59393028722678,683.6736276,53.30365208,1953.326721,3.56331623368961,"1",647,4.514489,12.751561
"619",1.65450318379601,-1.520687513,2.00768957287319,7.10861446558781,743.2497864,47.54524279,2490.762756,3.63154819495474,"1",648,4.196557,12.408218
"620",1.28074550633848,-0.532714278,2.45438606670851,6.96671617498575,727.9803423,50.64512907,1985.650504,3.62251068068601,"1",649,4.314536,12.49894
"621",1.42272109059877,-0.293466668,1.37540192231235,7.09766915189774,766.1357951,77.35834707,1955.301823,3.59782359887383,"1",650,4.388592,12.214889
"622",1.28826633112947,-0.283866664,1.81033584792982,7.63833759006803,812.0400187,1.911148493,2148.388021,3.59148712160837,"1",651,3.652297,11.847139
"623",0.716639398818897,-0.429562501,-0.325903283886697,6.8389046407367,929.8131714,100.5911989,2220.877731,3.41366099283292,"1",652,4.751682,10.829144
"624",-0.0122449888081515,-0.095936171,4.1404991221089,7.00863825279398,665.3584251,5.574629673,1683.211054,3.63485005104521,"0",653,4.115222,12.932001
"625",0.0504212703350707,-0.47225,3.46549986807072,6.86998652648762,686.7908357,27.81056704,1847.540934,3.65130192862804,"0",654,4.26869,12.790501
"626",0.568614130289179,-1.029922222,4.42526404472793,6.31400489534769,637.7874864,54.95489477,2115.752245,3.6203566606944,"0",655,4.617114,12.999745
"627",0.574041703112749,-1.463378952,2.86177973683217,6.57653466915758,674.2628232,48.88228418,2156.475767,3.63142868554251,"0",656,4.505393,12.808878
"628",0.902946473980713,-0.239914893,4.15381499303982,6.60577600488873,700.0956765,67.40940013,1956.203805,3.63962772352661,"0",657,4.589012,12.621174
"629",0.728070839489329,-0.679206523,3.91146578240823,7.00308390679811,718.3718361,36.72186992,2083.889789,3.64709455734999,"0",658,4.226909,12.583736
"630",1.26163099420703,-0.915157899,3.20600385902899,7.05477550400314,743.3783775,53.51554112,2163.15837,3.64055677570601,"0",659,4.268244,12.403089
"631",1.70081658781116,-3.901157886,3.28286320603103,7.05646709669139,770.3562095,94.60808435,2165.874848,3.62559205160096,"0",660,4.545873,12.152234
"632",1.88149278629206,-2.255855536,3.7977369695593,7.25488536838107,798.231071,83.95339491,1948.263535,3.62584498265969,"0",661,4.43313,11.9586
"633",1.54282320829273,-1.754263159,3.78368113260793,7.26924888878018,795.2890355,74.02465138,1967.786146,3.63330548807923,"0",662,4.34352,11.990138
"634",1.35876309138944,-2.891709687,3.30497952938111,7.31752878194722,783.7678984,51.17819899,2228.564201,3.60812403800323,"0",663,4.129636,12.09207
"635",1.11079576874088,-0.826736846,3.87516244779539,7.24866139569877,749.8340525,39.81841411,2058.549581,3.5922583945821,"0",664,4.025859,12.355588
"636",1.21362240451863,-0.907947369,3.83115825133368,7.18816188101722,741.4120246,38.7464745,2005.941158,3.58965206123867,"0",665,4.081783,12.418924
"637",0.836520718049604,-1.23918948,3.5285716961148,7.3228265808473,756.0956736,32.06411004,2040.169576,3.63754734844692,"0",666,3.950177,12.304483
"638",1.2701928862224,-1.315789468,4.31313479344035,7.39684705853242,801.3262894,49.15022057,2316.387323,3.56770443270407,"0",667,4.117478,11.944721
"639",1.48921529236007,-3.509105257,3.80477181579438,7.59410940439932,835.0247771,31.64788491,2394.809112,3.60736674850182,"0",668,3.951532,11.663772
"640",1.75852536148625,-4.602293486,2.99626202920868,7.47946638559619,855.60357,71.69199197,2310.700564,3.62559227984852,"0",669,4.282599,11.482061
"641",1.58150152182476,-1.40568421,4.24339579278831,7.59592729641693,849.7032015,48.60298615,2300.651426,3.63352248311282,"0",670,4.060282,11.536851
"642",0.88826196435229,-0.482936167,4.31036350393909,7.60094995691406,854.5056295,47.51351089,2227.4387,3.49312330921823,"0",671,4.021475,11.497061
"643",1.91262028720507,-3.029397846,3.16616103010123,7.42349224195286,849.70053,90.06977016,2234.527625,3.63755215467454,"0",672,4.470918,11.540411
"644",1.71938685677401,-1.215347366,3.65703228153157,7.46923096423575,845.666484,80.86616315,2223.700658,3.63622229482217,"0",673,4.394211,11.573084
"645",1.06202626875375,-1.732152179,2.44636776227212,6.810687647554,937.2702086,97.17440937,2378.755123,3.42515447341688,"0",674,4.733991,10.756263
"646",1.49662914439469,-4.69409782,3.04768126147754,6.64726481707958,932.8117563,133.6390177,2847.979811,3.57522982851111,"0",675,5.040803,10.948027
"647",1.21483367981442,-0.421586947,3.66762944729419,6.85675565567954,988.1941694,93.54040809,1588.420983,3.34540886696412,"0",676,4.6255,10.227248
"648",1.74595234823291,-7.468136828,3.64093234893289,7.19086550620795,887.9378495,92.43527013,2437.474934,3.61354884923395,"0",677,4.58019,11.214298
"649",1.40465531858188,-2.804804354,3.23091716328802,7.22845036620257,858.4681012,143.2900906,2400.996455,3.60519647286464,"0",678,4.975758,11.548767
"650",2.04897604164956,-5.723340423,3.42662489520357,6.96818092006204,878.8038694,178.7062818,2189.422857,3.57143669596284,"0",679,5.316169,11.478541
"651",1.23533281642431,-5.977872336,4.49574556781983,6.59858896670004,918.4658093,215.7185979,2710.118374,3.5031840741738,"0",680,5.745688,11.216418
"652",1.43001783244233,-11.35341053,3.90047234141268,6.70281098471353,924.9605385,178.719178,2625.999293,3.57271808674871,"0",681,5.418213,11.131499
"653",-0.211040177299043,-0.662933338,2.94057185779764,5.82904406952836,562.3275269,42.12382228,1970.816911,3.64930657521758,"1",682,5.227025,13.368062
"654",0.564402321612478,-0.220687498,-0.214392892750462,5.7722828105563,577.595089,52.26989245,1804.912605,3.56896911234555,"1",683,5.420234,13.29378
"655",-2.99573227355399,-0.005071428,-2.32060358540581,3.66049519784064,618.150177,77.47521428,1677.127572,3.63743577473492,"1",684,5.27118,13.04566
"656",-2.99573227355399,0.846,-2.99573227355399,2.94963292985282,615.0471473,75.15483621,1507.172739,3.61216443514187,"1",685,5.229086,13.062177
"658",-2.99573227355399,0.876937499,-2.99573227355399,2.87039905643819,615.0677719,75.27081537,1343.523155,3.6227061644034,"1",687,5.245103,13.061831
"659",-0.260659860689176,0.148142858,-2.99573227355399,3.94179634057819,620.5811637,78.402268,1973.429269,3.63189323441831,"1",688,5.206082,13.034498
"660",1.15851120188842,-0.945714279,2.77743188516953,5.43635638249402,656.6394479,100.68747,2170.760446,3.63577989652,"1",689,5.155757,12.834957
"661",-0.155335703690768,-0.349021278,4.11446003257125,5.52754588007143,612.1983182,70.70773965,1808.5166,3.63827458113104,"0",691,4.902556,13.108637
"662",-0.52688709133544,-0.146189472,3.53738314640529,5.60028389562915,575.8592523,49.5500728,1762.687796,3.63644976163902,"0",693,5.163425,13.292615
"663",-0.187402002430448,-0.612520834,2.98033438316527,6.36151364543093,527.631656,18.86614628,1898.768327,3.66191493720226,"0",694,5.291631,13.57983
"664",0.19750491976898,-0.349431575,3.37658557670676,6.26106152521282,543.5757755,33.49542634,1675.795153,3.64377196418044,"0",695,5.444205,13.496321
"665",-0.355897547618141,-0.272978946,3.57850639049075,6.53411115793035,517.0195136,18.82582985,1699.207162,3.64557078496281,"0",696,5.419407,13.651978
"666",-0.200037502748753,0.172402064,4.56682445144136,6.64969023555565,527.1309286,21.03952424,1496.410974,3.62590117303524,"0",697,5.682615,13.612347
"667",-0.318442908927095,-0.630680846,3.33774101682663,6.74449320836457,499.9135051,11.85688361,1708.291155,3.65974636102289,"0",698,5.5375,13.766445
"668",0.196094661461645,0.132968427,4.27416115908309,6.87320409541031,546.8932662,18.11603927,1061.50664,3.44026282827503,"0",699,5.990493,13.539368
"669",-0.559051069169085,-0.875968423,3.45159444043385,7.07713750419093,576.9502775,27.3254941,1940.416675,3.63566185417433,"0",700,6.276642,13.390318
"670",-0.786630222397938,-1.029393621,3.02826897579628,7.12607580779931,593.1403607,29.40158337,2098.587953,3.63751334549655,"0",701,6.368814,13.28261
"671",0.0151902793030139,-0.042526314,4.40065467363668,6.3554605143627,549.7374075,40.31721717,1552.315491,3.62411071181084,"0",702,5.569023,13.471167
"672",0.301426351874693,-0.839576088,2.24039164689733,5.96132059791385,574.7615993,52.34102908,1945.457145,3.4900307753264,"0",703,5.48404,13.31569
"673",0.203184131950796,-0.218020832,3.09836054252296,5.78533612581797,592.5728601,63.87183475,1702.177171,3.62728651634965,"0",704,5.499239,13.213139
"674",0.247388253266123,-1.058122219,3.43642151784834,5.56244181214127,611.6923387,74.95088543,2045.194674,3.60448882813619,"0",705,5.476055,13.100004
"675",0.0757766678206437,-3.092663161,2.28122704750993,4.81207385739782,603.7341077,67.96271953,1921.67076,3.62971033244931,"0",706,5.319083,13.131172
"676",-0.0459723578172918,-1.628755324,2.46525561425121,4.76947719836243,596.7059716,63.7258319,1915.518982,3.6346085877344,"0",707,5.246636,13.16555
"677",0.228785392555334,-0.526473681,4.12573059616211,6.09034457808638,646.736801,69.54917305,1978.437296,3.64359576084607,"0",708,4.741043,12.918974
"678",0.955389249869604,-0.573378943,3.15360159551036,6.02239102821337,685.5789795,107.5112971,1625.964979,3.61952367607008,"0",709,5.028985,12.671956
"679",0.260405441841886,-2.580088902,2.06958409252553,4.60802882418576,634.414388,87.05420125,2085.090902,3.63408882248158,"0",710,5.166885,12.958074
"680",0.536265693720981,-0.497247313,4.34230660555313,6.12534163394213,689.5288335,121.2948677,2056.236563,3.61282251260654,"0",711,5.271926,12.648821
"681",0.411488481782342,-1.163474231,2.75935724479524,4.9864285882674,633.6513653,87.43209744,1997.058156,3.64554673196784,"0",712,5.329676,12.962461
"682",-0.714540808987479,-0.7099,4.03715183579348,6.46586259548504,706.3659356,134.1752626,2109.78741,3.62017224458958,"0",714,5.549576,12.567278
"683",0.87634129573076,-0.569813185,3.27334840472748,6.21290550022412,697.6814609,107.2395215,2015.152845,3.62632576030274,"0",715,4.993256,12.60051
"684",1.29792715258775,-2.358977779,2.89952724874527,6.96928577178529,762.8840285,102.7180668,2057.545181,3.60529249392872,"0",716,4.675523,12.183322
"685",1.09385291144562,-0.576287236,3.65487357725519,6.75888974180119,734.27474,94.00584298,1938.228309,3.62990270560505,"0",717,4.712614,12.366894
"686",1.32399779186234,-1.877431584,2.39016209415483,6.95177819883046,762.3026014,107.2333633,2082.113563,3.5979177027508,"0",718,4.725109,12.179164
"687",-0.947380385470938,-0.870799997,3.09433248299781,6.6484852551906,795.6691325,167.0081645,2185.355306,3.62017220817141,"1",719,5.735559,12.043905
"688",-1.55754035265166,-0.169062498,0.845063238907935,6.94305866596075,722.3179474,103.3886609,2018.287231,3.60926118914352,"1",720,6.047794,12.562314
"689",-2.03661716797954,-0.357466666,3.03579397528492,6.83062679129162,695.9020345,27.78150838,2076.929036,3.62920020145148,"1",721,6.775909,12.79115
"690",-1.91620629519834,-0.292071428,0.681923712411315,7.05313788189569,730.5552804,56.6751145,1953.902797,3.61998859715547,"1",722,6.58267,12.605983
"691",-1.08022095678097,-5.809800053,2.72545343319635,6.70115923510915,850.2192749,107.1414164,2248.227604,3.58333366823909,"1",723,6.889441,12.023178
"692",-0.806349200609331,-0.6172,0.189241999362666,6.64595380560803,813.4612264,92.78371836,2168.747217,3.5892063566105,"1",724,6.659053,12.199656
"693",-0.672310472423425,-0.109187503,0.030771677090996,6.59818612539696,823.3765793,97.58939171,1891.778709,3.55734602280621,"1",725,6.671025,12.149544
"694",0.729161474988724,-3.098044452,3.51462114221127,6.74714025684314,755.5464918,133.7619976,2426.255096,3.61590240668524,"0",726,5.083243,12.266604
"695",-0.322179264934508,-6.119148934,4.53970782640316,6.80767886992136,763.9865762,155.0715387,2367.580008,3.61786895295545,"0",727,5.2925,12.23973
"696",-1.53575604747973,-12.31120003,4.47556940830839,6.5091443263409,819.8440141,178.7422029,2684.95873,3.59663711683978,"0",728,5.734029,11.878743
"697",-1.40346636769481,-19.01511707,4.33810045645371,6.82909889703155,841.1142786,193.087707,2711.73051,3.58416288829812,"0",729,5.452934,11.740795
"698",-1.34559935066177,-0.665891307,3.95746907882983,6.76498476758345,772.2404029,149.177837,2146.536609,3.61417344143886,"0",730,5.790886,12.217602
"699",-1.12183309382362,-2.133095741,4.08376575190208,6.62507354305075,789.3349376,153.12455,2171.587159,3.6087649022555,"0",731,5.829463,12.116799
"700",-1.72208930875308,-8.302989364,4.89786758986328,6.77942583046913,723.488602,129.4582084,2576.216472,3.60584467198004,"0",732,5.806119,12.494279
"701",-0.00253522597127694,-1.32008422,3.71441574022389,6.56329187716159,674.3146883,102.1879758,2196.646822,3.60530901294503,"0",733,5.826144,12.770098
"702",-1.1365228847996,-1.360260424,4.02912525562491,6.58588318718291,784.5476913,123.7152545,2222.611684,3.60320805713178,"0",734,6.085593,12.234851
"703",-1.0125039507956,-1.938200005,4.06843053653536,6.52261223324039,792.4622886,132.7282668,2252.872178,3.60478818201049,"0",735,6.034922,12.169982
"704",-1.67481125660614,0.045145833,3.0740607718868,6.92447875486725,736.566803,94.31460341,1011.094041,3.54156300091819,"0",736,6.192993,12.521779
"705",-1.97457851054692,-0.346315216,3.90000542875397,7.15521558689585,689.0828592,54.53650475,2016.322945,3.61252058281715,"0",737,6.433562,12.800948
"706",-1.94646218039658,-1.424421057,4.53873653785788,6.97640312215366,696.8370124,82.21553184,2289.686998,3.61189609757882,"0",738,6.168603,12.72734
"707",-2.2867168914888,-1.279749996,2.89538633607875,7.14037711470362,631.7899163,39.42373126,2150.293493,3.62065293158517,"0",739,6.417623,13.082262
"708",-2.25669142438259,-0.864223404,3.1833037710943,6.91761599096817,705.1299289,35.8766471,2071.506005,3.62795989608934,"0",740,6.708628,12.744828
"709",-2.38651244865184,-0.359701033,3.48900919979661,6.95335490163988,702.3326705,37.9511937,2048.120691,3.62418693471924,"0",741,6.670948,12.756459
"710",-1.38402675009424,-1.396389477,3.48743946176324,6.84723855694431,785.5412572,75.28358781,2204.725078,3.60196756535701,"0",744,6.705823,12.34741
"711",-1.64628380650378,-0.777968079,2.82062664223497,7.0129553773738,741.0431869,57.81862782,2208.245474,3.62440900959243,"0",745,6.628198,12.558773
"712",-1.61223699621659,-0.515221052,2.43616089538244,6.98572912742612,742.742706,62.46724279,2171.151421,3.62666803570455,"0",746,6.577166,12.543641
"713",1.24257393326886,-1.110085103,4.19701595969043,6.99276318210763,857.900612,114.5329771,2137.421958,3.58061277743577,"0",747,7.210232,11.972263
"714",-0.698576406169046,-1.520652625,3.67558422924736,6.62192642905221,886.2893214,127.6161115,2188.664158,3.55396359727524,"0",748,6.927883,11.8393
"715",-0.840220012883117,-1.878847833,3.93306899824848,6.83596233416053,869.5881613,118.9878285,2159.991577,3.57950719131535,"0",749,7.075451,11.91821
"716",-0.95463553674712,-2.225663152,3.35396324405523,6.60608561537161,841.846654,103.8123187,2285.195927,3.57897641067011,"0",750,6.767297,12.070021
"717",-1.29317266520955,-0.402666665,3.0768577259248,6.7063562276221,792.1420044,87.06807014,2090.610768,3.59498379647625,"0",751,6.556854,12.291988
"718",-1.2915321823498,-0.458144331,2.82349372653374,6.7024754182298,795.2902838,87.58503456,2112.220337,3.59371869914516,"0",753,6.578415,12.279284
"719",0.920574381532335,-0.979466676,2.54153637320135,6.19215225408453,2119.042301,102.545755,3688.350586,3.31834710907517,"1",755,7.854992,5.569094
"720",1.12808273878666,-0.301333336,1.0116008898603,6.33967124555325,2101.276953,110.5774058,3060.310205,3.3515401324331,"1",756,7.817325,5.628335
"721",0.714751765218089,0.772749996,-2.99573227355399,2.78829355326068,2211.694504,46.12387681,1770.778225,1.9048091205194,"1",757,7.384263,5.111959
"722",0.575998693972211,1.11857142,-1.24343165543181,2.87572631785304,2214.659964,43.82747868,1696.996595,0.766463780446935,"1",758,7.377549,5.089573
"724",-0.465338132819479,1.733866664,-2.99573227355399,2.97970835354248,2213.867399,43.64349289,1401.582117,1.35686571803977,"1",760,7.364172,5.095991
"725",-2.99573227355399,1.698214273,-2.99573227355399,3.58186030674227,2214.308088,42.14836965,1758.761169,1.76387451972306,"1",761,7.349264,5.094027
"726",0.28343607093199,1.295867,-2.27789248040367,2.97971502964535,2214.681966,43.50988261,1621.399084,1.34321289273291,"1",762,7.3717,5.090578
"727",0.900911332864403,0.353355556,2.80124535490599,5.73401388850791,1998.221574,130.1114785,3202.741018,3.33432125400572,"0",763,7.307703,5.968749
"730",0.714709656453004,-0.371521736,2.76105850971179,6.32331877749051,2074.464618,110.0357143,3571.065472,3.29764678193271,"0",766,7.466684,5.729412
"731",1.0099965552048,-0.491315219,2.89145058963676,6.584996420123,2068.860503,119.8845315,3475.1963,3.32581763853506,"0",767,7.638122,5.742832
"732",0.954890471494043,-1.118815212,2.94252783250957,6.5266703586648,2081.683758,113.7953569,3607.467914,3.30904233282651,"0",768,7.608638,5.695145
"733",1.01054589352431,-0.660462368,2.18201086367837,6.37228737764228,2096.748842,111.1810587,3322.636918,3.33886427711573,"0",769,7.821169,5.647862
"734",1.02627393156525,-0.405053188,2.89727752311578,6.21925873681959,2116.943071,105.3332213,3706.825458,3.30407701328799,"0",770,7.803437,5.561904
"735",1.12870186361713,-0.729795454,3.13384389184971,6.40518628292661,2106.755421,107.9753149,3912.039512,3.27972289271815,"0",771,7.674122,5.591564
"736",1.04188384919946,-0.422211114,2.92203340639771,6.41504437726546,2100.007992,112.4217091,3852.17746,3.29045619501135,"0",772,7.709045,5.617689
"737",0.929126902208849,-0.490989248,2.99539619358544,5.96533355524595,2140.228298,93.82041677,3739.601843,3.28259143800984,"0",773,7.879037,5.490026
"738",1.14145560470091,-0.234879121,-0.165594115391694,6.14205795075265,2128.569323,89.04416925,3049.92343,3.28685887679229,"0",774,7.486472,5.508675
"739",1.075195469582,-0.215170213,1.90699789588907,6.23448691595308,2105.645661,97.35838837,3644.061949,3.29983202361246,"0",775,7.469134,5.602211
"740",0.962567194961625,-0.28328261,0.617386506754601,6.05725184429383,2132.894749,84.6997315,3438.629132,3.30220143612741,"0",776,7.43608,5.492099
"741",1.36852324763147,-0.200369565,0.672625545859882,5.97491866839438,2134.637719,81.85139026,3453.334022,3.29383000360241,"0",777,7.391013,5.486038
"742",2.40862109855719,-0.318851063,2.74419745370293,5.9815403661754,2163.559064,84.4885999,3528.150341,3.29065397019622,"0",778,7.623079,5.364358
"744",0.959487695409513,0.104096776,1.52271974031027,5.63648279070358,2166.298146,70.51629114,3342.625662,3.30332767305686,"0",780,7.412369,5.35623
"745",1.04285833681542,0.103411113,2.19549468293132,5.57088574839789,2173.348006,70.4319369,3274.188799,3.29829472780063,"0",781,7.450141,5.326842
"746",1.32679836213778,-0.032086956,2.23648012524601,5.71637493741532,2160.088557,67.98399432,3420.089082,3.29503133720866,"0",782,7.323651,5.381884
"747",1.05976430804143,0.026404256,2.25281639213872,5.17241257787616,2194.24024,62.7363741,3190.794922,3.27053931042654,"0",783,7.461118,5.23239
"748",2.54706252060485,0.09525,2.33946454831011,5.26584393651757,2201.507064,61.77752677,3073.074381,3.28971507788986,"0",784,7.523697,5.184554
"749",0.50406376342988,0.608202127,-1.22186236929332,4.07385197377746,2209.416164,44.15826607,2341.254938,3.00799852356525,"0",785,7.338171,5.126948
"750",1.2767893910074,-0.257000001,1.63288428654789,4.73069662441289,2208.061108,41.16612978,3277.772414,3.28377867962822,"0",786,7.278566,5.135709
"751",0.464480806497254,0.658777778,-0.000555700372855816,3.8789659113047,2215.604734,41.28659469,2280.425953,2.81216329585399,"0",787,7.350277,5.084832
"752",0.973095924761149,0.015560438,1.80203162040372,4.15363150621695,2220.072067,39.99011499,2866.342504,3.09849214942777,"0",788,7.374326,5.053529
"753",1.09040252089246,-0.271063828,2.91922166275888,5.1170407566069,2234.372961,29.41830434,3311.356025,3.27471708789018,"0",789,7.355674,4.95283
"754",1.35551974126907,0.093434782,1.6798355915699,5.13117147148861,2234.39075,20.51212721,3177.798741,3.28461468443627,"0",790,7.204808,4.958309
"755",0.999169345148094,0.32473333,3.60809862000877,5.00320675066266,1890.841691,139.6151286,3011.557471,3.22758453850095,"1",791,6.746115,6.335907
"756",1.89078954602243,0.884066676,3.7170011387596,5.50530074602746,1853.65542,149.3485026,2697.894548,3.32398022865218,"1",792,6.798324,6.417982
"757",1.78519068157101,0.084666667,3.22363116270564,6.18730080729217,1775.265023,173.5351685,2919.495947,3.36931678613339,"1",793,6.938548,6.592622
"758",1.86378922524295,-0.308733328,2.96243398246625,6.13724510535421,1799.829215,175.7713135,2798.845736,3.3936131519626,"1",794,7.008825,6.525898
"759",1.4859181577509,0.12325,2.09868871081612,5.43164635087688,1882.727951,153.1558704,3031.21637,3.36124305297212,"1",795,6.888849,6.338343
"760",2.01539307724486,0.076428569,0.395294527315092,5.27389166718316,1919.62364,153.6727382,2750.582799,3.42918305916568,"1",796,6.940459,6.243293
"761",1.52947047639425,-0.008071428,0.434792721168002,5.04533753417985,1931.001587,149.197634,2906.111154,3.31558753080306,"1",797,6.907673,6.214511
"762",1.47126172841929,0.21278571,0.347255711826657,4.67068346283442,1946.676287,148.3554088,2934.906703,3.34104272993414,"1",798,6.982165,6.160085
"763",1.94940623177289,0.358687504,-1.86131052575701,4.98017368317223,1917.46463,156.2148714,2568.13681,3.43965650391716,"1",799,7.078579,6.232227
"764",1.42707676981664,0.076799999,2.36938667616145,3.78508717282786,1959.361629,142.4654521,3176.091943,3.28586130101797,"1",800,7.101827,6.106518
"765",1.45728148835631,0.094937497,2.96865008535056,5.3468395038491,1959.251602,141.9387064,3281.109283,3.33874546782241,"1",801,7.247617,6.087453
"766",1.15429086427256,0.191399999,0.731566296558517,4.01146731556376,1959.071704,143.7316203,3050.323519,3.3342500010174,"1",802,7.015229,6.120247
"767",0.899333420313231,0.148571425,-2.99573227355399,4.39498447593034,1980.60975,136.9292504,2977.571341,3.23660346478787,"1",803,7.005417,6.059799
"768",1.24721654520185,0.290799999,-0.0574525775724454,3.58020048179766,1955.860889,144.3760834,3076.026758,3.32671322670927,"1",804,7.039839,6.127019
"769",2.19695787399627,0.013357144,-0.0588404945683879,3.94896559408676,1974.889587,134.0399737,2637.863996,3.30934305468036,"1",805,6.809252,6.101932
"770",1.51357999132689,0.077428571,-2.99573227355399,4.65710182863803,1954.7131,143.6025903,2929.396275,3.37122880706205,"1",806,6.880694,6.151881
"771",1.40506647354934,0.000937499,-2.64375585039681,4.55441927637806,1970.578033,140.9273539,2905.122192,3.35946341760462,"1",807,6.883261,6.10439
"772",2.03599634955718,0.139785715,-2.99573227355399,4.01069710218691,1965.312561,138.2580294,2635.422154,3.35060540901031,"1",808,6.840007,6.12573
"773",0.538398813653345,1.432000005,-2.99573227355399,2.58547573334658,1961.322786,132.4850606,891.0914571,3.21743476423892,"1",809,6.776277,6.144726
"774",1.28991011075824,1.178799999,-1.84305276572087,3.23250656992807,1968.597778,133.1320018,1553.376591,3.27711962777138,"1",810,6.790345,6.121604
"775",1.1201343940038,0.918428583,-2.99573227355399,4.45944225615326,1977.085345,138.958434,2919.355573,3.26603186868519,"1",811,6.960391,6.073236
"776",1.17606603649078,0.675714287,-0.614203977427746,4.1811800857782,1980.926845,137.7865448,2861.725167,3.2747698192667,"1",812,6.93989,6.067855
"777",1.24898738537169,0.412428567,-2.99573227355399,3.39892412042732,1992.564741,134.0547703,2390.183498,3.28316425586084,"1",813,6.92465,6.035277
"778",1.38446624162725,0.291937497,-2.99573227355399,3.93582478095073,1992.928238,133.9745417,2873.803024,3.29314787650301,"1",814,6.871689,6.041593
"779",1.58067976598415,-0.149733334,-0.198450942382375,4.67268215080719,2031.547909,121.8972972,2959.530908,3.32934324888271,"1",815,6.8355,5.93651
"780",1.52432887365121,-0.296571431,1.49290410426804,4.21472966792634,2044.15087,117.6770058,3031.087245,3.27173919881551,"1",816,6.889438,5.892675
"781",1.25709562980538,-0.429437501,-1.75645264960405,4.52878179349743,2004.0494,129.5579739,2874.85466,3.31354933003824,"1",817,6.99588,5.989642
"782",1.36490814097217,-0.116499999,1.21870745078033,3.17135016591496,2020.757561,125.0957551,3128.935257,3.31241159570328,"1",818,6.913803,5.954988
"783",1.21283325375128,0.098437501,0.0598890544118738,4.79674663550453,2001.904312,128.9936061,3154.641586,3.30693253337508,"1",819,7.067103,5.98803
"784",0.595600991699573,-0.23153333,-2.7333680090865,4.58054127327634,1992.452075,132.5012512,2921.699626,3.27860275522137,"1",820,7.038411,6.020044
"785",1.14112636760574,-0.05125,1.24153950901491,5.38500795142271,2020.254539,122.1023369,3410.852676,3.31867596243644,"1",821,7.149825,5.92119
"786",1.25018266007531,0.17992857,-0.0512932891243926,5.06343444960561,2007.059692,126.7004634,3160.401873,3.33719199909207,"1",822,7.11617,5.96403
"787",1.39634471246589,0.420247314,2.05125914673252,5.65738685407757,1843.344089,143.575205,2413.437459,3.2174382240151,"0",823,6.695452,6.455904
"788",1.7792588048138,0.223260869,2.00627898300116,5.23546599364181,1904.360133,159.6581245,2987.05356,3.39684001846205,"0",824,7.050537,6.26984
"789",1.55795439048075,0.21361111,0.468787607691124,4.71678259755382,1934.72163,151.6421783,2992.079942,3.35733835467675,"0",825,7.016205,6.190161
"790",1.55067669332896,0.121869567,2.38876278831767,4.69252917138825,1965.189234,140.1365146,3310.59793,3.28089493182048,"0",826,7.155548,6.082771
"791",1.02295766907162,0.1116383,2.19644117066444,5.1087717846039,2019.260489,122.9740966,2600.510038,3.19770877966511,"0",827,6.737912,5.986103
"792",1.36407285719902,0.387215055,-0.218450280708547,4.13901633267638,1980.727886,137.8197038,2833.052965,3.31200178645827,"0",828,6.914504,6.071174
"793",0.984943719473788,0.050031916,-1.54756251551601,4.47940636488975,1989.087802,133.5146103,2949.816567,3.27944640550679,"0",829,7.045621,6.028065
"794",1.71130602193477,-0.092133332,2.72107612156952,5.68161700666929,1899.710498,118.8790705,3390.252311,3.3319186939765,"1",830,7.84793,6.253003
"795",2.48883461356101,-1.485733333,2.83443808375627,5.70229580577812,1795.765194,123.2832596,2950.437956,3.40053038393529,"1",831,8.003362,6.564073
"796",1.64204018386398,-0.971875006,3.11576970215594,5.67638412435678,1933.880943,71.84228134,3028.200485,3.37335499850689,"1",832,8.387895,6.291257
"797",1.61145210897763,-0.08513333,2.82859485110015,4.28509782952706,1858.99235,87.72762705,2862.573698,3.39620712702744,"1",833,8.37825,6.490916
"798",3.62383270011459,-1.133187491,3.50916387590628,5.28516983478571,1793.367699,111.8785334,2909.2005,3.41555215743756,"1",834,8.211671,6.633045
"799",3.20758277615674,-2.077933327,3.85152962818626,5.4388251867741,1768.685042,116.3226064,2861.97972,3.41273055322118,"1",835,8.217252,6.700858
"800",1.69638062899999,-1.254428562,2.91220507630008,5.05703188229611,1926.961905,83.57895115,2935.104039,3.39028077305964,"1",836,8.239001,6.282982
"801",2.51059068214146,-0.261266665,2.97096987796634,5.50973510524173,1878.310075,118.6044332,2977.649154,3.40784192438082,"1",837,7.881783,6.318118
"802",2.3077559858544,-0.753066671,0.386961633827136,5.3063315991244,1943.97133,98.68781637,2874.402262,3.3980368748513,"1",838,8.013434,6.169925
"803",1.77196439293337,-0.447499997,2.36329374516218,5.38505656291655,1959.650521,92.79900469,2712.426113,3.45293100009284,"1",839,8.056814,6.133686
"804",1.88664326571969,-0.875333341,2.11715872281146,5.52990159094346,1953.439608,100.0720647,2923.050423,3.39665365455093,"1",840,7.986732,6.131785
"805",1.76014856167796,-1.069642858,2.16352825908148,5.74531320900104,1996.256112,81.83101273,3035.833984,3.40699000000688,"1",841,8.135945,6.042792
"806",1.91373958171121,-1.823800006,2.61739583721364,5.57264520278848,1973.248283,72.69910126,2995.984993,3.37334641717515,"1",842,8.274612,6.150758
"807",1.75368117242864,-0.324499998,2.505589706386,5.85135057131383,2004.136047,68.65309572,3216.403976,3.33122183822552,"1",843,8.262641,6.047588
"808",1.70382358501329,-0.979249971,3.27478345869775,5.7417866198856,1972.173561,98.78437424,2934.934402,3.38260898560876,"1",844,7.979536,6.075939
"809",1.72217942663989,-0.186999994,2.3671515253046,5.87257865227592,1938.092861,115.9907074,2831.196289,3.39952941204059,"1",845,7.839927,6.139513
"810",1.44432514160128,-0.988374997,2.35597775132421,6.07801925759133,1914.944229,128.957057,3363.476746,3.34779644952012,"1",846,7.736865,6.183899
"811",1.50900887856232,-0.0225,2.46316912493428,6.15638925049718,1943.461923,125.960453,2975.403669,3.36037516005854,"1",847,7.740779,6.101386
"812",1.74898278081562,-2.478071426,3.3841783754754,5.78486144122798,1987.257525,92.61525181,3206.390782,3.38400274081099,"1",848,8.026196,6.042084
"813",1.7818212646297,0.141875001,0.835284018029276,5.97938884618261,1953.956688,115.8041925,2960.860352,3.37048026222686,"1",849,7.833027,6.091556
"814",1.84179607055756,-0.029266666,1.88428801964356,6.15289873262117,1971.975659,118.1359594,2911.967643,3.40514492916719,"1",850,7.796617,6.029581
"815",1.64078939114242,-0.139266667,2.01412494138384,6.07228896831771,1975.103882,113.267484,3113.78361,3.39423977555759,"1",851,7.842454,6.032999
"816",1.80407966333306,0.251,2.3493323652133,6.21691510603253,1972.101432,121.34152,2987.255825,3.38501952531892,"1",852,7.766694,6.023303
"817",1.75058751868867,-0.186933329,1.72172438268076,6.26529919771667,2037.161458,97.4391805,2611.702751,3.37348350128518,"1",853,7.955312,5.87753
"818",1.64454948790229,-0.178874999,1.48938666580602,6.25957352368923,2024.549408,104.2786293,2955.954147,3.40153062879583,"1",854,7.895591,5.899132
"819",1.33404669962679,-0.927857154,2.57029220209064,6.50946863250608,2074.340262,109.8336585,3321.423288,3.31189755033903,"1",855,7.843652,5.741607
"820",1.69435781688568,-0.798933327,2.51816679022013,6.46515928068272,2050.570166,111.4071004,3527.228532,3.32743108548952,"1",856,7.835992,5.811532
"821",1.7309627351324,-0.983466665,2.97067083578097,6.40561108977665,2042.282031,109.6182012,3461.893066,3.34756209431721,"1",857,7.853524,5.838265
"822",1.64989628533203,-0.197785713,-0.356674953938732,6.33966135316224,1997.032113,137.0891844,3092.781546,3.38825663488229,"1",859,7.552265,5.956383
"823",1.52980708204414,-0.323355556,3.84381553728837,5.65301954731848,1740.896982,124.0273558,3147.794021,3.38393813301467,"0",860,8.192742,6.766768
"824",1.789202001527,0.072674158,3.50279943664704,4.18981553122036,1843.676456,93.85063951,2904.529075,3.38147604248201,"0",861,8.332703,6.524213
"825",2.16517969741509,-0.962623659,2.67067581092519,5.25255953109431,1921.394589,105.5083667,2678.576235,3.40304510656663,"0",862,7.971626,6.224563
"826",1.81934836921696,-0.845276591,2.0446339502344,5.56923976320209,1954.066009,100.8595493,2800.153681,3.40032460523692,"0",863,7.976706,6.128476
"827",1.68158253693871,-1.046521736,3.05493004920353,5.63063797242137,1978.736405,90.24722273,3098.795015,3.39309212396084,"0",864,8.061875,6.075751
"828",1.79856358447925,-0.755215052,2.27152987339332,5.70332443977424,1992.966054,78.49382741,3002.691438,3.39597228425195,"0",865,8.174757,6.062038
"829",1.4624220363531,1.126999996,1.90463630514507,6.15007618440946,1623.936584,197.1817431,3409.816982,3.29111671991772,"1",866,7.465244,6.95819
"830",1.27747083978466,1.44107141,2.61804734318285,5.99893616740566,1616.432914,207.7512458,3298.913801,3.34205378677122,"1",868,7.356245,6.9744
"831",0.812848086593313,0.416000002,-0.025317816189418,6.2559567666415,1638.926871,191.0608139,3155.675223,3.30761895161327,"1",869,7.501136,6.916613
"832",1.27247144794241,0.403562503,2.87924233948127,6.33477462818725,1664.839981,187.1483679,3295.415649,3.34502373383977,"1",870,7.487284,6.84262
"833",1.04087584274097,0.484999997,2.7672620663891,6.04127824490716,1668.561572,174.8566905,3461.744824,3.36314934207172,"1",871,7.621835,6.834398
"834",0.798869602521784,1.282642857,0.904073566098976,6.54934339214538,1740.140145,185.2141963,3048.758336,3.31387416951154,"1",872,7.384047,6.643284
"835",0.541780790248701,1.796214287,2.85498101228924,6.56726781244343,1733.925258,182.6661976,3476.643206,3.26220899986185,"1",873,7.419604,6.657099
"836",1.26455993640435,0.604000006,0.500234013571172,6.26325739914703,1653.133353,196.3156716,2943.990775,3.37807484538164,"1",874,7.409113,6.873696
"837",1.53358133429811,0.899999998,1.94852577831268,6.39734252997163,1673.189364,189.3598846,3414.227832,3.30961785089161,"1",875,7.444889,6.818423
"838",1.14558360831366,2.143437494,3.44191936670163,6.34311189828076,1678.822258,207.3928232,3046.095947,3.3431267762549,"1",876,7.153747,6.806779
"839",1.31849512054347,0.353428573,3.28258810901598,5.98803578210585,1827.698225,179.3299059,3116.794939,3.35530292308754,"1",877,7.180462,6.440647
"840",1.0395368008862,1.025571429,0.555525819405209,6.28717908159898,1828.846401,170.0193776,3217.417515,3.34684172513176,"1",878,7.42336,6.424984
"841",2.09376703777153,0.071066672,1.95066074053429,6.39610516174813,1801.590788,155.9860636,2883.249707,3.41947369702425,"1",879,7.59422,6.487179
"842",1.09687110034581,2.028928595,1.75954983579598,6.53490491895292,1781.13038,166.1864788,3407.691947,3.34225581400681,"1",880,7.515594,6.539643
"843",1.46484432050657,0.431066668,0.248161318450746,6.50017108344333,1796.901937,164.9045837,2553.154728,3.39830420312109,"1",881,7.510007,6.501384
"844",1.44785238435812,-0.008375,3.46407436383305,6.23879069629424,1922.15007,134.5981407,3100.452103,3.37954820864932,"1",882,7.678539,6.166772
"845",1.09237337673459,0.307928568,-0.70572595466554,6.44228677465383,1826.395735,159.728944,2293.468148,3.46725249750089,"1",883,7.523139,6.427672
"846",0.540602993382082,0.412571425,-2.99573227355399,6.42669744160604,1814.275853,164.7543411,2470.518624,3.41218435554328,"1",884,7.489581,6.45985
"847",0.503286698346327,0.587642867,-0.00357783883892348,6.37413269133539,1825.319388,165.0209045,2918.231402,3.38685689633093,"1",885,7.475873,6.430839
"848",-0.795799176460195,0.782062506,-2.99573227355399,6.38684576795805,1829.358757,162.8418713,2187.791718,3.44891548947971,"1",886,7.491156,6.421491
"849",1.27616469333566,0.39364285,2.37016030060359,6.41093500385557,1846.794556,155.5212653,3103.755807,3.3756354478132,"1",887,7.542992,6.374606
"850",1.17411999428533,0.813937506,2.85813011000154,6.33179071955473,1886.941933,152.1435738,3457.56633,3.34449459036343,"1",888,7.537492,6.275555
"851",1.40489091605998,-0.122666665,2.97314578851911,6.3032356009771,1948.107861,145.4528269,3397.24834,3.37124205923354,"1",889,7.553299,6.102746
"852",0.987891880713071,0.134666668,2.78320921214956,5.78190862321076,1930.374056,152.6185262,3147.029622,3.32704830117632,"1",890,7.346759,6.166146
"853",1.41258693430992,0.955234045,2.71011367068375,5.92173102435301,1592.496253,206.6517956,3397.505283,3.32011032481804,"0",891,7.42854,7.04619
"854",1.01395007096914,1.217197799,2.67892124932838,6.04188527784757,1624.579186,207.5008035,3179.17033,3.34290835091572,"0",892,7.341289,6.952333
"855",0.823343748081214,0.850361708,2.80645841522048,6.49694290308619,1704.792405,185.3470826,3493.188832,3.3112027555703,"0",893,7.429967,6.730414
"856",1.45421998867125,0.588935489,3.26368983555839,6.43787484438763,1704.634304,186.9301431,3038.126859,3.35984502881845,"0",894,6.964791,6.759878
"857",1.56939126766919,0.453265955,3.10688581861842,5.68967650190838,1868.501423,168.4832575,3035.486733,3.35916301258222,"0",895,7.171421,6.343829
"858",1.35879182347899,0.239968086,2.75319475221934,6.48484891829967,1740.201555,193.7476006,2824.550994,3.30877096979922,"0",896,7.296399,6.643402
"860",1.26679036126626,0.103723405,3.03467165050134,6.26830969450183,1850.280584,145.7497953,3442.951039,3.346479013312,"0",898,7.637371,6.36196
"861",1.60433121120282,-0.465811107,2.750035966818,6.46963996009977,2000.432738,130.8753758,3147.133336,3.37764052963484,"0",899,7.667037,5.943093
"862",1.13816001373178,0.244611112,2.89034089464212,6.1264520674388,1924.154423,155.3843184,3603.663859,3.31502600123116,"0",900,7.46695,6.176418
"863",1.08661078452994,0.445422221,2.97569254020039,6.10429884259054,1905.012703,160.0326226,3526.868224,3.34247693589707,"0",901,7.44351,6.232923
"864",0.874107785846044,-0.374733341,-1.15254064124776,5.26800455865566,2033.079989,118.4099421,3045.845345,3.30908215233037,"1",902,7.096658,5.889168
"865",1.30607490274354,0.0846875,2.00200772769423,5.77385871584177,2053.381607,110.1438217,3543.441635,3.28072330264436,"1",903,7.1871,5.81564
"866",1.41074402810381,0.095857142,1.71556598508468,5.98259438729996,2069.204014,105.9690775,3518.972412,3.28407485507162,"1",904,7.259803,5.75843
"867",1.31903184714694,0.0282,2.27624112679202,5.62773444000278,2043.998291,113.7787084,3533.363753,3.28241386106258,"1",905,7.159236,5.849259
"868",1.4934580481117,-0.165428568,-2.99573227355399,5.02245314802895,2065.980399,110.3217081,3012.136632,3.2614426355111,"1",906,6.964966,5.815705
"869",1.6195823711759,-0.526666669,-0.182321555993955,5.55895870840564,2101.015251,98.39645437,3002.70319,3.31796068396209,"1",907,6.892713,5.715674
"870",1.62931392311608,-0.078357144,0.044529392340174,5.67134303288704,2106.091553,97.08598873,3152.695365,3.23469302914131,"1",908,6.807574,5.713594
"871",1.50948803417593,0.198533332,-0.379553736067878,4.92811301655084,2118.594661,85.75090637,3137.488835,3.28845145830308,"1",909,7.060448,5.597935
"872",1.54780085392656,-0.016285713,0.544191311392174,5.19184035784375,2110.064505,90.27181516,3074.695068,3.29435409835863,"1",910,7.042588,5.639999
"873",1.55636777217996,-0.133923077,-0.28896494965363,5.32008452563247,2105.502197,92.80729969,2986.211069,3.31160924075696,"1",911,7.028945,5.662968
"874",1.46523985877091,-0.084499999,-1.09682818612595,5.60216377152992,2076.436646,104.3123796,3009.66054,3.28503800091446,"1",912,7.092386,5.764896
"875",1.40005450412646,-0.166687498,-2.07944154167984,5.6674416752608,2083.402374,101.3776689,3124.071381,3.29105690498586,"1",913,7.107132,5.737805
"876",1.50721120437893,0.015785715,-2.69035062189755,5.89068168438018,2099.508894,94.44347327,3076.817592,3.28642760295868,"1",914,7.322109,5.63154
"877",1.5218125102423,-0.1026,-2.35387837685528,5.78341402396957,2123.840625,83.59301198,3258.00363,3.30952048604655,"1",915,7.322918,5.531256
"878",1.67896848365464,0.325333334,-1.3963447010138,5.51964941367885,2136.310596,76.00892283,3055.473454,3.29933686459791,"1",916,7.25375,5.481466
"879",1.2594419205558,-0.055066667,-1.03563747260531,3.99780998241259,2137.826742,77.63776042,2783.377702,3.33320404261903,"1",917,7.017339,5.525982
"880",1.5413908084252,0.646250007,-0.167125109912672,3.01007249777934,2149.383972,71.45101786,2220.605133,3.2903018076444,"1",918,7.040108,5.470368
"881",1.61093728800854,-0.030499997,2.20689985111273,5.45527526729815,2134.686506,84.19075503,3369.576695,3.27606596793811,"1",919,6.750217,5.601313
"882",1.3993746417835,0.005244444,1.57622577147402,6.02503793060904,2049.522392,112.7641541,3586.363534,3.27937284701473,"0",920,7.300178,5.8155
"883",1.3303510807062,0.060297873,1.85336400073691,6.12223495500084,2063.781003,109.6073935,3609.20546,3.27727316059406,"0",921,7.338684,5.771101
"884",1.34156277393589,-0.050074468,1.18004519879303,5.44982889315781,2047.380852,113.2384796,3289.016259,3.29793862021521,"0",922,7.1119,5.847652
"885",1.59247150936478,-0.013819149,0.434042232545182,5.44557878913075,2067.91092,107.1580908,3103.702406,3.28960782314376,"0",923,7.068923,5.792921
"886",1.52795943617129,0.038744682,0.366414591510628,5.00412912010642,2060.967619,111.383637,3013.128714,3.29546642110179,"0",924,6.98688,5.826933
"887",1.60618733281995,-0.619163047,1.07575336523337,5.49209124239511,2096.780313,99.21240856,3159.303637,3.29133402266371,"0",925,6.961952,5.71656
"888",1.52699350049306,-0.42962766,0.621634036387858,5.32608100699408,2086.847716,104.3281094,3084.171576,3.30008317137887,"0",926,6.913199,5.764406
"889",1.53407791374524,-0.17934066,1.10849914753998,5.0790792291674,2118.119562,87.9880823,3191.816827,3.29855192910475,"0",927,6.990442,5.617412
"891",1.61322464729518,-0.127258063,-0.248668160167505,5.51720277281692,2091.731107,99.12481222,3075.222092,3.30425215312721,"0",929,7.03895,5.718299
"892",1.49187298701495,0.36210753,-0.0301544034267215,5.45018961572237,2108.238788,88.74368155,3182.767103,3.27364100171081,"0",930,7.187472,5.613416
"893",1.44702205832976,0.090417584,-2.29847268056544,5.47026518250513,2100.740299,92.59224818,3151.836847,3.25312227377999,"0",931,7.150596,5.653406
"895",1.60290192110218,0.077032259,0.318844661967839,5.97995948091994,2108.271072,92.05532501,3292.449319,3.29271764777878,"0",933,7.366772,5.59562
"896",1.57237263365426,-0.069499998,0.45054469436805,5.97876670794071,2125.731462,85.22380303,3354.023592,3.30317608276006,"0",934,7.382787,5.522469
"897",1.56393169007044,-0.1041,2.12330889330934,5.69244334570257,2149.949235,71.01413879,3311.133941,3.29053056207172,"0",935,7.289727,5.425355
"898",1.45202707556533,0.200423916,-0.433713624888753,5.74788868303731,2111.576416,88.09387398,3229.535525,3.30200932931988,"0",936,7.293137,5.58474
"899",1.49992800728767,0.459977277,0.298735810910972,5.33072292458303,2114.156908,86.11158969,3177.898166,3.27973152059677,"0",937,7.175623,5.591434
"900",1.56325873609737,-0.247099999,3.10858961743993,5.10557839077624,2190.932419,55.19869088,3485.993302,3.29944348469947,"0",938,6.9499,5.309299
"901",1.59092364746664,-0.615795697,3.04771115834572,4.28512851574881,2183.427446,59.64995267,3479.944638,3.28351916101249,"0",939,6.765099,5.379796
"903",2.03903471265917,-0.009999998,-1.0246318629338,5.49663865435756,2203.085693,67.08791079,2851.197109,3.32847313582002,"1",941,7.701241,5.175342
"904",3.09011670680536,0.06606667,-2.99573227355399,4.96873386858883,2239.152637,51.18498433,2586.562004,3.04191584589364,"1",942,7.919691,5.005406
"905",3.02419591613288,0.449857145,-2.99573227355399,4.8655110277929,2238.27553,51.63857433,2163.349104,2.72276031687819,"1",943,7.931437,5.015216
"906",2.42451076894377,-0.890258067,3.60360044461796,6.20401632349175,2130.171158,101.3134287,3607.820604,3.30271075732862,"0",944,7.707412,5.497073
"907",2.77351337399256,-0.031909092,1.45901134740832,5.79421661131513,2187.215135,77.25627951,3154.316046,3.29875350034006,"0",945,7.667059,5.266217
"908",2.72550476470287,-0.092644445,1.12947373239497,5.47777660038462,2207.180146,65.31802084,3058.003451,3.3144849581633,"0",946,7.742173,5.150904
"909",2.70672498672673,-0.180946808,1.24398596792664,5.52618043261155,2202.136376,69.8895943,3187.627093,3.31252889861218,"0",947,7.762038,5.18894
"910",2.72087939987722,-0.147108695,2.57288185950271,5.07167239365558,2205.165127,71.58974755,3334.266697,3.29427355763729,"0",948,7.850513,5.204908
"911",2.32097144726064,-0.252489361,3.31067403765669,5.2861932839876,2189.344888,76.63384766,3447.503088,3.28277320151656,"0",949,7.885454,5.295246
"913",2.8882808306528,-1.263808517,1.97859579105997,4.9001942573827,2258.768147,36.215642,3248.014256,3.31507530113119,"0",951,8.027923,4.91417
"914",2.90689523032219,-0.222777774,2.6569810556265,4.14522954517021,2230.96234,51.35482542,3452.115674,3.28525433730806,"0",952,7.993704,5.092333
"915",2.96943998887019,-0.49306667,1.83008947379897,4.19602546203933,2242.149957,45.24714461,3210.488981,3.31591384055856,"0",953,8.000683,5.017567
"916",2.95685898064331,0.026010638,2.11349600555552,5.23893869711671,2221.360357,55.88465841,3089.941074,3.28835425429281,"0",954,7.753948,5.061937
"917",2.95904823452073,0.077139785,2.20037075869096,5.09373968786807,2217.540265,56.98672957,3120.237205,3.28827346136008,"0",955,7.710375,5.081518
"918",2.78688761223608,-0.080233332,1.64729551678425,5.31961790181187,2209.462212,62.53475961,3128.561776,3.30779798867473,"0",956,7.701618,5.132803
"919",2.88493095240986,0.063414893,2.42969799158564,4.83628644344912,2235.782642,44.12479478,3150.010116,3.27796333218803,"0",957,7.713875,4.962183
"920",2.96160951137859,-0.045586956,2.45168421487411,3.71707587071977,2237.740548,40.00808214,3022.179682,3.28055971567286,"0",958,7.571632,4.941739
"921",2.92971052070524,-0.008967391,2.77227447286862,5.14125427158742,2239.842336,42.78711199,3222.518181,3.27635685892732,"0",959,7.751888,4.940578
"922",2.92769807525017,-0.057553191,3.05649455695346,5.2997513309295,2244.833039,40.54999291,3197.05997,3.27576277664343,"0",960,7.770002,4.912664
"923",2.96845974506573,-0.532489361,2.88298639981932,5.73680899365799,2267.553656,25.38688167,3080.513108,3.28524507869158,"0",961,7.777305,4.763196
"924",3.01716211249742,-1.70716484,1.6357908994007,6.02134696712528,2269.240385,12.61425214,2954.190062,3.27161418768126,"0",962,7.76344,4.641217
"925",3.02688192089524,-0.924414893,2.86703719110513,5.92795951546945,2272.192604,21.69054733,3082.921231,3.29703389335521,"0",963,7.821696,4.720689
"926",2.90371403202027,-0.441064511,1.94084743382666,5.24752907146897,2248.11309,44.05736534,3211.470716,3.28863458693274,"0",964,7.902273,4.940159
"927",2.97098160471589,-0.138891305,2.35321104345716,5.34216874113946,2265.522241,34.5006224,3197.689413,3.27165800916887,"0",965,7.991605,4.853612
"928",2.93561711915574,-0.950815217,1.29892471514141,4.91227878487193,2249.589621,44.03612323,3153.233767,3.29288566252118,"0",966,7.960783,4.950768
"929",2.76363606591259,-1.111897731,2.73291833844981,5.50308044192527,2276.875452,24.35908467,3382.826569,3.30157787851385,"0",967,8.108254,4.816855
"930",2.91578038021504,0.023134834,2.56203890080392,5.77795148497087,2285.061537,11.99332042,2731.294518,3.22355253120932,"0",968,8.225357,4.800845
"931",2.50625728418505,0.596986364,4.15056270055822,6.07391320876703,2293.813451,4.785727417,2716.587459,3.21965076932117,"0",969,8.2708,4.704257
"932",2.81591629118517,-0.383329785,3.44285732196776,6.02650694010167,2291.001579,10.00798225,2956.184616,3.25774455762211,"0",970,8.206264,4.686848
"933",2.80682127660719,-0.659747254,3.68914384690908,6.03072093029816,2287.553571,12.41711734,3063.441975,3.26350874977597,"0",971,8.134057,4.661627
"934",3.0244550239744,-0.083096775,2.08760703970075,5.6534357349514,2267.745527,30.60391297,3138.962765,3.28618477669125,"0",972,7.915154,4.810447
"935",3.07309590771275,-0.262188888,1.14656435856002,6.05792104384761,2277.75112,13.64536711,2854.421277,3.21965714915487,"0",973,7.933201,4.659256
"936",3.01645788947098,-1.398569894,2.4290519381119,5.99716463594065,2271.945444,17.46142041,3052.102977,3.29462547070939,"0",974,7.815174,4.680711
"937",2.99801017516505,-1.49869149,2.7137167385773,5.94803228317176,2271.110749,18.23453823,3054.372429,3.29247426843428,"0",975,7.797947,4.689759
"938",2.7280278823566,0.121485299,3.72202590188708,6.22528375388663,2265.87156,1.52386273,2704.34859,3.21639625527478,"0",976,7.743471,4.526856
"939",2.73336693173592,-0.210133332,2.56743557656359,5.8183899945841,2248.132208,4.693254424,2747.422816,3.23273493578435,"0",977,7.581567,4.6065
"940",3.14571325454284,0.357785714,4.1718015150959,6.22139718234991,2260.171474,26.50977789,3336.323329,3.22661718030492,"1",978,5.875897,5.058204
"941",2.96352973136463,3.944615401,5.79284355856064,6.41731732702668,2163.212571,6.632518732,2667.922006,3.22733232407461,"1",979,5.620454,4.962715
"942",2.89912039230383,0.168733336,3.99051066106552,6.25073472192849,2257.937809,37.8998881,3270.548324,3.15552418609368,"1",980,5.985592,5.112166
"943",2.66954407081377,0.564928569,3.54794829375726,5.7936193273384,2249.530221,59.73115458,2767.067688,3.15456594191093,"1",981,6.298609,5.181226
"944",2.38891834961202,0.199285711,-2.32973609820679,5.89396433428103,2278.233573,35.05311911,2707.888707,3.27368843782295,"1",982,6.258557,4.932199
"945",3.06353434305093,0.116999999,1.4846302572335,5.64214083226629,2274.516585,35.54065018,3155.606624,3.23464415906179,"1",983,6.333172,4.932864
"946",2.60531494679864,6.780800088,4.3469606135426,5.90938247139886,2068.365397,0.917224709,3438.662272,3.02981137103415,"1",984,6.188054,4.294858
"947",2.74333760430856,1.870142839,1.13197796533287,5.69212287021355,2081.35866,0.690192699,2911.821132,2.83430530235857,"1",985,6.277131,4.305836
"948",3.0647802186577,2.670499963,3.47199418819057,2.67304582498742,2188.905134,3.043707243,2342.215384,3.23738909581141,"1",986,6.413686,4.52668
"949",2.79769854229921,0.575510636,5.04083683860204,6.27085450455395,2259.972838,16.94832554,3251.342223,3.2203471123937,"0",987,5.78011,5.020604
"951",2.63578492327221,0.918053764,5.48281900066227,6.33777672146664,2219.101759,10.24044768,2949.511742,3.22736436624338,"0",989,5.696425,5.006935
"952",2.52090473916406,0.569655915,4.35279470702052,5.56586597826429,2235.247595,62.29071184,3259.556218,3.15657937294729,"0",990,6.361976,5.260395
"953",1.68974605300029,0.867744444,4.65463472652418,5.05828267537926,2205.246484,62.92064887,2895.001161,3.16690866095526,"0",991,6.506255,5.358478
"954",2.97830347508539,0.943423911,3.07812589259171,5.91889171771172,2269.529204,35.43617315,3278.884786,3.18271685527883,"0",992,6.075236,4.97922
"955",2.96901615556928,1.88539999,4.41315176831554,6.07714928424998,2266.886523,44.31268166,3271.475323,3.20524553832817,"0",993,6.180537,5.033435
"956",2.81634219617254,0.950494618,4.15381524101211,6.01373156250968,2267.989232,44.62688036,3165.533942,3.20907306200234,"0",994,6.226669,5.029281
"957",2.69015501987357,0.689351649,3.63343135256163,5.26111084498826,2243.606464,46.36967837,3394.1813,3.21551195740475,"0",995,6.453038,5.150496
"958",2.6135916323076,0.741784949,3.48887423159221,5.79083427957861,2261.156431,49.65226774,3200.522705,3.18886435465997,"0",996,6.312266,5.066582
"959",2.60128550745516,0.437574469,3.4652703688306,4.40766502377905,2231.912855,46.57014587,3459.605651,3.22664985503861,"0",997,6.53904,5.205833
"960",2.82046871041993,0.824725272,4.28230495391742,5.49183099446765,2289.649052,18.77349698,3552.060981,3.21386989448009,"0",998,6.357571,4.771683
"961",2.81134250608604,1.67981521,4.1815355679803,5.14538724420401,2246.347264,4.978331834,3032.154424,3.24008409241653,"0",999,6.330064,4.64925
"962",2.81031872206744,2.049177775,4.14827361157866,5.00137338001654,2235.401006,3.198117227,2935.751831,3.24327791409001,"0",1000,6.33593,4.625331
"963",2.92395058657646,1.418413045,3.97587259968508,5.48252703141025,2293.302596,17.86822407,3171.170835,3.2190844479049,"0",1001,6.256648,4.773772
"964",2.98813864026132,1.436265958,3.79838065922271,5.63342692192646,2288.323151,24.01204982,3243.370395,3.21741946088481,"0",1002,6.255312,4.832083
"965",2.59227347421173,3.513526896,5.75589745533376,3.77790697222033,2229.173382,4.134430276,2641.855821,3.20874292803088,"0",1003,6.101734,4.629426
"966",2.75333525430299,2.059826097,6.11402870452013,4.7352241897481,2191.307989,4.194971758,2520.337406,3.2028348309019,"0",1004,6.024059,4.564302
"967",2.75709029403685,1.545021737,4.56709153723892,5.53514694507704,2280.638367,26.44418739,3097.150736,3.19196025745354,"0",1005,6.126537,4.867671
"968",2.76153184400757,5.453737465,5.67455461356426,5.85788507189894,2139.868809,0.546637743,2605.903189,3.17969853291621,"0",1006,5.804284,4.492541
"969",2.8345091494318,2.091731177,5.0572101726807,5.27717009694545,2282.485911,22.43242528,2925.760671,3.1895554700878,"0",1007,6.079286,4.824162
"970",2.83844835977179,6.718830563,4.87137551258389,5.89595370459724,2077.771573,0.899824049,2860.435247,3.12549147138936,"0",1008,6.167274,4.318322
"972",2.46155933244455,3.767828928,4.89426497683317,5.85581890961349,2076.821792,1.277386333,2596.744084,3.16128516383466,"0",1010,6.042952,4.337688
"973",2.92339204878301,3.937355551,5.18945612828261,5.19572997444851,2243.505119,4.176957243,2871.459985,3.23566743025092,"0",1011,6.243052,4.641489
"974",2.89004334730864,7.48438708,4.70653361151393,4.73395289129802,2235.098131,6.219976152,3176.046534,3.22947752056692,"0",1012,6.436006,4.626427
"975",1.02309230938341,1.713466652,-0.111863101719485,5.54670498422769,2269.665169,18.30340754,1560.351611,2.77890216544907,"1",1013,8.318503,4.948021
"976",1.84725188432171,0.528200002,1.42891472759949,5.58342161238297,2271.731657,17.24395542,2241.818823,2.54996590016631,"1",1014,8.338139,4.94377
"977",0.720292137839848,1.460357134,0.494260619527461,5.50615304758623,2268.482945,19.28707545,1546.410531,2.92936353512339,"1",1015,8.319458,4.956294
"978",1.90510580765305,0.464125002,2.37425145870834,5.49062181059589,2269.772995,20.4256525,2990.850952,3.26709430413314,"1",1016,8.372818,4.970816
"979",1.51736984850767,0.305071431,-1.5198257674587,5.29855328321751,2263.972011,24.00014278,2563.581944,3.35250720324398,"1",1017,8.346094,5.003453
"980",1.60030365705274,-0.428666667,1.15530761407694,4.91377802903912,2255.051676,31.92033946,3166.722461,3.29544171720258,"1",1018,8.356641,5.07364
"981",2.52056362774545,0.323241759,2.62668717880791,5.66082505869008,1795.595191,73.5799382,2993.442144,3.39834346778796,"0",1019,8.789778,6.732441
"982",1.31523424748452,0.296223406,3.45418338810397,5.98115330196809,1766.30793,72.98752058,3108.89918,3.38501027889301,"0",1020,8.864216,6.812031
"983",2.05079300167889,0.123978723,2.10638577064918,5.6607570804745,1825.258697,68.19950956,3146.325751,3.3847003169691,"0",1021,8.803337,6.65367
"984",1.32053844378952,0.868537632,3.6781908067547,6.14633776427083,1857.186909,48.81243146,3832.299873,3.31723897053514,"0",1022,8.96512,6.57839
"985",0.852882629918668,1.11531461,3.49784731299242,6.03750424912667,1877.054733,27.40672163,3913.998039,3.24652592397587,"0",1023,9.183928,6.540892
"986",1.23489471410443,0.891393616,3.5098688987003,6.03914626861033,1923.92145,48.62094891,3976.319803,3.23645653651742,"0",1024,8.81168,6.387816
"987",1.23878186534042,0.554989129,3.35786241839028,6.1883484965251,2085.160342,4.968034485,3730.172767,3.23669863715278,"0",1025,8.890828,5.944186
"989",1.42259545069213,0.624032967,3.18162460088526,5.92264406692151,1931.877403,54.58274992,3567.601772,3.27732714352418,"0",1027,8.692396,6.351943
"990",1.36305265909953,-1.00960869,3.17820667616643,5.86559027377736,2023.0796,64.2971769,3202.117665,3.28913976298094,"0",1028,8.28438,5.99497
"991",1.50491405201598,-0.20530769,3.53295236035566,5.89239250416091,1993.870662,62.01000641,3106.186328,3.27649764216463,"0",1029,8.358746,6.105192
"992",1.77041309575868,-2.355505496,2.62962325260871,6.01203057534146,2066.347071,78.25761204,3773.482612,3.32381773644356,"0",1030,8.134193,5.823376
"993",1.78695252888014,-1.964851064,1.86825662068524,6.12440992155739,2057.226486,82.26003525,3636.072442,3.32781796835267,"0",1031,8.096268,5.843255
"994",1.46166124406636,-0.759793479,2.33585691866725,6.24058488006564,2047.702945,89.2309533,3265.761376,3.32676265761803,"0",1032,8.028245,5.858969
"995",1.68699004883899,-1.20717391,3.29649587103503,5.93330090875795,2004.811665,90.07044087,3116.83896,3.38205147185983,"0",1033,8.036676,5.991202
"996",1.42923151359556,-1.1266413,3.56646614985226,6.13046742168145,2113.407346,81.5023035,3830.176782,3.25274777849253,"0",1034,8.095054,5.649543
"997",1.15829994429624,-0.193244446,3.38887641769411,6.28779043330589,2101.906133,89.67295693,3492.193632,3.20434412734272,"0",1035,8.014533,5.674902
"999",-2.99573227355399,12.71102172,6.35725646601768,5.48482375221817,2163.010978,17.24026294,3641.500138,3.19355800047365,"0",1037,8.682363,5.638112
"1000",0.872998403172756,0.587285717,4.67514718612821,6.00192866055623,2212.523601,22.8395225,3469.426602,3.19750617694026,"0",1038,8.623506,5.400953
"1001",-0.852563136322878,0.82264516,4.77352935235384,5.978310882726,2199.153971,12.20354682,3740.919806,3.18513448904693,"0",1039,8.7365,5.494947
"1002",1.51962637552615,-0.884623663,3.08549802684742,4.69374100266934,2226.208575,50.41928868,3558.66631,3.24836368401082,"0",1040,8.152901,5.196861
"1003",1.36740388454273,0.035888888,4.00760840481063,4.8119384194416,2244.935617,37.32154554,3319.394884,3.21919580127029,"0",1041,8.158805,5.064296
"1004",1.64970667254041,0.101693182,3.86784251329652,5.8705930764234,2149.359023,87.06093849,3580.705292,3.24392312537864,"0",1042,7.96647,5.474814
"1005",1.6562403041971,-0.000806451,3.45474239281499,5.42092686982612,2266.188484,23.74881193,3194.206968,3.26456851376269,"0",1043,8.434841,5.022182
"1006",1.59863463278551,-0.35405319,2.88355929679851,5.60851784581442,2273.496998,19.31240025,3208.440957,3.25264800205536,"0",1044,8.423394,4.961708
"1008",1.48083934096066,-1.066478732,3.51903164237688,5.91321513150378,2285.646456,12.44386521,3172.357115,3.26711463592758,"0",1046,8.472164,4.889103
"1009",1.48585664721152,-1.385494626,3.03929888297059,5.67173626352993,2273.650249,17.06316753,3221.990515,3.27565041894766,"0",1047,8.486254,4.984796
"1010",1.15477766453495,-0.716600003,1.93898144679667,5.13159413014855,1935.970597,101.4745733,3350.005664,3.31408900942318,"1",1048,6.347306,6.288464
"1011",1.22484768214424,0.692714275,0.439981534331963,4.81867125927359,1967.773568,108.704719,2908.592512,3.36374276635955,"1",1049,6.519009,6.175741
"1012",1.9832203120331,0.447357145,-2.99573227355399,3.30618738483175,1947.499224,130.6816515,1688.416242,3.26918859880265,"1",1050,6.727212,6.191897
"1013",1.82581708805796,-0.73914285,3.62868860653198,6.34584726630577,2159.397252,54.82968603,3454.510917,3.31543197830671,"1",1051,6.192019,5.665268
"1014",1.67621478496803,-0.659071436,0.330715912157988,5.35292867161998,2182.993495,18.03271798,3256.627825,3.30902981689969,"1",1052,5.880517,5.577364
"1015",1.86383860768983,-0.104333331,0.322083491198099,6.24077267085525,2131.406315,48.62906901,3060.920459,3.3032168986696,"1",1053,6.097082,5.781407
"1016",1.84581139680244,-0.381124994,0.208029908631065,6.23951921806499,2182.765305,57.14545488,3004.000107,2.96382225229208,"1",1054,6.233246,5.549832
"1017",1.74855273677789,-1.081928583,2.51920741604471,6.01564878928049,2186.854335,65.62073244,3323.128802,3.29202010959575,"1",1055,6.31455,5.505793
"1018",2.27223826197837,0.065266668,3.20125481312532,6.11838459022044,2248.482536,54.55390574,2894.009334,3.1699657561305,"1",1056,6.18821,5.226507
"1019",1.72422284600386,0.228374997,0.153257444439856,4.21081038777507,2184.339478,6.275987208,2344.719963,2.75556367382243,"1",1057,5.74841,5.570842
"1020",1.54682400672883,0.48764286,-2.99573227355399,4.08435521272438,2191.106044,4.706361924,1881.066406,0.734083496225289,"1",1058,5.756548,5.541352
"1021",1.89957587761108,0.275400003,1.47837964630959,5.91690663805553,2072.736556,19.54838028,3070.773079,3.28366440611314,"1",1059,5.671753,5.927658
"1022",1.67415396768656,0.570214283,0.152107802001139,5.96907290679308,2082.51852,15.9244741,2720.369516,3.24046957107436,"1",1060,5.659992,5.892618
"1023",1.61675927175609,0.692866659,5.92239354203297,6.47502338948967,1888.11766,8.651142947,2594.110303,3.24814983471558,"1",1061,5.054743,5.928374
"1024",1.4721309271643,0.449500001,-2.99573227355399,3.72203191762646,2187.010585,3.250274326,1963.172049,1.80112059848324,"1",1062,5.74014,5.54175
"1025",1.4605784051649,1.360615382,2.27618188622884,3.6055206666536,2183.343093,0.457795987,2019.629075,3.20490170568195,"1",1063,5.71756,5.508233
"1026",1.77638105152765,-0.175500003,1.06901180481457,4.97280274616897,2196.050258,11.60327026,3107.068325,3.27108877262493,"1",1064,5.824913,5.51573
"1027",1.55914203246337,0.677000001,4.54174531917395,5.89054164565949,2250.326032,20.86210728,3091.239275,3.2265605940458,"1",1065,5.841814,5.235885
"1028",1.16806824407071,0.079808512,2.41282199652289,4.45637208695732,1945.417701,94.51664896,3566.380659,3.32482934106645,"0",1066,6.26102,6.279609
"1030",1.55211877421986,-2.43951064,3.42844251882877,5.42675223700116,2009.333668,97.55410418,3851.109617,3.30113406732333,"0",1068,6.462683,6.069672
"1031",1.58121239623757,0.171462367,3.81710951793102,6.05695552779317,2107.753512,97.88972695,3444.870566,3.21906507096003,"0",1069,6.572505,5.770928
"1032",1.77066967281502,-1.097799994,3.13599530036537,6.24902641890987,2130.282959,56.10554157,3619.447548,3.29478285146685,"0",1070,6.167054,5.781494
"1033",1.73729281347222,-1.435554346,3.35463164422013,6.03570947876904,2173.615388,39.48050798,3391.361349,3.30680707594391,"0",1071,6.073154,5.606746
"1034",1.72067070360293,-0.481461535,2.18666844714813,5.95574983247296,2203.520374,35.30600433,3430.317082,3.23808353955269,"0",1072,6.041798,5.46359
"1035",1.82312818501467,-0.734595741,1.7684627148034,6.19755580415434,2120.687606,51.99885969,3364.281525,3.32140929090431,"0",1073,6.120688,5.811581
"1037",1.97050224871987,0.237184782,3.75251105959655,6.18253260049508,2252.908251,53.91480968,3179.435079,3.17514196372628,"0",1075,6.166482,5.179696
"1038",1.73948367006001,-0.97950538,2.76418659048267,5.54386622857096,2204.098927,21.06481854,3413.367621,3.27727453664279,"0",1076,5.91421,5.468046
"1039",1.75648486327567,0.206274726,2.64144850561674,4.32046228443535,2169.935464,5.481333966,2686.834956,3.1919559091688,"0",1077,5.719822,5.591119
"1040",1.72496627827615,-0.162053763,2.7056458763619,5.1557926059781,2169.713119,13.33117235,3288.215941,3.23947932510551,"0",1078,5.798195,5.647991
"1042",1.44435511125974,4.235501913,5.99073777657425,6.51907034604239,1921.347072,2.432823475,2728.652975,3.19206630339647,"0",1080,5.09246,5.8337
"1043",1.5351412921182,4.769020548,5.15215474853322,4.87049045792662,2163.258712,0.95592794,2319.298467,3.26184374231997,"0",1081,5.660753,5.427075
"1044",1.44080060803062,3.218786495,3.70119012563546,3.97473859672578,2172.13518,1.094739804,2259.673523,3.23528396879155,"0",1082,5.692116,5.49525
"1045",1.80355196001799,-0.067923913,3.00989777146143,5.00747360187745,2212.17442,9.375325768,3229.389224,3.24450974531368,"0",1083,5.791136,5.437819
"1046",1.68816941482281,-0.073534091,3.87735215150156,5.57854839969769,2227.367329,16.12606534,3368.565779,3.20854999692882,"0",1084,5.859203,5.358738
"1047",1.64893772932662,1.359170202,4.3363638023381,6.21490006299639,2256.578169,23.236025,3193.875569,3.22346949817658,"0",1085,5.780362,5.095578
"1048",1.39609800299693,0.799642852,1.14796918332659,5.75067646603527,1531.86826,176.2730015,3201.815988,3.37034530869976,"1",1086,6.106421,7.299985
"1049",1.33963504063967,1.543125018,3.22028109381512,5.59447486650471,1525.785698,188.9770069,3240.678238,3.39358495149818,"1",1087,6.383789,7.295495
"1050",1.34082612336315,0.771750001,2.87206282428393,3.39762027075607,1591.707527,178.6115599,3329.616882,3.405604148918,"1",1088,6.49134,7.103869
"1051",1.52154234546369,0.498928574,2.05160224150691,5.35222167639107,1614.827323,164.2210759,3175.270944,3.40053032122681,"1",1089,6.297606,7.074423
"1052",1.3242157601629,0.151499999,3.39785847705216,5.88328174755103,1648.974655,137.4662552,3387.710617,3.32427127943566,"1",1090,5.920169,6.991105
"1053",1.1473403359877,-0.110199999,2.77824975270223,4.17254279651536,1770.382593,116.3744476,3903.636442,3.26407860052331,"1",1091,6.115578,6.692605
"1054",1.35572651242466,-0.008866667,3.24966364088321,5.54972965881788,1722.706641,141.8587575,3871.694613,3.3194086414773,"1",1092,6.363386,6.793323
"1055",1.17315363804321,0.882625004,2.54123283557037,5.01459802144403,1755.166817,129.4941597,3606.859436,3.31017805848491,"1",1093,6.27106,6.726949
"1057",1.56027349627113,-0.023285711,3.05530591740416,5.38050804905564,1816.36411,117.3343141,3941.346889,3.27125137746301,"1",1095,6.257124,6.583466
"1058",-2.99573227355399,2.340714306,-2.99573227355399,3.5168329035792,1898.566284,60.73702131,1568.249503,1.40314529675128,"1",1096,5.6115,6.366821
"1059",-2.99573227355399,1.702214304,-2.99573227355399,3.7807197786545,1895.036708,61.50167847,1769.648533,0.932210010684324,"1",1097,5.610743,6.373568
"1060",-0.318205871713215,2.824187525,-2.99573227355399,2.9248707874723,1907.145012,58.68838048,1472.477234,2.72481165970954,"1",1098,5.607262,6.34587
"1061",0.878455141938648,2.246733342,-2.99573227355399,3.21297909005016,1909.085539,57.55317739,1810.653988,2.6982990366541,"1",1099,5.601805,6.337962
"1062",-2.99573227355399,1.232625011,-2.99573227355399,3.0795584245096,1909.36441,60.15028119,1842.111336,3.30734107879971,"1",1100,5.637398,6.352289
"1063",-2.99573227355399,1.165666672,-2.99573227355399,3.30596777167866,1917.561955,58.35816854,1801.461589,2.90617215218221,"1",1101,5.642689,6.332737
"1064",2.24038672372394,0.711266657,-2.99573227355399,4.06896976697304,1930.088118,52.63259354,2636.325244,3.30174528759477,"1",1102,5.598686,6.288592
"1065",1.63096403189933,0.641687504,-2.09836955156535,4.2038099622025,1910.405952,62.55503941,2181.544357,3.37583682199479,"1",1103,5.68053,6.362474
"1066",0.964249297408891,1.814333333,-2.99573227355399,3.60921744252895,1924.802433,56.66576589,1722.249658,2.63198470604496,"1",1104,5.645037,6.313924
"1067",1.73121317316699,-0.57226666,2.93416710415507,5.73178504199666,2062.286117,64.92702688,3460.416081,3.32561122501903,"1",1105,6.172734,5.970304
"1068",1.61115703230041,0.647849462,2.84558900979809,5.17887590527629,1481.05674,193.3340303,3394.6302,3.38014578454779,"0",1106,6.097019,7.461457
"1069",1.39443281364115,1.50813333,4.01782342215531,4.9705873769841,1555.365636,184.4968348,3788.59483,3.31787206389235,"0",1107,6.458062,7.20121
"1070",1.52875548048061,0.426659343,2.18971783545287,5.19895868490838,1599.312118,169.0868804,3554.612323,3.36047455722439,"0",1108,6.334604,7.109276
"1071",1.9670768211095,0.399074468,2.20464379750863,5.51308423924864,1634.808144,158.2944894,3458.832023,3.36656915153687,"0",1109,6.273321,7.027749
"1072",1.55476356049729,0.532924734,3.0398520531985,5.9645316686762,1575.805717,165.9833446,3260.547518,3.37434544742225,"0",1110,6.151244,7.179936
"1074",1.42726930226321,-0.435347823,3.54225810373597,5.48193634757306,1853.236327,107.3347578,3910.963551,3.26846066938602,"0",1112,6.21441,6.49905
"1075",1.44958629660796,0.050117021,3.59924859646036,5.9974723585139,1816.377756,139.8321579,3829.138277,3.3121568553408,"0",1113,6.579893,6.537283
"1076",1.42787862312046,-0.980305268,3.571387906627,5.52890545242262,1838.762481,83.51598037,4121.206831,3.25494992531648,"0",1114,5.743857,6.53847
"1077",1.57307138941815,-1.622042552,4.02861621174047,5.57846989827091,1954.440734,64.08453889,3858.259329,3.28891777420051,"0",1115,5.881229,6.277916
"1078",1.14243371702586,-0.881659575,3.75731144016739,5.78614890930683,1780.061848,98.62701213,3864.487144,3.25618802604747,"0",1116,5.758263,6.670717
"1079",1.3945565081388,-0.555161286,4.79955909436597,6.27758408387396,1704.033177,92.71806918,4115.797978,3.2400015901566,"0",1117,5.276416,6.781523
"1080",1.53678142215533,-1.463155558,3.90726169053694,6.00158186154337,1788.045323,73.13796175,3981.887104,3.27624702375669,"0",1118,5.343055,6.566415
"1081",1.63184751097879,-3.767108682,3.85425283115976,5.95376692576127,2076.598389,51.29361646,3968.990253,3.27559310153256,"0",1119,6.050052,5.937025
"1082",1.52278885314494,-5.335521273,3.89615846647305,5.44204348596306,2014.137538,64.5060269,4006.309994,3.28163078052305,"0",1120,6.046997,6.109198
"1083",1.6719689710915,-0.253214286,1.2639249316451,3.26623618182649,2198.962333,55.84894807,3166.09947,3.15126978728241,"1",1121,6.674962,5.334919
"1084",1.65831880182121,0.144733331,2.13110456630249,3.32773756213008,2269.67098,5.266741435,3241.892155,3.25114943266869,"1",1122,6.659116,4.841137
"1085",1.44121483032323,3.072297854,2.81186434614506,4.41004571756836,2269.438372,0.19882232,2101.544948,3.1758489221568,"1",1123,6.788039,4.733861
"1086",1.54253312958618,0.52530001,2.43831716983576,4.70218777642784,2274.197803,0.371134996,2514.412024,3.16825600343629,"1",1124,6.767571,4.768584
"1087",1.76648789299557,3.880202723,2.34296631038633,2.67707852487078,2267.631136,0.247423331,1708.776294,3.19518413117135,"1",1125,6.866597,4.733585
"1088",1.75982821954231,4.255692516,2.39575451847262,2.60614743608407,2267.89059,0.331370533,1716.903294,3.20210747868153,"1",1126,6.859862,4.733912
"1089",1.65521843617589,-0.208214285,2.6039455172981,4.42929617935873,2229.845651,30.09621947,3313.709037,3.26695819575391,"1",1127,6.816423,5.098198
"1090",1.69380188450445,0.066999999,-2.68335757875574,3.45911946046541,2254.047705,9.558629354,2935.001725,3.19902672686027,"1",1128,6.909722,4.888055
"1091",0.4890691074633,1.899682302,0.350290907473363,2.93478279688418,2266.662053,0.214116344,1202.636155,2.36945282410227,"1",1129,7.02573,4.76489
"1092",1.37943937454447,1.819687486,-2.99573227355399,3.81774958680117,2259.967133,2.445758171,1541.004089,2.0580422501184,"1",1130,7.013202,4.819644
"1093",1.48339444853796,1.83900001,-2.99573227355399,3.78466815032011,2264.569824,1.075184877,1530.459435,2.71139514918722,"1",1131,6.980632,4.793941
"1094",1.68428561314975,1.472694007,0.647075715501676,4.39967968490145,2262.075552,0.315051757,1724.365347,3.15161758304094,"1",1132,7.092562,4.736116
"1095",1.68299530494666,1.295788541,1.12576267552852,4.32365493699974,2264.391076,0.315051757,1650.701435,3.15352469418624,"1",1133,7.087034,4.74514
"1096",1.70230649068104,0.104071425,0.145182015898552,3.55581024980679,2259.072004,4.660034043,2706.205331,3.26924298948994,"1",1134,7.119563,4.797731
"1097",1.59642146464284,0.283312499,0.629857872430796,4.52554588267957,2248.532501,10.06810951,2377.494812,3.21122166760158,"1",1135,7.146843,4.870435
"1098",1.75832899623256,0.474230765,2.0452083643759,4.70391307366704,2222.20566,0.529168101,2112.198637,3.21918341355795,"1",1136,7.277163,4.608204
"1099",0.861493103210221,1.605333337,3.63780544173496,5.66143430535957,2171.623649,0.494846662,2284.350594,3.15609218670238,"1",1137,7.205814,4.44687
"1100",1.71851157599783,0.630857146,4.61719579858735,5.8612986582456,2207.667633,0.623918593,2266.844203,3.14482941186583,"1",1138,7.496416,4.479808
"1101",1.50488060833771,0.8654141,4.47601608781622,5.83543788188664,2223.458862,0.347939059,1849.676209,3.1773243530941,"1",1139,7.535892,4.520285
"1102",1.61270467215948,0.065311826,2.79134650730975,3.94013176190985,2188.724777,60.38794688,3208.599176,3.24354956430487,"0",1140,6.670719,5.383208
"1103",1.70938371113545,-0.53388298,2.13749715996009,4.6928807031889,2244.989107,25.07705962,3562.300911,3.26928569603234,"0",1141,6.647638,5.04416
"1104",1.73947393431159,-0.662404259,2.23886892674998,4.83977206639594,2235.347259,35.92794282,3472.720051,3.27413739623941,"0",1142,6.617496,5.136256
"1105",1.72217352601597,0.465755555,2.72045443418459,5.236780659721,2253.896324,38.21790441,3416.045741,3.21491235990773,"0",1143,6.457088,5.058891
"1106",1.61395149627181,1.294902176,4.187596057419,4.62386435603521,2276.305417,20.32835583,3423.407625,3.20337364458022,"0",1144,6.48545,4.851166
"1107",1.75492577024829,-0.018127658,2.73272551012824,3.90528756438635,2261.393885,13.80124424,3474.05902,3.23833627833547,"0",1145,6.626646,4.919636
"1108",1.45742758890921,3.728329535,1.63218996980357,4.0237883448823,2270.802339,0.731224951,2379.376167,3.21543178496545,"0",1146,6.833288,4.770666
"1109",1.63228555719069,-0.889255559,3.34416150913724,3.85981188807519,2241.289749,19.62145549,3528.443723,3.28007545761651,"0",1147,6.822727,5.008209
"1110",1.60600813145387,-0.615945054,3.20488835269552,3.55143722355071,2234.297693,24.60255547,3571.418248,3.26899211011217,"0",1148,6.909741,5.0375
"1111",1.51647841201686,0.517408603,3.45812552973372,4.47381979872705,2213.64309,40.7638074,3675.031124,3.24410328055084,"0",1149,6.962966,5.177108
"1112",1.68046036053636,-0.145977777,0.753314179094581,4.70013406219988,2241.508447,13.46989755,3014.54544,3.2591813709159,"0",1150,7.13125,4.924905
"1113",1.5987266086945,-0.069945653,2.57557415844757,5.00972729265435,2210.824097,37.2965148,3271.746232,3.27168275369295,"0",1151,7.233324,5.121058
"1114",1.7863518061383,0.249622225,1.31543963442,4.38522666324161,2259.309513,5.037740537,2871.845222,3.25671871194724,"0",1152,6.932821,4.84279
"1115",1.43371987171591,3.251450792,2.59379445772964,4.40445152255327,2257.463849,0.365089077,1897.90055,3.17308840885476,"0",1153,7.079334,4.719197
"1116",1.60134574942126,-0.127473116,0.55777077151033,3.52847592264204,2261.271214,4.516724565,2978.523331,3.27531711334632,"0",1154,7.143043,4.76883
"1117",1.59075883176695,0.460902175,3.41400003614941,5.52263539948861,2243.873811,5.854310536,2689.034288,3.22812857742069,"0",1155,7.504311,4.624408
"1118",1.55540198171871,0.041597827,1.50913703961277,3.88591771966973,2243.19916,5.462102383,2914.571544,3.21791440164897,"0",1156,7.300001,4.678363
"1119",1.61300897040983,-0.018526881,1.56583989227602,3.11258059961655,2251.854259,4.894357074,2846.415834,3.27802071185215,"0",1157,7.26819,4.713851
"1120",1.59533900428178,-0.020527473,0.243915330007894,3.68524336881068,2259.147359,5.452018628,3003.397437,3.31012586106962,"0",1158,7.206903,4.774205
"1121",1.07086118998218,2.665040854,3.65341847250402,5.62775792807213,2174.341935,0.519727251,2009.05528,3.1696490821122,"0",1159,7.196642,4.461368
"1122",1.69801796895239,0.799344623,4.43977069247009,5.76065280617109,2196.208984,1.24991664,2683.796282,3.11454772941451,"0",1160,7.427856,4.464577
"1123",1.94562634321482,0.510507012,4.98037207221611,5.98127617698071,2228.358032,0.343643515,2543.676539,3.0091237027738,"0",1161,7.563881,4.482164
"1124",2.32926626075589,1.250066657,1.06010243021108,5.24679615408387,1318.352026,201.3304932,3535.211418,3.3266653706423,"1",1162,5.206109,7.997034
"1125",2.40093884370665,0.651428575,0.550904464583925,5.36771420582901,1316.969622,196.5173383,3632.482736,3.35460470659398,"1",1163,5.123574,7.986093
"1126",2.06007378926187,0.102933332,0.647539446384037,4.88794028266492,1375.293221,190.7588593,3989.177767,3.28636013702483,"1",1164,5.36693,7.80794
"1127",1.07111827275071,0.016499999,3.29900644572341,5.40219807918726,1411.586234,190.9241235,4322.322754,3.22502835040733,"1",1165,5.547533,7.698473
"1128",1.79301711755676,0.045266668,1.45278409443551,4.70805356928534,1382.571183,200.0164469,4258.761393,3.29272103238803,"1",1166,5.538213,7.802412
"1129",1.71536153135952,0.199214285,0.959281804434832,5.630488909501,1410.057268,205.2822266,3933.866316,3.29742297376641,"1",1167,5.730199,7.725008
"1130",1.10634100802437,0.013000001,2.50495178607519,5.80968968285043,1442.240379,185.5850449,4106.296509,3.25226216728638,"1",1168,5.604846,7.600349
"1131",1.47800918856571,-0.053799999,2.95260728386245,5.58492188614822,1426.919881,186.108783,4214.580892,3.25937776804949,"1",1169,5.547152,7.64719
"1132",2.49545980468182,0.44193333,-2.99573227355399,4.91833876288786,1427.157601,163.4452443,2529.299943,3.40213030968278,"1",1170,5.218873,7.612244
"1133",2.21656753233261,0.209071428,-0.480053957018429,4.84018881345613,1429.951625,163.8947732,3014.045218,3.3967111750018,"1",1171,5.231637,7.606091
"1134",2.40329688234798,0.517812497,-2.99573227355399,4.82627292586255,1419.193588,165.9594202,2671.652084,3.40406829231826,"1",1172,5.214292,7.637692
"1135",1.19609613374339,-0.110800001,2.21566462303588,5.24627547097589,1395.337899,167.3417013,4240.633171,3.2454008687499,"1",1173,5.130008,7.695785
"1136",1.74765286771108,0.52614286,1.75415650386822,4.98502711301761,1337.698103,189.5106724,4044.522635,3.31496485874148,"1",1174,5.142678,7.910818
"1138",1.84329167041677,-0.018066667,0.201579386204909,4.64371919282796,1349.394694,186.1534556,4023.941618,3.30688670219091,"1",1176,5.159744,7.869979
"1139",1.80942567056581,0.850000008,2.62055385125953,5.24348349169621,1335.076147,187.3225616,4060.050146,3.29751437708441,"1",1177,5.092338,7.908816
"1140",1.40509662989095,-0.345785718,2.33612347879965,5.64620381923301,1401.085013,154.9710966,4213.137224,3.26105927516281,"1",1178,4.992436,7.63924
"1141",1.119893173783,-0.483187501,2.53561709681135,5.6179751310728,1404.271187,159.5284147,4211.989532,3.22142265813333,"1",1179,5.07054,7.650173
"1142",1.25462506742683,-0.025999999,1.33264868257133,5.26227950717736,1387.811898,154.5137133,3952.831403,3.26913420553724,"1",1180,4.90731,7.664244
"1143",1.53596298531124,-0.595874991,2.12300976258614,5.11917428424791,1384.33033,154.2006273,4185.298325,3.26217473470745,"1",1181,4.884105,7.670254
"1144",2.01772497547938,-0.058800001,1.23328884992,5.51424644039095,1422.109432,156.2404602,3690.527767,3.28241386106258,"1",1182,5.109322,7.598606
"1145",2.17509820440657,-0.358785721,2.08522833981959,5.79754051293609,1440.154864,142.8792343,4200.86731,3.28032022615008,"1",1183,5.00833,7.50592
"1146",2.25084566373471,0.080375,0.0155041747205805,5.50027843766277,1466.473701,151.4106073,3360.473145,3.35121905180335,"1",1184,5.220201,7.484481
"1147",1.26925235367802,0.087666665,1.96687921512494,5.58180161683523,1478.590194,158.1476613,4265.555924,3.24732075727827,"1",1185,5.358888,7.458669
"1148",2.27581946593818,0.004285718,-0.00896866854131888,5.65998918026276,1479.498117,162.2230606,3557.136736,3.31600261472778,"1",1186,5.424968,7.460101
"1149",1.39639595280979,0.340866668,2.10970802222015,5.95357601712453,1487.934188,168.7098256,3991.8396,3.26121994165238,"1",1187,5.553721,7.438136
"1150",1.7936392900905,1.037011112,2.57036202941081,5.56871295686628,1301.650736,203.8552801,3777.494453,3.33792616559862,"0",1188,5.159441,8.050225
"1151",2.27413808863912,0.233771741,2.30151114862217,4.81300690966479,1337.97144,192.8393468,4131.990197,3.29877936852041,"0",1189,5.192139,7.91988
"1152",1.82138536242283,-0.070914894,2.49878376320427,4.23342002830168,1378.341938,184.302474,4294.577219,3.27564217414977,"0",1190,5.286695,7.787398
"1153",1.69711548330064,0.136247314,2.25572451904242,4.82102268042772,1385.086443,199.562392,4293.276619,3.27382823647347,"0",1191,5.545111,7.791995
"1154",1.72634899613974,0.06088298,1.85679653638341,4.83575133368269,1386.137619,197.3243178,4258.443422,3.27259813095681,"0",1192,5.519192,7.784549
"1155",1.72184629689416,-0.077677419,3.25001496335143,5.04755030179352,1447.394183,161.1749673,4157.566488,3.2850581770499,"0",1193,5.273477,7.555876
"1156",1.64042690912972,-0.209652174,2.34640693355349,4.18862870492124,1372.946914,180.1519623,4184.936733,3.28727378689827,"0",1194,5.199097,7.790679
"1157",1.65560426064513,0.01851064,1.84139358114164,5.25424546868311,1341.732787,183.7521422,4175.972963,3.27161356955494,"0",1195,5.077233,7.881365
"1160",2.37564846474269,2.209142864,-2.99573227355399,3.26623618182649,1376.379682,8.814455986,1962.716405,-0.644017435959237,"1",1198,3.18882,6.484959
"1161",4.99011569235531,2.044071469,2.7622114030088,3.67789928711151,1382.367344,4.175268599,2764.069598,3.28909455614858,"1",1199,3.169211,6.443874
"1162",4.66414695861121,4.437812537,2.08925649530061,3.24324628371897,1389.220612,4.639187306,2412.637901,3.24811083644278,"1",1200,3.206061,6.445891
"1163",4.0941928443802,2.919266661,-0.182321557193955,3.73391064002577,1392.564844,5.134033934,2204.77762,3.12003211441113,"1",1201,3.230162,6.45186
"1164",3.82076077865584,1.690071414,-1.57434657400214,4.16842579525643,1396.652884,5.103106022,2173.095067,3.32985466931759,"1",1202,3.252666,6.448498
"1165",-2.99573227355399,2.965200011,-2.99573227355399,3.99067263084379,1353.184782,28.88667399,1578.523657,3.36591569389872,"1",1203,3.26835,6.663615
"1166",-2.99573227355399,5.038266659,-2.99573227355399,4.29377857794736,1357.907104,28.57739487,1345.534261,2.06779073269666,"1",1204,3.288054,6.661663
"1167",-2.99573227355399,3.15346667,-2.99573227355399,4.53474832941668,1362.87325,23.75263964,1860.014868,3.35233383024995,"1",1205,3.265005,6.618194
"1168",-2.99573227355399,5.057533375,-2.99573227355399,4.36591120475541,1373.734928,19.91757813,1557.482926,3.24186276313503,"1",1206,3.286466,6.581302
"1169",-2.99573227355399,5.242625028,-2.99573227355399,4.11213564500607,1378.743141,18.09283102,1820.314644,2.56499724554565,"1",1207,3.296619,6.566397
"1170",3.25200549677466,1.172928559,-2.99573227355399,4.75733264404027,1369.398499,18.09283107,2064.49864,2.85971810481856,"1",1208,3.244077,6.565593
"1171",-2.99573227355399,2.132875003,-2.99573227355399,4.57026339377913,1379.042076,13.91756225,1747.850037,2.81124590704944,"1",1209,3.249781,6.529112
"1172",-2.99573227355399,1.070124992,-2.99573227355399,4.49365294933686,1382.500252,12.52580595,2149.154701,2.98508200272498,"1",1210,3.254682,6.515562
"1173",-2.99573227355399,6.937071426,-2.99573227355399,4.5537671508424,1368.255947,25.68618393,1143.627611,0.802961655847075,"1",1211,3.316288,6.6358
"1174",-2.99573227355399,6.732214281,-2.99573227355399,4.30034433421699,1374.59436,23.6263895,1120.417428,2.40210724814498,"1",1212,3.333626,6.619333
"1175",-2.99573227355399,3.955375001,-2.99573227355399,4.04547851214841,1352.447395,30.38667774,1417.539055,2.73317869851839,"1",1213,3.28021,6.67975
"1176",-2.99573227355399,6.108857087,-2.99573227355399,4.54278808807111,1363.330375,27.57002831,1259.889274,-2.99573227355399,"1",1214,3.308192,6.65091
"1177",-2.99573227355399,6.646428551,-2.99573227355399,4.50661121761049,1369.797485,25.42667416,1122.011902,0.802961655847075,"1",1215,3.323483,6.63372
"1178",-2.99573227355399,6.530571427,-2.99573227355399,4.12793869617757,1377.718767,22.50715596,1189.064876,2.7378402497434,"1",1216,3.341924,6.610541
"1179",-2.99573227355399,5.534785748,-2.99573227355399,3.18576913940955,1387.224958,16.23715591,1533.874451,2.6890614097517,"1",1218,3.327853,6.547961
"1180",-2.99573227355399,2.663214326,-2.99573227355399,3.99372668154495,1392.735901,12.32698359,1530.423989,2.80845538777217,"1",1219,3.318017,6.513925
"1181",-2.99573227355399,4.240230799,-2.99573227355399,3.68286578872031,1385.762921,15.77323723,1757.319327,0.823500492431458,"1",1220,3.312404,6.546115
"1182",-2.99573227355399,8.020812571,-2.99573227355399,3.03453952913008,1394.759598,14.47269279,950.9241447,3.33632537665835,"1",1221,3.36195,6.538464
"1183",-2.99573227355399,5.763062537,-2.99573227355399,3.43925176459619,1394.218552,13.72199529,882.8500023,3.40073877518495,"1",1222,3.344604,6.528697
"1185",-2.99573227355399,7.268466822,-2.99573227355399,3.64194513085597,1397.838086,12.71243922,870.8532023,3.39857159563474,"1",1224,3.358602,6.521758
"1186",-2.99573227355399,5.668799973,-2.99573227355399,3.78051819629539,1400.910767,9.843540955,959.1012777,3.40558755174758,"1",1225,3.340026,6.49346
"1187",-2.99573227355399,6.160999984,-2.99573227355399,3.63797112719585,1402.463661,9.171129584,1014.475376,3.40011338201344,"1",1226,3.344431,6.487329
"1188",-2.99573227355399,4.37766668,-2.99573227355399,3.68084375494069,1399.814868,9.154663022,1452.127686,3.37234051345726,"1",1227,3.327506,6.486393
"1189",-2.99573227355399,6.563799985,-2.99573227355399,3.03318966469917,1406.858219,7.039057255,995.2158976,3.39915074673295,"1",1228,3.346127,6.469414
"1190",-2.99573227355399,6.068857159,-2.99573227355399,2.92824646783701,1407.476379,4.904283728,1124.542598,3.09580379199207,"1",1229,3.325095,6.448736
"1191",-2.99573227355399,6.165200011,-2.99573227355399,2.73940694723857,1407.914242,5.072178109,1036.141317,3.21786196468562,"1",1230,3.329948,6.448243
"1192",-2.99573227355399,4.795428583,-2.99573227355399,3.16009005904429,1412.615662,4.104356527,940.7466038,3.33901785368879,"1",1231,3.349351,6.438884
"1193",-2.99573227355399,6.501285689,-2.99573227355399,3.25664416691791,1408.902326,6.867742845,947.3561881,3.37841580463789,"1",1232,3.358507,6.464657
"1194",-2.99573227355399,5.272733386,-2.99573227355399,2.93328897989353,1413.770451,5.347871335,428.8176666,3.28546218986647,"1",1233,3.382329,6.457548
"1195",-2.99573227355399,9.382999965,-1.0995055515086,3.88251233227238,1405.211112,10.25410407,788.6857354,3.28573308427818,"1",1234,3.391038,6.510164
"1197",-2.99573227355399,9.087428502,-2.99573227355399,3.23618518577299,1399.256356,13.02695554,903.3078265,3.36626082386272,"1",1236,3.381758,6.533554
"1198",-2.99573227355399,8.429857,-2.99573227355399,3.03450052859431,1395.636527,14.236863,942.4708514,3.32006473466494,"1",1237,3.368484,6.539467
"1199",-2.99573227355399,3.267285705,-2.99573227355399,3.57536131730213,1381.983521,22.25928252,1539.490173,2.15739419482567,"1",1238,3.372534,6.614866
"1200",-2.99573227355399,2.515666684,-2.99573227355399,2.9970535662622,1386.499902,21.13205083,1675.09891,2.27143853191329,"1",1239,3.390048,6.610015
"1201",-2.99573227355399,4.49406662,0.180236041952203,3.13144164360035,1391.95201,18.26272087,1721.534814,1.76198749255646,"1",1240,3.395027,6.584132
"1202",-2.99573227355399,5.572928514,2.28792456946653,3.45703621596208,1397.074254,16.2750755,1569.155409,2.95342112078778,"1",1241,3.405828,6.56706
"1203",2.93582090528051,1.062500018,-2.99573227355399,3.67954932803902,1399.520775,24.23975432,2192.981392,3.20487835254308,"1",1242,3.494474,6.6376
"1204",2.27190205180065,1.409437507,-2.99573227355399,2.81719472296965,1405.144127,21.63021111,2194.227905,2.79931190049412,"1",1243,3.503943,6.613564
"1205",4.91100018806689,0.067812498,-2.99573227355399,3.77025752648334,1415.678314,17.74489188,2912.972153,3.30169925560678,"1",1244,3.530114,6.579474
"1206",-2.99573227355399,3.927400001,-1.81707727721234,3.83853412904124,1423.98243,3.216503239,1340.945207,3.29430484083061,"1",1245,3.444914,6.448775
"1207",4.73432352164188,0.338199998,3.30457075101654,3.90686865073556,1488.620227,0.927837491,3543.137427,3.2267646699427,"1",1246,3.902333,6.440014
"1208",4.77335145429486,-0.371903224,1.79794549111363,4.71560199188874,1318.806377,11.81063351,3318.036836,3.28452655077668,"0",1247,2.954515,6.502416
"1210",4.9046462498446,-0.434326313,1.74663363636379,5.36291800528752,1482.255706,22.49125894,3640.925288,3.26535762357284,"0",1249,3.964531,6.636666
"1211",1.99275635203079,0.445142861,-2.99573227355399,5.23007338760676,1251.951277,59.06415803,2234.622079,3.38390575141255,"1",1250,3.319591,7.151305
"1212",1.56723657852083,0.648562499,-2.99573227355399,5.24869184433921,1249.959198,60.42541647,2180.815689,3.32864898893709,"1",1251,3.329625,7.169544
"1213",1.36781183466705,0.00026667,-1.25234637578216,5.53607358923356,1265.119206,66.18203532,2706.224316,3.39370259612504,"1",1252,3.382436,7.146777
"1214",-0.82664530059515,1.294428572,-2.99573227355399,5.34556203324174,1253.784607,62.43020739,1651.888419,3.24714533652589,"1",1253,3.347193,7.165343
"1215",1.86878488005167,0.601214289,-1.3106569585699,5.34274282303374,1259.393633,59.74577032,2282.302673,3.2228677939465,"1",1254,3.32721,7.124647
"1216",1.97115484531701,0.237866667,-0.342490289228466,5.30045532049492,1351.713607,44.04135234,2859.677816,3.32676108048615,"1",1255,3.436503,6.822728
"1217",1.88770347297203,-0.06793333,2.48961777333129,4.70976195733771,1273.050871,24.59546598,3653.336621,3.30898458653878,"1",1256,3.006391,6.680208
"1218",4.20604781770969,-0.36428571,2.75109827606584,4.32646331273347,1346.937857,15.11049625,3363.59307,3.2994282219511,"1",1257,3.125201,6.540537
"1219",0.77849791891051,1.776357152,-2.99573227355399,3.31284371147268,1342.193124,32.93823051,1895.637913,3.05373136084564,"1",1258,3.260424,6.709881
"1221",-2.99573227355399,3.38356252,-2.99573227355399,4.3618077420213,1356.056496,30.60631657,1498.264145,2.49764923954642,"1",1260,3.304207,6.682219
"1222",2.05196192893496,0.318642857,-1.03463195860269,4.32646331273347,1299.219543,45.46027075,2654.044407,3.35784237134772,"1",1261,3.198499,6.81578
"1223",1.84501691940641,-0.088857142,1.56414164179396,4.60726130208005,1394.869917,32.01039314,3084.832816,3.29329394329302,"1",1262,3.536075,6.714307
"1224",1.37898172258324,0.606785726,-1.10488190168171,5.31181187028518,1388.843113,45.92795481,2424.229623,3.35525301795869,"1",1263,3.639966,6.840791
"1225",2.02162718035631,-0.244800001,0.269390796623387,5.55959761021569,1392.467155,50.5335935,3223.75332,3.32152862517127,"1",1264,3.717916,6.890694
"1226",1.9313424641438,-1.14326666,1.13916759194942,3.53237551032343,1418.851001,62.41420542,3534.549089,3.28969455651087,"1",1265,4.01602,6.99187
"1227",1.0188436407701,0.750666675,-2.99573227355399,5.22835491928151,1444.657658,43.17537155,2026.808569,3.03623409986588,"1",1266,3.913643,6.827727
"1228",2.02922095686517,0.277615387,-1.45803825606138,5.31698488023862,1451.408907,40.82484935,2608.695547,3.24520318170652,"1",1267,3.920871,6.80473
"1230",1.88113743668759,-1.558608695,3.63459255361872,5.19719095496247,1190.933842,21.24894638,3816.119003,3.34039290252653,"0",1269,2.984479,7.046677
"1231",1.58712778279596,-0.600914897,3.05704501997014,5.02134632102533,1225.900823,41.24383659,3686.625062,3.32447711921651,"0",1270,3.153968,7.098443
"1232",1.87544118597692,-1.87580682,2.55302318484877,5.3751042564096,1274.257604,99.02009739,3971.404921,3.31233300930015,"0",1271,3.692113,7.374673
"1233",1.79947772355708,-1.933043471,3.22906827215139,5.71747302690515,1297.492509,64.76058616,3946.382592,3.3085177142245,"0",1272,3.390645,7.01501
"1234",1.82552603004844,-1.22244086,2.82756809428192,5.4143479573473,1261.719329,49.43091087,3690.476872,3.3290042867039,"0",1273,3.238918,7.034697
"1235",1.84178271569607,-1.031852267,3.21424009847297,5.20526822232516,1194.351617,10.82633323,4102.71539,3.30705317331551,"0",1274,2.866287,6.808545
"1236",4.23875903650544,-0.546108691,2.82077214344935,4.79368064611683,1286.629982,10.11593168,3331.169601,3.28842622117597,"0",1275,2.842283,6.520829
"1237",1.87170494863662,-0.86446739,2.35914776991799,4.01027523515624,1300.461945,24.62340643,3704.385962,3.30876421913847,"0",1276,3.039684,6.623862
"1238",2.92755376288524,0.082085109,-0.693413169931982,4.15937490926848,1325.278124,31.17139126,3043.041077,3.30599783437116,"0",1277,3.187076,6.688076
"1239",4.42732706680542,-0.150999998,2.3809315184864,4.81318203394836,1304.305718,14.90397029,3405.784834,3.25238278906448,"0",1278,2.932962,6.53009
"1240",1.23635426184368,1.288913989,0.238932229169451,4.61032642869117,1362.233986,30.65736022,2390.569375,3.18834783563664,"0",1279,3.34691,6.692422
"1241",1.81440105078587,-1.067719096,3.12491697932032,4.34224614109277,1324.095746,46.1205419,3814.870636,3.28726087075993,"0",1280,3.300837,6.825445
"1242",2.30146366953374,0.865747253,1.03187355292147,4.24959396437572,1376.542444,26.54012772,2620.457305,3.18736019234652,"0",1281,3.386211,6.657887
"1243",1.79096921422547,-0.730086954,2.8222681076015,5.62114764079673,1385.103469,54.45948522,3711.419874,3.26853516395755,"0",1282,3.72329,6.926291
"1244",1.82621693592101,-2.341766665,3.20020821908733,5.44158871505193,1400.670786,52.42281782,3916.89031,3.27042195852921,"0",1283,3.785168,6.908662
"1245",4.0153151293178,-0.71543011,3.32770130164886,5.07255478481583,1454.512609,29.70077634,3705.251373,3.25808000673099,"0",1284,3.837496,6.702247
"1246",1.70788401554167,-2.195391315,2.18213546240653,4.36242056157966,1441.922235,52.27419949,3833.13872,3.2830338088607,"0",1285,4.00951,6.901175
"1247",1.79515510585631,-1.440376347,3.44014234846757,5.78427812465895,1511.629946,35.22448972,3886.294888,3.24471546678348,"0",1286,4.167371,6.730133
"1248",0.961002012697649,0.220999999,0.152586955275623,5.8979815305238,1452.807571,191.5528793,3829.283661,3.33763612542343,"1",1287,5.77822,7.57208
"1249",0.698227554080368,0.215600003,1.30177985798108,6.04442755901606,1456.93208,188.1346273,3874.980599,3.26870688140688,"1",1288,5.705687,7.555746
"1250",0.919196782415977,0.243625,-1.34048484801397,6.06519921339531,1468.12323,185.440546,3222.196594,3.33108784264831,"1",1289,5.749953,7.520644
"1251",-0.235277032682207,0.142923077,1.52060668779852,6.0869376834069,1472.763794,184.0537661,3697.926082,3.30671754722568,"1",1290,5.762338,7.503683
"1252",0.991521082154403,0.400400002,3.08796955274068,5.98970307487628,1510.435994,175.520458,3649.643685,3.31916743635034,"1",1291,5.918216,7.369921
"1253",1.0936191845116,0.584333331,0.824906171533223,6.2138632376823,1483.948722,178.5409465,3502.096615,3.30991018619382,"1",1292,5.72455,7.463385
"1254",1.02683355741771,0.449750005,1.57930081677715,6.12755568728158,1483.965843,181.4825039,3720.193832,3.31772514180465,"1",1293,5.815982,7.461826
"1255",1.05586848476573,0.471000004,1.49962304843582,6.13628779898491,1485.397607,180.9863403,3704.059538,3.31800888451061,"1",1294,5.817938,7.457543
"1256",2.1132077986036,0.387142862,-2.99573227355399,6.05521972197872,1561.870204,146.3792223,2928.559989,3.37890302783221,"1",1295,5.582416,7.202856
"1257",1.33219557554591,-0.498500003,2.36482605864623,4.28019975489224,1540.61834,132.4966936,3718.77533,3.32228930624436,"1",1296,5.262433,7.252978
"1258",-2.99573227355399,0.909785702,-2.99573227355399,2.60614743608407,1534.689165,128.4883608,1902.703674,3.49758920082911,"1",1297,5.202654,7.2528
"1259",1.18818598718964,-0.278642861,2.95001550456345,4.7993029294524,1497.030378,137.1841234,3726.694632,3.29657737768379,"1",1299,5.172259,7.366817
"1260",1.21037819603306,0.054857143,0.184551215922263,4.86998953350215,1508.679016,105.7489482,3466.13712,3.2840747733756,"1",1300,4.869117,7.207527
"1261",2.38867419448501,1.027357154,-2.99573227355399,3.18576913940955,1536.706369,92.82997186,2581.881409,3.35848866360623,"1",1301,4.826355,7.092211
"1262",1.36268928659556,0.155066669,0.736366288027887,5.96433745771973,1642.240381,61.38782756,3307.324349,3.29588614516046,"1",1302,4.865875,6.746552
"1263",1.42758900320469,-0.121066663,2.64540618789511,6.36874943443437,1669.034717,38.00647329,3766.249935,3.26086198526033,"1",1303,4.736853,6.577357
"1265",0.982558136381218,0.940255312,2.72406489591178,5.90432272579268,1461.88309,190.750287,3602.080824,3.34338791711115,"0",1305,5.860039,7.535962
"1266",0.993931896488682,0.219344086,2.86640860972359,6.28663104368871,1510.139049,170.6232466,3840.286443,3.29676033096076,"0",1306,5.779381,7.373035
"1267",0.924874523100588,0.221531915,2.98351028338548,6.25685893994221,1515.581652,169.481438,3818.060269,3.29593137931558,"0",1307,5.802509,7.351819
"1268",1.26574092842377,-0.580311113,3.3564275968761,6.32983981128735,1648.953792,126.6985632,3889.304641,3.31016981493202,"0",1308,5.692006,6.984636
"1269",1.34768625970172,0.174159577,1.51708346993135,6.14378658262677,1574.576952,143.0978648,3663.449164,3.3217703160255,"0",1309,5.611874,7.169395
"1270",1.06394857834744,-0.224698925,3.4265104895104,6.30425534714764,1638.735539,126.2658524,4014.015079,3.26834161903399,"0",1310,5.623017,7.003809
"1271",1.06014379402087,-0.208903224,2.19614872881869,4.94065207094437,1495.369255,132.9723813,3992.879822,3.24013637985153,"0",1311,5.122293,7.353974
"1272",0.991714335833265,0.023227274,2.38261906524481,5.40885113676967,1476.251276,134.3138202,4021.047447,3.24513701732539,"0",1312,5.066426,7.399609
"1273",1.02152067104724,1.424032616,3.60856128933891,5.35476797445245,1481.89856,107.8309263,4010.191733,3.2371171013413,"0",1313,4.774799,7.264156
"1274",0.95190062848399,0.693489134,3.80672890978668,5.31923290472126,1520.331938,81.443744,3845.541493,3.22560962466294,"0",1314,4.660993,7.050502
"1275",0.804030378992791,0.187076087,2.68870670618863,4.46545316207408,1543.774636,98.74730939,3920.246656,3.24977608539871,"0",1315,4.912939,7.108265
"1276",1.29935451911703,0.167184783,4.78206376375514,6.19377998496677,1686.947316,62.25978988,4000.928154,3.26493763579789,"0",1316,4.976272,6.673363
"1277",1.3959225286979,-0.212978494,4.43986115495097,6.35317318258735,1578.632266,40.34251888,3854.890617,3.2292817160964,"0",1317,4.498449,6.712576
"1278",1.03216531826584,0.036776595,3.30409170495088,5.65313400144959,1617.651762,72.08967493,3763.493169,3.23927072261996,"0",1318,4.887974,6.843368
"1279",1.41461856660895,-0.32896774,3.53987177605974,6.38496446210895,1638.824992,34.21573932,3895.036571,3.24678379572256,"0",1319,4.645678,6.593394
"1280",1.41235624680345,0.500855558,5.6790988429755,6.32872129342098,1712.49983,57.72558941,3911.904321,3.26410409989258,"0",1320,4.992141,6.605954
"1281",1.33327646098069,0.252301078,4.36731204870414,6.64611334046443,1767.304036,27.40166393,3611.482545,3.25863397511475,"0",1321,4.865071,6.352344
"1282",1.57108222698845,1.437865846,5.40210866387655,6.59419451061117,1822.718894,3.831888298,2786.497294,3.14792982784415,"0",1322,4.935479,5.979703
"1284",1.82184222997225,0.072499998,-0.962252877909139,5.65151100868144,1294.810875,192.7977581,3553.871124,3.33679220665582,"1",1324,4.903949,8.02683
"1286",1.36227757362079,0.065062501,1.28548077803422,4.83487666609462,1276.404587,186.0503635,3687.05722,3.33656997586335,"1",1326,4.670899,8.026347
"1287",1.32354234749371,0.404000002,0.409623124231932,3.0795584245096,1299.350624,174.5980387,3100.599167,3.33327528062443,"1",1327,4.654234,7.917093
"1288",1.90669024683885,1.034642861,-2.99573227355399,5.3115438995378,1316.834298,156.8629826,2299.197981,3.46341172899903,"1",1328,4.558717,7.772296
"1289",2.00152837863446,0.244800006,-2.99573227355399,5.41745880804219,1292.686068,162.7937612,3038.983936,3.4000856529207,"1",1329,4.494093,7.836928
"1290",1.9451426717628,0.056857146,-0.271152742959587,5.42027801669757,1284.771397,165.9868982,3334.125488,3.32364757379691,"1",1330,4.481544,7.866672
"1291",1.93768274012654,-0.101533332,1.71214490280564,5.50973510524173,1274.133398,169.4321828,3913.270605,3.28705775547146,"1",1331,4.457512,7.901009
"1292",1.83340206248505,0.660600001,-2.99573227355399,5.34605913896589,1319.236084,155.9236023,2561.815104,3.44387364540215,"1",1332,4.561929,7.763002
"1293",1.44787956777988,-0.105571429,1.36234925490825,3.48824818195801,1305.557024,175.8655221,3333.330235,3.36502711011079,"1",1333,4.700252,7.919845
"1294",1.47975216838651,0.005999999,0.821293019526789,4.06855806134153,1304.567177,178.5702209,3260.124237,3.32876116508964,"1",1334,4.724784,7.937183
"1295",0.946055198402243,0.2085,2.76609445883694,5.70902765096991,1457.51355,126.8313005,3965.95813,3.24432078812792,"1",1335,4.882336,7.399735
"1296",1.14269796087372,0.425499995,-2.99573227355399,3.07316727642658,1388.536857,142.8775221,2725.630545,3.41477145006152,"1",1336,4.743761,7.610799
"1297",1.51697990691093,0.409214283,-2.99573227355399,3.16009005904429,1377.164185,145.940834,3032.002842,3.32107147261081,"1",1337,4.723886,7.64424
"1298",1.66822172910199,0.840533331,-2.99573227355399,2.71971156499288,1382.282397,145.7035299,2268.626929,3.4463406898428,"1",1338,4.745311,7.637092
"1299",1.70101271548814,0.216214283,-2.53244760354576,4.06897350991437,1284.456369,136.7175762,2469.654829,3.38385740140006,"1",1340,4.180605,7.649346
"1300",1.54026111231903,-0.168937503,1.21384577862281,4.19896877627642,1286.554657,133.4820414,3107.751724,3.3579420163953,"1",1341,4.154267,7.623029
"1301",2.18893133482458,0.199500004,-2.99573227355399,5.83913762484843,1348.824249,105.4381871,2921.108582,3.25641250198228,"1",1342,4.179372,7.367005
"1302",1.2093039226286,-0.685733329,3.194924606777,5.4861252239512,1327.256812,117.5592341,4127.11237,3.25042614175649,"1",1343,4.188665,7.468682
"1303",1.09854786692641,0.059214292,3.26997623987572,5.98889149213942,1382.31318,93.49991335,4034.448539,3.22961796967869,"1",1344,4.222491,7.250014
"1304",1.17140585112567,-0.0896,1.34742357971335,4.96695682024849,1354.140177,130.7079458,3792.658952,3.290092058373,"1",1345,4.462206,7.552254
"1306",1.43029683973432,-0.150187497,1.04182144338421,4.32790597719119,1373.316658,125.8382897,3698.172134,3.27987688368216,"1",1347,4.499595,7.500141
"1307",1.86966970202317,0.852533341,-2.99573227355399,2.97970835354248,1385.289095,126.0731771,2307.005371,3.45007208733722,"1",1348,4.555057,7.493666
"1308",1.12545812839204,0.758599999,3.08217751978017,5.00984793154103,1429.704948,112.0728902,4088.212142,3.22769013604182,"1",1349,4.610845,7.353454
"1309",1.1485640407901,-0.216755556,2.21663376406398,5.44365548182907,1303.679712,187.9924143,4105.088658,3.27180553917003,"0",1350,4.874031,7.983639
"1310",1.36657831138577,-0.073709676,2.39244299885685,4.73241489362939,1284.375032,185.5947339,3791.076965,3.31803391595712,"0",1351,4.705338,8.0095
"1311",1.45713690524055,-0.00530851,-0.0129828516800365,5.6009245925747,1307.268575,154.7048966,3474.975809,3.34972483436766,"0",1352,4.487157,7.763419
"1312",1.74620043617764,-0.174797872,1.7653044457995,5.60471761930468,1282.096497,163.7076242,3742.779564,3.29087574962192,"0",1353,4.443626,7.851266
"1313",1.10149455793643,-0.172804348,3.07343529167192,5.15433689249209,1411.722171,143.8259624,4060.049619,3.25465420035438,"0",1354,4.878766,7.567956
"1315",1.51306264888941,-0.114064517,2.41656161216137,5.61679961107824,1272.006572,158.4229167,3667.806436,3.31791701506169,"0",1356,4.34079,7.821231
"1316",1.34872164681024,-0.978457442,2.33847580052015,4.64869017189419,1293.835126,129.6466019,3641.299618,3.32007193581692,"0",1357,4.147016,7.589392
"1317",0.855875636705479,0.115904257,3.57677714242331,5.20188517782706,1427.725969,130.0672258,4072.094607,3.24068734162154,"0",1358,4.772443,7.47118
"1318",1.97933392038357,0.772533344,-0.184323554254207,7.15133671773285,1071.798332,58.83668798,2344.413582,3.48819010317222,"1",1359,3.397455,8.671074
"1319",1.72754226410741,0.47950001,-0.0587221071831574,7.14473784308896,1071.77549,58.64908695,2548.466988,3.49567384129111,"1",1360,3.412519,8.685303
"1320",2.32910716963067,0.57086666,-1.41675355623347,6.23932806829689,1198.463477,161.9717163,2658.882056,3.42208874058472,"1",1361,4.214444,8.138656
"1321",2.64981421135642,0.701874995,-2.11766273787666,6.20712230303904,1202.707359,167.0040369,2561.365746,3.46260596182842,"1",1362,4.262776,8.142837
"1322",2.95356024158063,0.888071412,-2.32060359558763,6.21219260526609,1203.700701,164.8493903,2157.801697,3.48009650892757,"1",1363,4.243323,8.122497
"1323",2.53923058468346,0.67200001,-2.99573227355399,5.70979224442597,1215.130086,130.1945587,1980.958748,3.45955016174048,"1",1364,3.918543,7.83658
"1324",1.54200385094274,-0.016857142,0.280738369649196,6.46573434066388,1158.754682,97.52957371,2718.269017,3.44689888622642,"1",1365,3.60117,7.958827
"1325",1.32224918466782,0.126714287,-2.99573227355399,6.50718728978955,1154.066084,95.03478786,2461.117484,3.46412743709955,"1",1366,3.583373,7.977022
"1326",1.87119908538615,0.188749999,1.18369036831997,6.78435323122925,1117.268707,65.69240236,3011.326599,3.40982661516787,"1",1367,3.331478,8.028987
"1327",2.22541296126387,-0.066933334,2.65423911376758,5.55201114304472,1194.059237,54.37968216,3053.567041,3.4522705590424,"1",1368,3.29328,7.426222
"1328",2.03103549858896,-0.620533325,0.257866993039047,5.53385718250379,1222.462321,134.7073863,3150.016423,3.41127977871169,"1",1369,3.962997,7.827166
"1329",1.78830381097949,-0.38,2.55767940605665,5.35187720154072,1246.054036,119.1476873,3776.093864,3.31476763004115,"1",1370,3.859567,7.632563
"1330",-2.99573227355399,0.176399999,-2.99573227355399,3.97597691365038,1292.722575,112.8250376,2451.503874,3.46656887640587,"1",1371,3.918501,7.451644
"1331",-2.99573227355399,1.244357147,-2.99573227355399,4.24967245257935,1303.770377,107.1652298,1720.508414,3.30994328578315,"1",1372,3.919653,7.400465
"1332",-2.99573227355399,0.590076922,-2.99573227355399,4.03633119036262,1296.056293,111.3407968,2079.146888,3.48289549408917,"1",1373,3.921343,7.437634
"1333",-2.99573227355399,0.952750009,-2.99573227355399,4.0281000918469,1299.042854,109.4848232,2008.919518,3.43684606887397,"1",1374,3.918015,7.420795
"1334",-2.99573227355399,1.279866663,-2.99573227355399,4.13040990756243,1300.558317,106.1446086,1678.49189,3.38328232709915,"1",1375,3.882876,7.39131
"1335",0.412774605854168,0.073333334,-2.99573227355399,3.72031640584841,1291.904403,108.9281204,2846.609163,3.34896784808681,"1",1376,3.860433,7.414793
"1336",0.2432969382635,0.305062496,-2.99573227355399,4.40240947363922,1298.337784,104.8456345,2561.5662,3.40664082420965,"1",1377,3.85151,7.378874
"1338",-2.99573227355399,2.741133332,-2.99573227355399,4.4004244951097,1305.313566,104.2889318,1105.65461,3.18218423513633,"1",1379,3.890084,7.37368
"1339",-2.99573227355399,2.63866665,-2.99573227355399,4.64568932217139,1311.626742,102.5569707,1301.24115,1.26976043053809,"1",1380,3.911613,7.359767
"1341",-2.99573227355399,2.781062484,-2.99573227355399,4.55012106477848,1309.969421,104.207746,1210.690083,2.23749637167077,"1",1382,3.921429,7.372149
"1342",-2.99573227355399,2.252399989,-2.99573227355399,4.5377778952809,1308.083293,106.2704768,1487.401872,3.00310513310476,"1",1383,3.936715,7.393733
"1343",1.79368600426712,-1.580000009,1.89155766975363,5.26069874563935,1316.860146,110.2029452,3848.314026,3.30234340471965,"1",1384,4.04081,7.421107
"1344",1.0077732077212,0.795400016,-2.99573227355399,4.90161741844356,1312.7868,107.4268911,2128.325944,3.44842007195429,"1",1385,3.981576,7.401832
"1345",1.85072502771657,-3.169466678,1.8840347567354,5.46583992807416,1336.242456,101.8498169,3757.151351,3.26921403666955,"1",1386,4.065234,7.348196
"1346",-1.87597559802109,2.033599997,-2.99573227355399,4.78819109651054,1314.411605,104.0555878,1584.508154,3.36628388849117,"1",1387,3.951482,7.371894
"1347",2.20335493026608,-0.163133327,-2.85597033117883,4.98923215634627,1313.066113,97.79407247,2914.849821,3.37156254288324,"1",1388,3.859268,7.316067
"1348",1.66885696888384,0.417946239,4.51509694401584,6.78631771358424,1095.398963,88.90150476,3143.026601,3.42369504043625,"0",1389,3.762536,8.660623
"1349",1.71739202179815,0.130537635,3.33603740168126,7.0421074916417,1078.919611,67.24445191,3093.43272,3.42812190591129,"0",1390,3.524612,8.679771
"1350",1.69184378980589,0.179813185,4.15722262415373,7.09931598310513,1075.873357,50.36119335,3319.794962,3.36567268063338,"0",1391,3.189954,8.317521
"1351",1.83565564321277,-1.363861699,2.61156468953269,5.78526690531675,1208.960288,142.5083545,3098.351942,3.44129058043529,"0",1392,4.022236,7.952757
"1352",1.53791286218682,0.177793478,2.65532567035278,6.21887879440414,1184.913453,156.9876659,3152.349708,3.43892582231509,"0",1393,4.191111,8.202429
"1353",1.7905232342377,0.001191489,3.06306773803378,5.65292757433537,1254.671297,177.3061126,3679.162374,3.34395135221937,"0",1394,4.430895,7.976792
"1354",1.70992961818971,-1.499434781,2.9951274686964,5.28132960310275,1235.212864,149.8143065,3541.405531,3.3704766361993,"0",1395,4.103517,7.84985
"1355",1.96933336312946,-0.24466316,4.20553868659903,6.28760221057841,1173.395374,95.18140845,3217.630857,3.41785086311589,"0",1396,3.58764,7.82843
"1356",1.90397268918246,-0.008655555,1.31990227439051,6.7962871935891,1116.27352,66.56208683,3095.635552,3.42299506815719,"0",1397,3.342994,8.050122
"1357",1.80811624383826,0.502648942,3.68761202601616,6.71034832475095,1087.103886,34.61933781,3251.753298,3.40021105440131,"0",1398,3.017661,7.947632
"1358",2.0030233066728,-0.34721591,3.13524097517076,5.22308486111294,1208.099713,55.22917461,3194.773657,3.42682819173118,"0",1399,3.291019,7.341286
"1359",3.54973419806117,-1.048627663,1.45384115403904,9.28639638981335,119.4167781,131.4316189,3339.597604,1.45031296884465,"0",1400,3.948039,7.785664
